{"type":"FeatureCollection","features":[{"type":"Feature","id":"AK|Aleutians West","properties":{"state":"AK","county":"Aleutians West"},"geometry":{"type":"MultiPolygon","coordinates":[[[[-178.3077869998609,51.88160799980674],[-178.30947999987964,51.87105900012855],[-178.30705200009206,51.85843699987057],[-178.29764999966483,51.84522900009151],[-178.27246799981893,51.82311799981581],[-178.2560470003428,51.81201700008618],[-178.2334909997529,51.801892999969105],[-178.18907999980337,51.78908399991248],[-178.16029799965975,51.7788910001411],[-178.15166000021196,51.77375600007332],[-178.1435099997625,51.764395000096535],[-178.13204699996876,51.75785500026789],[-178.13908400035766,51.75704699983944],[-178.1644760002658,51.74688200023443],[-178.184526000352,51.73220099979893],[-178.19233899961924,51.720846999765435],[-178.19224800028098,51.70384799995454],[-178.2037189995723,51.69250800004397],[-178.20597599965566,51.679339000028214],[-178.2031970002388,51.6613239997258],[-178.19556499982318,51.64139399979943],[-178.18936799968344,51.63367299997746],[-178.1629060002707,51.621236999975416],[-178.1317740001573,51.60990700004597],[-178.09022700001347,51.60374300001653],[-178.0894110000538,51.600669000046494],[-178.0834280001743,51.59512300022185],[-178.05070799962414,51.57990900020203],[-178.0269019996046,51.57418800018838],[-178.0189959995526,51.57397500014912],[-178.0108169996891,51.57582199996791],[-178.00211499976893,51.56694399991836],[-177.9906419999295,51.56020400025754],[-177.97129200035033,51.55239199999575],[-177.92825700022715,51.54189499996878],[-177.8993539997097,51.54021800023599],[-177.87826400025614,51.54332400024269],[-177.86004399955772,51.55109199995394],[-177.84380899985445,51.55855499972711],[-177.83053199966812,51.570046000162776],[-177.82049199955645,51.584422000243364],[-177.8178689997752,51.59810999973476],[-177.8186949997806,51.61874100012148],[-177.8217159999451,51.62168599973839],[-177.82490399961588,51.63105500015476],[-177.81039399971843,51.63304699986391],[-177.78340199967792,51.647859000073694],[-177.75194900007244,51.63735499986739],[-177.75026899957422,51.627709999734435],[-177.7277129998826,51.61096399985222],[-177.699663999858,51.602312999854334],[-177.65768599971895,51.59866400017079],[-177.6467719999212,51.59904299977998],[-177.60242799991886,51.60700400024548],[-177.5811559999921,51.61326199997433],[-177.5627239995816,51.622921999837104],[-177.5564079996162,51.63056700013609],[-177.55378400001,51.6397719997717],[-177.5413830000579,51.64117199989562],[-177.5386459995755,51.6373659998824],[-177.51285700000727,51.631919999903374],[-177.48099599997283,51.63215800002121],[-177.45203300007927,51.64020100004638],[-177.41993000019545,51.6624979997585],[-177.41318599970955,51.66441299985916],[-177.4029799999165,51.67038099985949],[-177.38843400003398,51.654129000187936],[-177.37228800001915,51.64157099976519],[-177.35028399979828,51.63504100014111],[-177.33493200000186,51.63425599982358],[-177.3176290004438,51.636041999840906],[-177.30435300008241,51.63089200024451],[-177.2810969998838,51.62761200003556],[-177.2565910002555,51.62827700005036],[-177.22863699976713,51.632033000140815],[-177.19827100028303,51.64190600011452],[-177.1836540002554,51.64858300005617],[-177.16302300038615,51.65275700008215],[-177.15045000000657,51.6515370001603],[-177.12685900007216,51.65336999982231],[-177.09798900006498,51.663328000001265],[-177.079985000175,51.674230999859866],[-177.06756400013134,51.68757600015764],[-177.06439099963086,51.693009000024475],[-177.06527100006298,51.69549700022974],[-177.05972199965345,51.697365999834545],[-177.04684500039855,51.71293800012206],[-177.03409000044408,51.73273700006603],[-177.0334810001736,51.741198999889995],[-177.03635099982708,51.74628099986562],[-177.0336040001973,51.7498889999348],[-177.02762299996763,51.76704900001794],[-177.0283259999494,51.774303999947534],[-177.03165400026057,51.77956099990467],[-177.0360789998405,51.781800999992505],[-177.03443100002764,51.78447499983705],[-177.0344939997768,51.79670500022836],[-177.03739399956748,51.80441900021292],[-177.04028199966262,51.807702000237825],[-177.0244240004262,51.809585000215215],[-176.99704999989595,51.822540999845685],[-176.98850500033458,51.82798899972426],[-176.9836830001963,51.83380599993375],[-176.9830420001388,51.82576100021926],[-176.99451599980316,51.81385799992254],[-177.0014729998261,51.80270400005431],[-177.0041569997067,51.78777999993517],[-177.0014390003892,51.77371799999557],[-176.99429700041836,51.76223600010896],[-176.98053200033544,51.752478000172616],[-176.96837300023265,51.74810300005344],[-176.97021600003922,51.74368900014614],[-176.99029600026265,51.73400599976923],[-177.01266399963325,51.71453500010132],[-177.03393499973507,51.70398099991639],[-177.04543900043498,51.69070500016704],[-177.06374700009863,51.664656000190625],[-177.0657299996473,51.65539400023227],[-177.06533200016233,51.64893199972215],[-177.07271699980745,51.64240000022584],[-177.07467000011715,51.63319200008722],[-177.0743329998333,51.620906999809996],[-177.07207400010012,51.613248000273856],[-177.06876300040568,51.60969299981219],[-177.06865399972742,51.59279199984766],[-177.05885499964015,51.578464000193634],[-177.04255800001255,51.56608900008942],[-176.99802900006225,51.54546900002588],[-176.96961500016468,51.5389850001629],[-176.94278899980552,51.5370709999294],[-176.9178859996189,51.53846799998715],[-176.89399000008598,51.54682400020571],[-176.8670120002892,51.56357999997205],[-176.86214999996793,51.57040100002139],[-176.84876099962864,51.56301599998271],[-176.8297180001962,51.55878299997457],[-176.80139499963684,51.55940900023904],[-176.75677699999812,51.572649000088525],[-176.74731699984454,51.5777300001086],[-176.7344990001409,51.57417600000823],[-176.69873099966202,51.578428000239285],[-176.66296300008148,51.59410199976501],[-176.65124199964657,51.60391299972114],[-176.64651400011792,51.60264700017041],[-176.62475400029456,51.6048990001858],[-176.6015309997079,51.61171399976427],[-176.57827700005743,51.622351000169104],[-176.56094400036213,51.63637499988453],[-176.5397660001467,51.648437999989426],[-176.53326500023334,51.646425000041184],[-176.51525899979518,51.64779999998289],[-176.49307299999944,51.655742999846986],[-176.47711299975745,51.667699000176555],[-176.46551799971928,51.671491999838615],[-176.45654399981248,51.67642599978205],[-176.44793899997669,51.67417799980977],[-176.42651499971396,51.677704000171225],[-176.4031399996896,51.68390900027325],[-176.3687439997375,51.67885899980371],[-176.33895800021148,51.67873099988716],[-176.31780900030842,51.68138799997724],[-176.2551860000564,51.69537599972631],[-176.24139199966118,51.70285400013699],[-176.22997900009614,51.71131600004778],[-176.21816899997282,51.72234000011654],[-176.21134099982132,51.73314000002688],[-176.2072130003423,51.73034499975986],[-176.18972499993797,51.72424200020762],[-176.16302099977761,51.7199779998467],[-176.1332050001144,51.72162700018622],[-176.11556600009735,51.72672500020186],[-176.09060199981135,51.740908999735446],[-176.07875999990094,51.73906200016719],[-176.05834400011688,51.74470199977661],[-176.04183599970378,51.75584699987432],[-176.01870000005405,51.749289000044264],[-176.00263400040515,51.74844800006753],[-175.9647129996,51.75542500004836],[-175.94203899990765,51.7647189999163],[-175.92659800042276,51.77603400025431],[-175.9147270002,51.79261399991885],[-175.91303500000618,51.800353999884024],[-175.88198099971055,51.793912999749644],[-175.84975399997828,51.79549299992289],[-175.8271100004231,51.80544299985917],[-175.81462800028012,51.81526999997532],[-175.7986389997258,51.839083999778815],[-175.8024249997964,51.860415000256644],[-175.80593800005548,51.86646000020587],[-175.79064399998535,51.86252999994016],[-175.75255700039716,51.86382899980006],[-175.71193599981785,51.873206999751766],[-175.69496799999553,51.88179899981262],[-175.69216100009126,51.88584300014209],[-175.6724759998781,51.890238000173646],[-175.65559900029237,51.89768600012087],[-175.64802999962595,51.90352300011542],[-175.6451020002462,51.90791100021077],[-175.6388749999692,51.908956000034706],[-175.6359309997976,51.91116999998281],[-175.62825400007446,51.907514000208984],[-175.61525200024778,51.90429500011177],[-175.58537499958692,51.904898999895],[-175.55253600010934,51.90896799974138],[-175.52567899978808,51.91534700009077],[-175.51307600016958,51.92679899985076],[-175.49873100012852,51.92155100003257],[-175.4699509996347,51.92179700001007],[-175.4462390002248,51.93058800015804],[-175.43094900035263,51.927727000225076],[-175.4099820000244,51.93018400022747],[-175.39243400024398,51.93655600002049],[-175.37284100009225,51.94650699980129],[-175.34871899970523,51.96258500002962],[-175.3375930001954,51.9581500001829],[-175.30685899956694,51.95233699987894],[-175.27588299998746,51.95468199979152],[-175.25625899987364,51.96141199998771],[-175.2370930004175,51.96151899978535],[-175.20388800034374,51.95519500018317],[-175.1822509996457,51.95788899987414],[-175.16445799964288,51.95782900025646],[-175.14642100014086,51.95695300001568],[-175.10015499979093,51.949033999750284],[-175.05635999978458,51.94815899985058],[-175.04070400021448,51.95409599978472],[-175.0293209998884,51.95145600021306],[-175.00032799985757,51.95449299979939],[-174.9514999998257,51.96671699988236],[-174.93331099998778,51.97529300016265],[-174.9108199996952,51.980901999975664],[-174.87673199971462,51.98590799991382],[-174.86930299968856,51.98910199979204],[-174.8612569998945,51.980048000196426],[-174.83247599957576,51.97271000007205],[-174.80580199955264,51.97298500012589],[-174.7872140004048,51.96628000003549],[-174.74506499966319,51.955645999741165],[-174.70859400010087,51.955478999770854],[-174.7013919998556,51.95726400014917],[-174.6879330000944,51.957525000221395],[-174.64606100026054,51.96920699983109],[-174.631443000408,51.96871099998892],[-174.59428200038437,51.97841200027394],[-174.5755620000938,51.968782000233816],[-174.55065800008225,51.96136699980508],[-174.5336590002978,51.95801899978516],[-174.50848099975155,51.95762299975862],[-174.48089100020957,51.95249700019447],[-174.44249999994946,51.96387500026935],[-174.42305900013372,51.96183900018581],[-174.37856299979538,51.968524000076215],[-174.3503940001202,51.98033599983967],[-174.34099599989088,51.991093999800334],[-174.33593000025343,52.000319000032626],[-174.3233259999117,52.01016100015095],[-174.31575899979345,52.02386500027366],[-174.3139739997132,52.03622600026981],[-174.2771530003465,52.04539700007475],[-174.25032600016243,52.03931700000323],[-174.22096700043372,52.04164500021464],[-174.1945379997346,52.04682799981314],[-174.18114099989774,52.04737700016764],[-174.15098799995064,52.04321199977908],[-174.1330419997869,52.04568499984455],[-174.1242529998281,52.048554999839915],[-174.11210700014405,52.04644200014397],[-174.07661400002482,52.04896099994964],[-174.05650299983927,52.05163299988948],[-174.04986499965858,52.055238000201996],[-174.04228099982183,52.049940000033345],[-174.0263809998543,52.04720900012018],[-174.01670599961557,52.0376349998377],[-174.0113350003796,52.0373140001639],[-174.00216300010612,52.02874000000352],[-173.9706850003863,52.01422899999778],[-173.93516100030493,52.004441999887185],[-173.90089000002624,51.9992640002662],[-173.88297599964957,51.99747200010434],[-173.87936100018155,51.9987460000545],[-173.85395400020477,51.99126300009222],[-173.81522700038397,51.98980700022772],[-173.776530999627,51.99857499987734],[-173.77366299962338,52.00287900020944],[-173.76835199976355,52.00114700019345],[-173.76652200037574,52.00287900020944],[-173.75638900037765,52.00026900003616],[-173.73487499970324,51.99888200009458],[-173.71003400033922,52.00683999986976],[-173.6801890003637,52.00087600009892],[-173.64500300039114,52.00105299976898],[-173.637863999895,52.00365699993958],[-173.61741499960064,52.000948000161664],[-173.60710000002763,51.99237999989903],[-173.584913000407,51.98246300005147],[-173.55143499962347,51.97672000015743],[-173.53068300027869,51.976492000126306],[-173.51859799979576,51.971647999933936],[-173.48731800044263,51.97118400006443],[-173.44798200035143,51.97818200027437],[-173.42786500031806,51.98486700010408],[-173.3931429999527,51.97969600026973],[-173.3566749998651,51.98082599999574],[-173.34422399968423,51.983390000097266],[-173.3099230001666,51.999000999998096],[-173.3045219998951,52.00542600025462],[-173.25581500023708,52.00530500011437],[-173.24318099975812,52.00940300003993],[-173.23886699960792,52.0086750001696],[-173.2371689995663,51.98833799979411],[-173.22487100044467,51.9746049999327],[-173.20356799965745,51.960323999865864],[-173.17606599997904,51.94887700025684],[-173.16670299990983,51.9467059997953],[-173.1512609997017,51.947140999990914],[-173.12925900002898,51.95050699988685],[-173.10322900043633,51.95947199976052],[-173.0851629997237,51.97493100004114],[-173.07811500036252,51.99345500022938],[-173.07768799966695,52.007973999987115],[-173.08027100016355,52.0185799997517],[-173.06999900024826,52.025987000180905],[-173.0645059999152,52.0239349999415],[-173.04875900010853,52.02241699977118],[-173.0345069999539,52.02557600020135],[-173.0216289999758,52.02445499980887],[-173.00875000017274,52.02566900006342],[-173.00327199990832,52.02798300000932],[-172.9760349996455,52.02027500017148],[-172.94975999983043,52.0191469997652],[-172.9230580002182,52.02416000018501],[-172.90258200015964,52.03196500001531],[-172.8846989997451,52.043349000124095],[-172.87652200042982,52.05594499976476],[-172.8668780001532,52.05640299996317],[-172.851985999766,52.062676000020986],[-172.8392309998115,52.07156400021099],[-172.82577399970015,52.090089000252135],[-172.82025100012822,52.10027400003978],[-172.81991600039242,52.10497400020494],[-172.82202199996476,52.112290999819706],[-172.82879800023773,52.123437000264076],[-172.84250100039637,52.13635399984938],[-172.86664100032675,52.14893299976561],[-172.89487000027637,52.155502000176725],[-172.92517300001128,52.155211000013615],[-172.94131499982822,52.148916000254815],[-172.94368099969148,52.1465849999394],[-172.9743039999919,52.14964000003376],[-173.04528600003243,52.152758000265486],[-173.12371299999248,52.160452999802665],[-173.15151199977186,52.161588999774025],[-173.17781699972406,52.16180899981843],[-173.2240660003556,52.155674000219506],[-173.2571550000784,52.1613470002325],[-173.28315600025704,52.161263000043014],[-173.30976800035594,52.15499799991574],[-173.34297300042965,52.1665250002409],[-173.38163800032615,52.16928499999235],[-173.4051360003741,52.16678099996605],[-173.4145660003905,52.169710000181844],[-173.4407640002126,52.168764000228705],[-173.44508400021056,52.17270700019245],[-173.45570400028038,52.191680000162776],[-173.47898999971795,52.207105000229994],[-173.50630300014882,52.213137999791336],[-173.5408489998888,52.20911599991793],[-173.56514100015514,52.20366100003508],[-173.57087899981224,52.20700099990077],[-173.5873279997758,52.212219999814316],[-173.6016719999919,52.212531999750865],[-173.63856799970168,52.20606899974167],[-173.709491000191,52.18667300013293],[-173.732103999784,52.18325399986183],[-173.785069000414,52.185550000213205],[-173.84059699965252,52.20132500027385],[-173.8718169996295,52.2028950001527],[-173.89858199988925,52.19901000023747],[-173.9363920003663,52.18455900006568],[-173.95693100017405,52.18442800023139],[-173.9813149996036,52.18082600022076],[-173.99047199980848,52.183142999872686],[-173.98686900003597,52.18751699988125],[-173.98409300009385,52.195719000015444],[-173.9826739997115,52.20804299985429],[-173.98049299979613,52.211617999957284],[-173.97329100044914,52.21560999996425],[-173.96465499975287,52.22395600017685],[-173.9555929999825,52.239963999799286],[-173.9482069996142,52.24452600002293],[-173.92178100018646,52.26783499985408],[-173.9046319997159,52.29366099987578],[-173.9023739998076,52.30036099983685],[-173.90283400011515,52.31922799993403],[-173.9083280002731,52.332289999992874],[-173.92178500038443,52.34744799983359],[-173.9185230001955,52.354330999856316],[-173.9181569995993,52.36290700000542],[-173.92292000018634,52.37806700012257],[-173.94022600011743,52.39625599987935],[-173.96424399984912,52.4072330000784],[-173.98594299957313,52.4121160001717],[-173.98722499968812,52.418623999858845],[-173.9954039995516,52.424315999879816],[-174.03086700043195,52.43938299994662],[-174.05552600022105,52.44381499984156],[-174.06539499973027,52.44264699979943],[-174.0657489997326,52.445654000063996],[-174.07899499995673,52.453596000110075],[-174.11058200035478,52.46832099994064],[-174.13276899997547,52.47227200001268],[-174.15785499956186,52.47301999981372],[-174.1864190001456,52.47166099977816],[-174.20793399974656,52.467127999807474],[-174.22291800019534,52.46157400001531],[-174.23805499990664,52.458354000061654],[-174.24499799968584,52.45484300005325],[-174.25505299986617,52.45769699975666],[-174.26619299961968,52.4582920002027],[-174.31273299960606,52.45671199985124],[-174.32884699983384,52.45069900000006],[-174.35213099962155,52.43171600026568],[-174.35573199974422,52.42646699994862],[-174.37581299979254,52.42177400022592],[-174.39076700010403,52.409910000095344],[-174.4063909998871,52.390790000168835],[-174.41069800036456,52.37643700007276],[-174.46883199966592,52.37294200000308],[-174.49471200036902,52.366951000239354],[-174.5131439998812,52.357466999864194],[-174.52486299976798,52.348166000246444],[-174.53688600032663,52.328863000023084],[-174.5376489996846,52.31703599984393],[-174.51780899966064,52.28449700024867],[-174.50578299962723,52.27315900007244],[-174.49439500017658,52.26532999975268],[-174.50444100013613,52.267369000041995],[-174.5245830002838,52.26762700024826],[-174.5534840002531,52.259493000133745],[-174.5754270003746,52.24256900022336],[-174.58899800028874,52.22872500014098],[-174.60316800042762,52.23258099998833],[-174.61775600014292,52.23337399987987],[-174.6424459998942,52.23139700002031],[-174.6685089999971,52.22520099978739],[-174.6961279998514,52.20935999984866],[-174.71855800004462,52.19012500018872],[-174.73155800022147,52.17144699988212],[-174.75981899995816,52.16714999993136],[-174.77410100025003,52.15859800011569],[-174.79470399963188,52.150214999943245],[-174.79662500015456,52.153469999996155],[-174.82711399966234,52.15981599993571],[-174.8498510000022,52.155427999787165],[-174.85372599976122,52.16215799979192],[-174.86608700042873,52.16563700017937],[-174.8966980001352,52.166246000232064],[-174.92523300040665,52.1639100002296],[-174.96454199983538,52.15432699984584],[-174.9932140003741,52.136408000078966],[-175.02689099955268,52.13842399985211],[-175.05942500033,52.136614000169885],[-175.08393000013334,52.12567999985943],[-175.10236300036877,52.10861900011651],[-175.11624999975214,52.109969000159836],[-175.15513099955868,52.10945599986052],[-175.19309699967135,52.10435799977768],[-175.22108200012187,52.09657500024734],[-175.23162400037393,52.090196000063614],[-175.2731470002283,52.092146999985516],[-175.29661699978888,52.088820000232694],[-175.31288300035263,52.081311999988856],[-175.321275999578,52.080066999973326],[-175.32667699984955,52.07583300020653],[-175.34102199989061,52.077502999987836],[-175.36445999966412,52.072046999787524],[-175.38432800017543,52.063294999968576],[-175.4018140000316,52.04971999984697],[-175.41242999990348,52.03598599980845],[-175.44121399969694,52.04312599987625],[-175.47035999988861,52.04283499996082],[-175.4937669997,52.036837999980094],[-175.51769400009334,52.02838200014821],[-175.54913500000325,52.00987899978291],[-175.55999199989955,52.01376099982376],[-175.5723219997066,52.01453200003383],[-175.59887400042933,52.012532000095355],[-175.61147899969768,52.01821499985932],[-175.63607700028575,52.017512000231015],[-175.64767599962363,52.022151000156555],[-175.6705970000865,52.02120400025267],[-175.67758500007156,52.019303000198924],[-175.68643599995468,52.02329300000386],[-175.71320299986425,52.02629799988351],[-175.73932799989146,52.021299999826375],[-175.77824200020828,52.04012099972898],[-175.79533399987918,52.04500299997326],[-175.80645699991427,52.04366900005225],[-175.81199799992785,52.04794800014243],[-175.82155299961767,52.071333000030954],[-175.8302830000253,52.08539399981866],[-175.85366200024754,52.096526000202005],[-175.89519900034566,52.096928999831775],[-175.92776900020968,52.09106799977274],[-175.927610000201,52.094943999934635],[-175.9300820003695,52.09958299996861],[-175.93533200013,52.104916000233786],[-175.95398200010038,52.11623799980635],[-175.96686099990345,52.121418000191944],[-175.96719700036238,52.12673699993449],[-175.97708500013817,52.141285999969924],[-175.99191800007586,52.14967099992971],[-176.02774400028102,52.16017499995244],[-176.03988900014014,52.16220299981513],[-176.0805950002099,52.159043000079656],[-176.093137999554,52.164550000228495],[-176.11614500023057,52.16521299974696],[-176.14837500033596,52.17146500010633],[-176.16912900022888,52.16957700014675],[-176.2076779997744,52.15694900000032],[-176.2244339998846,52.153125999851206],[-176.27824100041357,52.103542999741066],[-176.2853809998363,52.09408300018923],[-176.29313000042777,52.065426999765094],[-176.29141999979225,52.05335699974844],[-176.28107400025715,52.04336299993409],[-176.27991199979272,52.023404999967745],[-176.27276999982186,52.01033600020144],[-176.26747499985558,52.00544100013496],[-176.2688630002758,52.00311200016675],[-176.26846599971742,51.99899199988165],[-176.26553499996461,51.98731899973545],[-176.2544539997623,51.97240400024993],[-176.24712799966846,51.96533199978124],[-176.25295599973722,51.957983999888796],[-176.25197900011904,51.94832499997745],[-176.242863999747,51.92674199988933],[-176.26931000016455,51.91896599989583],[-176.30196600024226,51.92243699984706],[-176.32598399997394,51.92237399988625],[-176.33989999966957,51.91626199997466],[-176.36565899999889,51.91842700002224],[-176.4291369996703,51.9153500000064],[-176.4527710001607,51.907931000000765],[-176.44784699991516,51.921185000111635],[-176.44894699955702,51.933308000147946],[-176.45282399986417,51.94401199987193],[-176.4729080002855,51.9635650002452],[-176.46955400003512,51.981220999962844],[-176.4750189998807,52.002850000250916],[-176.48149100038006,52.01819199978755],[-176.48847900036512,52.02604200024131],[-176.51005800043853,52.03936199980497],[-176.54118800000376,52.0508799998277],[-176.58443400001414,52.056294000225925],[-176.60127999963774,52.056560000014194],[-176.66191600014312,52.040092000145584],[-176.68187099979474,52.02857200009482],[-176.69056699986717,52.020461000188334],[-176.69148699958393,52.01771800019455],[-176.738625999795,52.02080400017954],[-176.7587960004301,52.01801999974138],[-176.80246900023772,52.01666799976148],[-176.82700599982815,52.00912899988511],[-176.8478190001706,51.99551700007475],[-176.8755300000864,51.95967400006878],[-176.88480699994184,51.94091999989108],[-176.89741100028357,51.907013000019916],[-176.91019899985005,51.889632999911875],[-176.91886599961012,51.88213200007703],[-176.9387030001593,51.882748999892385],[-176.9548170003871,51.87472999996192],[-176.97098500014326,51.86110699993685],[-176.97523399999608,51.876132999861845],[-176.97053400005655,51.88162600006549],[-176.9672380004307,51.889462000177886],[-176.96760499995355,51.91581500002104],[-176.9700479998097,51.92450499988795],[-176.98368999986897,51.94026700019554],[-177.00419100004189,51.950609000067246],[-177.01689599976766,51.96503199977677],[-177.03987800032988,51.9748809999137],[-177.0749749997157,51.98356199992284],[-177.07970499979248,51.98595000017641],[-177.0964619997276,51.99014600008012],[-177.1197170001013,51.9926629999943],[-177.14890099992783,51.99840500011785],[-177.1680599997113,51.999511999892114],[-177.18624900044756,51.99751300004567],[-177.20620900012204,51.99311000003877],[-177.22952399987193,51.98371700020025],[-177.2489329999006,51.97346900008365],[-177.26745800019754,51.95962800007862],[-177.27560500027394,51.943307999778135],[-177.28436099972254,51.91314800025587],[-177.28530499972874,51.89153299981052],[-177.28155100034354,51.87502199993898],[-177.28289200000978,51.86307300023311],[-177.28933099999884,51.86218799998369],[-177.29830300025577,51.85620700022054],[-177.3088940000133,51.836793000051266],[-177.32448500018435,51.83208800001078],[-177.34163700012968,51.8322470001411],[-177.3469470001646,51.83548200018146],[-177.36373300041203,51.838037999945875],[-177.38698799988742,51.838959999997385],[-177.40621500034126,51.836235000204645],[-177.42364099992295,51.828657999823946],[-177.43502400024906,51.820715000005954],[-177.4449410003371,51.81197099979904],[-177.44569700002236,51.80948599981121],[-177.46795200031337,51.80881899997145],[-177.48870500038134,51.80487399998291],[-177.50692400035652,51.79785400005472],[-177.515315999757,51.79196999999168],[-177.52569200032772,51.79156500003478],[-177.54205099987956,51.788267999970465],[-177.5484599997314,51.79263200022988],[-177.5643019999726,51.79597999980978],[-177.55386299965275,51.80054400000745],[-177.53827099965676,51.82093199972871],[-177.5385760001536,51.82824900013186],[-177.54200499984879,51.833183000023936],[-177.5359220004102,51.83655800015694],[-177.53308500036871,51.84234900002719],[-177.532261999838,51.85509900023048],[-177.53485799985512,51.865947999883275],[-177.53836799974113,51.87312700026566],[-177.5575349999205,51.89188000012436],[-177.56775999998013,51.897243999874696],[-177.57706799979775,51.90118699976753],[-177.58744400036844,51.903178000223484],[-177.61491199971167,51.90499999975254],[-177.637709000326,51.90095400004469],[-177.66166699978317,51.902219999888196],[-177.67359999993022,51.899045000246836],[-177.7039350003505,51.89716699994142],[-177.72783099988337,51.89195399987819],[-177.73542999978872,51.88840699999971],[-177.75935800000698,51.89479099986129],[-177.77342799968844,51.895707000092436],[-177.79979700011313,51.8941189999259],[-177.8119260000787,51.890772000026864],[-177.81688799995908,51.89466700000241],[-177.82680699969697,51.896413999858765],[-177.834499000387,51.91406900007005],[-177.8467079998202,51.92248399976022],[-177.86553299969282,51.92577200007129],[-177.86578399976298,51.928548999987825],[-177.87066799982554,51.93576699973157],[-177.8899270000664,51.952574999823],[-177.91324699983915,51.964363000234194],[-177.92795699975318,51.968512999764066],[-177.9470029995587,51.971312000126645],[-177.98173499996986,51.970748000083255],[-177.99592699985,51.96837400021563],[-178.00225000038645,51.965671000020905],[-178.0074340000247,51.969778000254],[-178.03243099992264,51.97265399976166],[-178.05034799977403,51.97048700007149],[-178.06495800012897,51.964771000237185],[-178.07219999965892,51.97001399994864],[-178.08688199998386,51.97543899985477],[-178.10724000004163,51.97650699974171],[-178.15778200000864,51.9689830000287],[-178.19620900025376,51.96047499980332],[-178.22843900035915,51.956871999790536],[-178.2436990000941,51.95199700021943],[-178.25840999983302,51.94212999982643],[-178.2749809999953,51.92388699999302],[-178.2988470002893,51.90370500024871],[-178.3077869998609,51.88160799980674]]],[[[179.38874200012646,51.9419170000245],[179.38969000033055,51.92378899985738],[179.40549900006155,51.909507999849275],[179.42353700028676,51.885805000256575],[179.4428869998659,51.87588099973212],[179.45680299956157,51.85988899986051],[179.4846060004372,51.848026999873994],[179.50856300006944,51.84376399987422],[179.5232710003337,51.83910199985299],[179.54600600012543,51.835013999919184],[179.54836899961566,51.83606599993528],[179.5748739995844,51.826821000227724],[179.6232120000698,51.81898799975014],[179.67167199985568,51.82566400023611],[179.71747600024824,51.84095499988318],[179.7268440003403,51.84640300017626],[179.7352580003804,51.85497200010876],[179.7572369995886,51.85479499987423],[179.78506999970318,51.86263899972378],[179.82501699971468,51.8920209997675],[179.83572700019624,51.91015600027484],[179.83585600006762,51.917474000230804],[179.85101600024345,51.935882999871154],[179.85968100035376,51.96036599976024],[179.85705500019944,51.977608999841],[179.84707500036217,51.99247099998986],[179.81920999956228,52.01000200023843],[179.79027799963086,52.01837000015472],[179.78878200015393,52.025565000080086],[179.78219000000394,52.03343099997409],[179.7710200001132,52.040830000038866],[179.75344100037057,52.04714800024594],[179.73137699987532,52.05229500016138],[179.71844700001864,52.053369999896475],[179.7040340002055,52.06370000018251],[179.6790399997823,52.07531100013942],[179.65838100032394,52.07827000007378],[179.5858140002197,52.06925599992638],[179.5693660000811,52.068920000274666],[179.54086500014483,52.06416599995791],[179.5209079999451,52.05416300011686],[179.50830600015152,52.039712000093445],[179.4858600000648,52.03385899991185],[179.45032299956463,52.03131900015827],[179.429602000182,52.023583000044034],[179.40872899956508,52.00535500001546],[179.40137599970706,51.973083000175855],[179.40456199972803,51.968358000009],[179.38874200012646,51.9419170000245]]],[[[178.53181300035988,51.64969200020419],[178.5306240001313,51.624728000156075],[178.55177300003436,51.59985500002174],[178.5632090000639,51.5998299999059],[178.57692100044338,51.58723600008733],[178.59349300043058,51.578248999872194],[178.62456000024662,51.569040000020614],[178.64122299957214,51.555834000175196],[178.66722499957567,51.54274300008813],[178.7079969997677,51.537393999728465],[178.74074200043222,51.523540000226575],[178.7620119998108,51.5075800000543],[178.79024099976053,51.492457999934864],[178.82353500042097,51.48759200023527],[178.85756300012716,51.491773999877935],[178.86201100017163,51.49413400007537],[178.87266899987628,51.48969800002803],[178.8929330002227,51.49030100011362],[178.89601200011356,51.49253500021687],[178.91674000006716,51.47737700020543],[178.94541900027863,51.46063200013672],[178.9502239998002,51.44505599980703],[178.9693619996672,51.42877300023725],[178.99570199977953,51.422042999805086],[179.03273399993174,51.3994300000088],[179.10194000011285,51.36609499974418],[179.122027000009,51.35319999992839],[179.12999300033545,51.33340099995527],[179.15065500016686,51.31634399987819],[179.1810530003363,51.305449999933586],[179.2181959999183,51.294984999941455],[179.25552000014852,51.29367499990819],[179.28207000032316,51.29981699976985],[179.2967800002372,51.306699999739735],[179.29807999989555,51.31101900023058],[179.30929199961906,51.30628899997518],[179.33822299972562,51.305052999853174],[179.3582429996746,51.3059160000813],[179.3569809996511,51.31072100024202],[179.37167100037198,51.30703899978007],[179.40307499957362,51.30684899983565],[179.4523339996007,51.313159999775614],[179.45938600005815,51.316026000144866],[179.4796169998943,51.31144599984251],[179.51087000038152,51.30826499999629],[179.5436779998969,51.31914699974995],[179.56800000030051,51.33937399985622],[179.5784060001101,51.35434400001043],[179.576908000085,51.37681400002803],[179.55319300030212,51.40000799993801],[179.53536900033708,51.40652300000226],[179.5225189999481,51.41914899990736],[179.49248800019973,51.42961599987349],[179.47765500026205,51.431080999965175],[179.45214000033027,51.450679999886304],[179.42522100008463,51.46281700006067],[179.39674600008772,51.46555500024329],[179.3710799996448,51.465186999964175],[179.35556899983976,51.458126999825495],[179.33189300041482,51.46677200020273],[179.30464000025842,51.47050000006914],[179.2870670003636,51.46982300004305],[179.27467100043432,51.47874699975275],[179.26456699985025,51.492303000055095],[179.2479039996264,51.503091000258046],[179.22681499999783,51.512934000273255],[179.19742600013186,51.51813000025781],[179.18716099988924,51.51692199989014],[179.17032500031144,51.52302799976856],[179.1505480000367,51.53729600006108],[179.11648299962238,51.569167999862735],[179.09474899973821,51.57602999976164],[179.08744299973586,51.58353299997133],[179.08885500044553,51.606199999953745],[179.07792599968084,51.62111000010961],[179.06061999974975,51.63250999992573],[179.04016899980556,51.640035000233034],[179.0151710000827,51.6455750002286],[178.99951299996448,51.642478000162235],[178.98416399964276,51.64730800014696],[178.9724270002127,51.64644200010901],[178.9530399999253,51.656719999896765],[178.92206699982057,51.668627999801764],[178.89347399982282,51.67443300000771],[178.86567400021855,51.67561400014817],[178.84119600017937,51.68088600023693],[178.82703299971317,51.6869970001371],[178.81006400006595,51.686898000243495],[178.79275700030993,51.69272800003035],[178.7699270000836,51.69780899990265],[178.73701900011082,51.69493800002152],[178.69878400038462,51.7095660001212],[178.6431159996074,51.71535599991816],[178.6072850002777,51.71652300001266],[178.5846090000372,51.711883999829304],[178.5594919995903,51.70165199996236],[178.54673599981095,51.688069999872454],[178.54330600029084,51.68233400010146],[178.53181300035988,51.64969200020419]]],[[[178.1238320001203,51.84398399980297],[178.12093399997943,51.83251600008181],[178.12505499978582,51.81401299977822],[178.14052899978094,51.79653399992712],[178.1576809997263,51.78453299998077],[178.18481199968397,51.770189999972494],[178.1972910003522,51.76733099989584],[178.2071230000515,51.74674400009902],[178.2278459999822,51.73259099972224],[178.24988100016523,51.72447400002196],[178.27655400036346,51.72104099985304],[178.2937049995856,51.72053800017343],[178.29789599971213,51.72363100002993],[178.3074689998436,51.718821000073504],[178.3283740002475,51.71923400011699],[178.3704290003795,51.70403700025212],[178.40045900030293,51.70360899998244],[178.4331449996196,51.70904999981335],[178.46921600004714,51.71870999983908],[178.49634700000482,51.74452199977764],[178.4979930001679,51.76373399985105],[178.49277400036954,51.77688700004723],[178.4790400002488,51.789972000072424],[178.4514499998085,51.80216399988421],[178.44134799977252,51.80932099976546],[178.43115299985007,51.8269680001282],[178.40823200028555,51.84155699989833],[178.3863500002634,51.849132999815296],[178.36843400023693,51.86053899974746],[178.33217600021166,51.87085400000031],[178.2934469998427,51.87858200013776],[178.27550099967902,51.878971000208246],[178.27008000021428,51.87763999982919],[178.25206100025568,51.88332799979523],[178.22007800002245,51.88872799998286],[178.19795300032615,51.888858000196024],[178.17582899955636,51.8845909997304],[178.1555059996587,51.87531999987129],[178.1315830003616,51.85583400004187],[178.1238320001203,51.84398399980297]]],[[[178.00345299996044,52.04958799987818],[178.00040199965866,52.03332200001323],[178.00614000021406,52.02144299990347],[178.01506899991503,52.01503900006456],[178.0105670003422,52.00066599980757],[178.01630699964915,51.978699999921915],[178.0385560000923,51.96036599976024],[178.05967499985823,51.94811400020728],[178.1005700000739,51.93990399997471],[178.1428050001309,51.939325999875635],[178.19587000032007,51.948842999832166],[178.2289830003323,51.92649800023746],[178.25046799979603,51.91963100007627],[178.26054100041804,51.91015600027484],[178.28926199956396,51.90085399988342],[178.33092199968573,51.898550000239716],[178.36336400040156,51.90355600010598],[178.3710849996073,51.90684300026332],[178.38381399962248,51.891019999831784],[178.41299099977633,51.875364999866235],[178.47729700000136,51.85220800023838],[178.50209600043087,51.846941000247426],[178.53159099970372,51.84671600024284],[178.58072800043038,51.8595520001368],[178.6047150001999,51.87366099986635],[178.62568199962982,51.888440000005254],[178.64460399958674,51.90611899994972],[178.66690400008358,51.930251999982254],[178.67020700028044,51.94409400014135],[178.67130600009736,51.959879999999266],[178.66394900004136,51.98284600009656],[178.643315999624,51.99760300023038],[178.6165799996765,52.00937500015758],[178.5414369996467,52.03277099993687],[178.5124119998288,52.04343600021396],[178.4961760003006,52.04403099981972],[178.46880000012055,52.04118399978749],[178.4404160003602,52.03547599993822],[178.41441400035666,52.02715199981562],[178.40266399960942,52.02170399987445],[178.3784619997548,52.02887600009896],[178.3501370004439,52.03147000014534],[178.33548699990607,52.03057000020958],[178.26715899960894,52.0374509997988],[178.25716700007607,52.054856000048325],[178.24736899981374,52.067528999868024],[178.22557999967802,52.08037599984349],[178.21155699985223,52.08405100011264],[178.18883799995405,52.09867700018874],[178.16271600029992,52.1066500000447],[178.12197699971983,52.10741900021657],[178.10906000028197,52.10274699997387],[178.07690299997148,52.1000009997456],[178.04623399964038,52.0886019997512],[178.0205699997457,52.07186100010622],[178.00345299996044,52.04958799987818]]],[[[177.93389799979985,51.87227900006898],[177.93547100016798,51.861091999995715],[177.93904299997837,51.854920000265686],[177.94813800025895,51.84662700005885],[177.96400800008928,51.834869999927434],[177.99718399985068,51.82202900003425],[178.0448829999284,51.82149700002198],[178.06639800042774,51.827204],[178.08403700044474,51.83533699974845],[178.09795200031553,51.850689999987125],[178.10127700025365,51.86296500005031],[178.1004520000731,51.87549399997189],[178.09370699976228,51.89449999973215],[178.06898600004885,51.914481000180466],[178.03434700042249,51.922605999859215],[177.99697600033656,51.9220340002336],[177.9744099997009,51.91463199989031],[177.95478700031032,51.903522000249694],[177.9455399996937,51.8956169997568],[177.93891900012983,51.8851039999035],[177.93389799979985,51.87227900006898]]],[[[177.28016000044855,52.127579000076906],[177.28348799986145,52.11415899983448],[177.29059999969508,52.102150000205526],[177.3051899999585,52.09032399989309],[177.32136600011054,52.0804279998758],[177.33262899988773,52.07520900004808],[177.34511299968054,52.07208999981436],[177.35521499971657,52.07139599999779],[177.38680499958934,52.07519600018207],[177.4149759998127,52.08478699997763],[177.42880100017004,52.0917380002407],[177.43557700044303,52.0970110000488],[177.44302300018748,52.10525900001365],[177.44656300021077,52.11445300002182],[177.4459830002526,52.13513000024482],[177.43792400003974,52.146872999853485],[177.42577499998268,52.15720300026255],[177.40883499974947,52.16763200008046],[177.38048000030142,52.174527999773595],[177.36735600027603,52.175298999771115],[177.340528000267,52.170323000043034],[177.31540900017035,52.16097600026577],[177.28882700020867,52.14418999976165],[177.28180700043654,52.13512599993149],[177.28016000044855,52.127579000076906]]],[[[177.1119759999058,51.890541999977216],[177.1120069998679,51.879660999785855],[177.11960900014628,51.85873299979214],[177.1290099998503,51.84998100024692],[177.14247000033473,51.8421919997305],[177.16902399980896,51.829289000078006],[177.1891059996822,51.824841000199896],[177.2003209997788,51.82441000004577],[177.20171099984884,51.82214000021948],[177.21346200042098,51.81772300022298],[177.2157200003293,51.813471999921255],[177.23079900031425,51.798389000271776],[177.24233699955275,51.79053799975026],[177.2494169995993,51.789012000184556],[177.25492900019887,51.789707999778614],[177.26174800012953,51.78241200009631],[177.29861799990005,51.76289500017778],[177.30871999993605,51.759630000064085],[177.34531500024528,51.757737999942144],[177.37162299967218,51.7618579997823],[177.38258000002597,51.76624600024894],[177.40379099985336,51.77904099979945],[177.41520500014158,51.791043999784854],[177.42091100001156,51.81310199999331],[177.4203009999162,51.819008000243244],[177.41935400043525,51.82674400014125],[177.41004200041974,51.83371399994508],[177.41624000038436,51.871217000155184],[177.43354399976732,51.86500900000131],[177.45548900043696,51.861354999755086],[177.47563200040958,51.860400999800525],[177.50435199973057,51.86286700010179],[177.51925099979053,51.866918999724874],[177.52235899999368,51.86472899978353],[177.54640799968746,51.86161600026391],[177.57061100026533,51.863929000256],[177.5985959998175,51.87319999985096],[177.6046399997964,51.871085999916154],[177.63546499976314,51.87069799989082],[177.6549049997539,51.875155000244],[177.66921899983288,51.881442000161535],[177.68051199974727,51.888318000216735],[177.68726200008095,51.8954260002581],[177.69558700043262,51.89459000008769],[177.72174300042195,51.897146999793165],[177.7359650004393,51.90212800005712],[177.76260900032526,51.89502700011377],[177.79059600042564,51.89239499993739],[177.8191910000732,51.89535599975965],[177.83707600013747,51.902269000245475],[177.85144999959257,51.91195899995122],[177.86081799968463,51.9222819997846],[177.87409300022108,51.94395099988493],[177.87400000033472,51.95609800010087],[177.8574269996243,51.975172999847246],[177.84570699991258,51.98377900005041],[177.81155600018283,51.99530800012046],[177.7933959997589,51.99956499999752],[177.77053700011862,52.00145600026253],[177.74844199966114,51.99806900021036],[177.7417599999978,51.9955350000437],[177.70315700002564,52.00703500005588],[177.70830800005183,52.009855999849044],[177.72610000022976,52.03253299978084],[177.72637399986618,52.03602699983574],[177.73461399982904,52.038117999997425],[177.76043199970957,52.06116800000906],[177.76790799959127,52.076504000175795],[177.76955399975432,52.097844999844135],[177.7696149998537,52.10637500008746],[177.76460899959238,52.1209709997986],[177.74565499984834,52.141601999760496],[177.73045600021277,52.1508030000335],[177.70378100036473,52.163025999793],[177.643992999606,52.184427000020975],[177.60776499971797,52.1894380000325],[177.58670600022654,52.18950600001792],[177.5732480002903,52.187155000255956],[177.53064300033742,52.170672999879784],[177.51077599965103,52.161097000107574],[177.498080999971,52.15162799995403],[177.48767500016143,52.14008300026554],[177.4691800000017,52.12402100020514],[177.46457200012367,52.108997999777124],[177.45904799982847,52.09856099979555],[177.4606339997171,52.09463299988737],[177.4515090001976,52.093974999728964],[177.4259940002658,52.07778299997161],[177.41802799993937,52.06656000016405],[177.41424400041691,52.05318500015309],[177.41467200003908,52.04230500020274],[177.41643100018004,52.038128000164136],[177.38207600023577,52.029249000058584],[177.34829000037902,52.02838600009141],[177.32085099955142,52.021227999889014],[177.30552999971712,52.015192000021614],[177.2874310002908,52.00545600001027],[177.27201800039506,51.99398100022019],[177.2642670001537,51.98623600012671],[177.2600159997527,51.97872000026678],[177.25395099985747,51.97845399981915],[177.22459100030386,51.969800999751264],[177.20963600016742,51.96283500007574],[177.16596199963658,51.94903199983073],[177.13962300024747,51.93558800015477],[177.12134300017294,51.91787099973119],[177.1119759999058,51.890541999977216]]],[[[175.7652830000393,52.3873200002336],[175.7634820000655,52.3807430001234],[175.77450100034355,52.36555999995708],[175.7899130004145,52.34800499995981],[175.80135799976654,52.33988000016245],[175.820740000031,52.315702000160904],[175.83139199988793,52.3055770001511],[175.86246100025213,52.289578999864396],[175.89661199998196,52.28126300018775],[175.92007999989266,52.28135499974704],[175.97089300002128,52.28868800008161],[176.00992500033888,52.299553000147576],[176.01691400014886,52.30407700001419],[176.02429899979398,52.31307300005649],[176.02438599983262,52.31573700017634],[176.03739100003233,52.321266999777045],[176.05402199957078,52.33674800020619],[176.06287199962892,52.35019099977045],[176.0645179997921,52.36337600000562],[176.06048900004723,52.37224099973722],[176.0491810000642,52.385640000255435],[176.04339700037636,52.39027000000509],[176.0310370004321,52.39780800013278],[176.0049109996817,52.40950400012897],[175.97860300025468,52.416836000248125],[175.96857400001366,52.4161400000791],[175.95531699991884,52.42399199981866],[175.93181700022103,52.431377999735304],[175.91789999980222,52.43433799973837],[175.89857000031452,52.431939999944106],[175.87477699981548,52.43970900010634],[175.84190900002565,52.44028800007598],[175.8113309999311,52.43266399983253],[175.7947909997309,52.424789999899374],[175.78252299984817,52.41724399990645],[175.7747730003301,52.40766800014059],[175.7652830000393,52.3873200002336]]],[[[173.77378300017227,52.781587999789735],[173.77320400003907,52.77335599973844],[173.78870700034662,52.74971999977131],[173.80024299993522,52.74033699976998],[173.83796200017574,52.71602299978101],[173.87149899961216,52.70562499987782],[173.90146699961136,52.70281799987411],[173.9161459995632,52.69967599983174],[173.95157699975817,52.68572299978887],[174.01798400043094,52.67183800000308],[174.0571559995923,52.67168499992464],[174.07932300001977,52.66331700026086],[174.0969319998996,52.66262400002101],[174.1083150002257,52.664485999873555],[174.1467359997247,52.65598000009616],[174.16251400039187,52.65673500019506],[174.19724199970673,52.66786099999297],[174.21175400015235,52.674188999738305],[174.22400500031665,52.683416999877196],[174.2344100003014,52.69508300019137],[174.237827000301,52.7032620001056],[174.23834299978674,52.738815000056455],[174.23663399987444,52.74817600010354],[174.23272700032834,52.75729399979994],[174.22143500023884,52.7676909999531],[174.19927899968204,52.78028000010217],[174.14773300033272,52.79338499978044],[174.12862899990253,52.80121200022632],[174.1144389996722,52.80334800012303],[174.09551900026332,52.80086000018569],[174.06838900013062,52.79622100019838],[174.0501480004141,52.78908400001863],[174.03787200013545,52.79660900007862],[174.00790400013628,52.804947000033636],[173.9887389996067,52.81235499974565],[173.9805909997054,52.813971999924526],[173.96478199997446,52.81153000020564],[173.9261470002152,52.82598700008322],[173.906128999916,52.83133400009823],[173.87063800034494,52.834789999809445],[173.84476000018998,52.83151600016568],[173.81744900030722,52.82504599977685],[173.802007999924,52.81965799990435],[173.78906999967145,52.81034300018034],[173.78159399978975,52.80214900025694],[173.7760720000427,52.79175000011261],[173.77378300017227,52.781587999789735]]],[[[173.27340400002544,52.410461000021684],[173.272581000393,52.397475999858976],[173.2745029998423,52.38915899996573],[173.28057699995838,52.3775869998211],[173.289488000116,52.36805800003375],[173.30404499986915,52.35645299978948],[173.32153200044854,52.34997700016196],[173.34911899961742,52.349169999918644],[173.37954500027436,52.33813900020797],[173.43575399975333,52.33464699984059],[173.44750299977727,52.33044399974364],[173.4622729999658,52.327696999954405],[173.48158999993296,52.326667999766805],[173.53369900042034,52.33176999983822],[173.548268999694,52.32488599987891],[173.58107499955958,52.31914999997414],[173.59743300018482,52.30800399979819],[173.6243809998444,52.297812000032756],[173.638632999999,52.294250000191504],[173.67259899978092,52.292473000161536],[173.68163200013717,52.294877000162],[173.692400000345,52.30187599982421],[173.71370599970865,52.29809800012307],[173.73079599972974,52.297571999968554],[173.74770300035098,52.29996799998767],[173.7665609998355,52.30674400003952],[173.78145200039785,52.315290000094926],[173.7942690002766,52.32500999988079],[173.81407199959227,52.353347000003104],[173.81129300017543,52.363082000153774],[173.80702099985803,52.36719500016338],[173.8017409999603,52.37808899983087],[173.79816900014998,52.392456000022285],[173.79459399996657,52.43327500021878],[173.79099299984395,52.439447000023804],[173.7811960003048,52.447954000065025],[173.78058600020944,52.450783999986754],[173.79263900000706,52.45265300015615],[173.81244300004593,52.46278599991825],[173.84460500037926,52.48887199981956],[173.85491699957922,52.51385099974199],[173.85635000020534,52.52196099996846],[173.85558699994903,52.52833000023642],[173.84777399978344,52.5371849998776],[173.82564900008705,52.5460610001422],[173.804163999725,52.56097599981573],[173.77813300030752,52.56610199995017],[173.69223200011558,52.56139700010749],[173.67053599986625,52.564668000050744],[173.65671300005704,52.564109999859234],[173.6468260001062,52.56131699974686],[173.63908599973558,52.55687399974023],[173.62644200010914,52.55912600022568],[173.60825400009614,52.55987300023795],[173.55903100005406,52.54709799988876],[173.548533000183,52.54167299987936],[173.5347399996126,52.52833599979249],[173.49870099987047,52.51692200014883],[173.48393099968195,52.50770400003743],[173.48049299976586,52.502565999754104],[173.45332300034846,52.50760400009358],[173.4312899998153,52.50866399973239],[173.42158600016256,52.50728300023452],[173.41651999962681,52.503673999950266],[173.40718300039518,52.503093999814915],[173.39366299963635,52.499752000114974],[173.38441799956794,52.49499099997757],[173.37001399997567,52.482950999968054],[173.33669000007626,52.47615199992469],[173.31594000038132,52.46463800004739],[173.3040089998841,52.45468899979444],[173.3000019998806,52.45015999994398],[173.298119999716,52.4416960001147],[173.28774499986852,52.42892499994477],[173.27440999995588,52.41663299973556],[173.27340400002544,52.410461000021684]]],[[[172.34934000038825,52.92219399991733],[172.34784599966287,52.90669099988386],[172.35391999977895,52.8949939999853],[172.3625859997141,52.887020999839905],[172.40448400038557,52.86842799991223],[172.41937699969938,52.859746000041234],[172.43786900038435,52.853458999814876],[172.45044199986566,52.85244499999447],[172.47907900024427,52.85523400025696],[172.58731199982182,52.80914300020955],[172.6101389996751,52.798225999867206],[172.6395900003636,52.77977899992768],[172.68014999994523,52.748620999837996],[172.69281500038636,52.741747999889576],[172.7160709996866,52.73241000001687],[172.7369450001284,52.727887000008636],[172.7601689996417,52.727414000213074],[172.78769499960956,52.72708699978502],[172.8143839997014,52.73084299988845],[172.8356089997725,52.70996700012524],[172.85733900035692,52.69574699989206],[172.86762399979273,52.690246000113795],[172.88297399993934,52.684761000096735],[172.90146800027415,52.68160299993011],[172.92090800026497,52.683069000080856],[172.94308700038798,52.68884699975607],[172.9692149998899,52.699496999927895],[172.99292499964997,52.71145199992305],[173.03601500002472,52.72846000026867],[173.04416200010112,52.7381800000355],[173.04578099960173,52.74884999973006],[173.04922799973858,52.745635000052424],[173.062716999637,52.740317000201976],[173.10330600042926,52.72979000027103],[173.13275600039455,52.730217999802484],[173.18249800029537,52.738413999842564],[173.20962800042818,52.739651000045995],[173.26770400000316,52.71996899999167],[173.2874200001785,52.70672399979332],[173.3063410003105,52.698858999840716],[173.33023600001857,52.69283299990899],[173.3460749998867,52.69323800020936],[173.36197300020447,52.69575600027041],[173.3985319996303,52.7104739999553],[173.41433799988656,52.72815199988278],[173.4205939995775,52.7441129999134],[173.4216899999197,52.755610999944984],[173.40572800002784,52.77147099982138],[173.40337600040826,52.77756200014914],[173.4482690004066,52.781238999995026],[173.46874600029005,52.7749909999413],[173.50439099984695,52.7727950001419],[173.526056999959,52.774481999780456],[173.55135400033092,52.784882000220556],[173.56938800035817,52.79896699999048],[173.5778709999953,52.808992000174335],[173.58064699993741,52.815484999918546],[173.57707599995194,52.83035400023805],[173.5676149999735,52.84186700010341],[173.5375239999507,52.8667910001697],[173.5161619996122,52.87397699998857],[173.51253000042576,52.88106499995881],[173.50254999969022,52.891547000234134],[173.48954899968842,52.90011499983268],[173.47407600041643,52.907620999733815],[173.43165399986339,52.91749199973732],[173.41804399959113,52.916042000166755],[173.4088589997972,52.91236399996234],[173.4003629997413,52.90676199996521],[173.39259300013174,52.907449999831556],[173.390639999822,52.909129000047606],[173.38837900043902,52.92553199990241],[173.38383099993715,52.94114899977556],[173.3714090000686,52.96034499981414],[173.32193800032937,52.99212100001063],[173.27890800022908,53.00171799992555],[173.24988599988598,53.00228900021229],[173.2383560001451,52.9997599999518],[173.2291629999552,53.01216099990625],[173.21588800031708,53.02035500022548],[173.17868600028555,53.032835000107426],[173.13220800022344,53.04395800023932],[173.10221000008707,53.04587199974593],[173.06183600027828,53.04179599990535],[173.01871599976633,53.04746299988132],[172.99430200019955,53.047539999837504],[172.98182000005656,53.04689000023524],[172.9630219999481,53.04256400005796],[172.9541579996462,53.038950999829794],[172.91300499968767,53.05075599977782],[172.88834699972344,53.05412900020985],[172.85984499996232,53.05374600009967],[172.83658999958857,53.05102900018455],[172.8082700003006,53.056528999782515],[172.7879449998548,53.06299799986865],[172.76362300034958,53.065255999761405],[172.73441799970834,53.063645000194576],[172.68278500032037,53.05493099988896],[172.6231539999205,53.05315199987169],[172.58616799979907,53.04386599991745],[172.56227499974088,53.03062799999534],[172.5277299998258,53.0233179997918],[172.506642999847,53.01252099992192],[172.49574900014076,53.004426000195465],[172.48381799964363,52.998916999923004],[172.46584399989084,52.993820000230144],[172.44533799969506,52.98403999986359],[172.4277759996709,52.97153599978353],[172.41659400008453,52.972045000001515],[172.399596000125,52.968772000221165],[172.3764050002237,52.95961699997135],[172.36581600011598,52.95174200018098],[172.35388600034207,52.93580400018179],[172.34934000038825,52.92219399991733]]],[[[-168.13502200039662,53.951463999873184],[-168.1350209996734,53.93762399986412],[-168.13248699958058,53.92742299998127],[-168.1288539996709,53.91949600018014],[-168.11636999987806,53.90551200023708],[-168.10461900020425,53.89613500015267],[-168.08304000013084,53.88295899986528],[-168.0553269996669,53.87633800013933],[-168.0350310004317,53.874225999972914],[-168.02294400029893,53.87492000011299],[-168.0019460000086,53.879235000148164],[-167.98406199976915,53.8864959998956],[-167.96318700040075,53.90133599990529],[-167.9561070003542,53.91272699973982],[-167.9534529997125,53.92115800005664],[-167.95344500021486,53.936537999979876],[-167.95903899993195,53.9637000001391],[-167.9699970001106,53.97738799978565],[-167.97747499964208,53.98306400012639],[-167.9935899996948,53.99041900020195],[-167.99764899957682,53.99068600003803],[-168.0022489999573,53.98804099995828],[-168.02258500027372,53.99411799998573],[-168.04916899988527,53.99495599975081],[-168.08295599956696,53.9924369998593],[-168.11097299980452,53.98156400020129],[-168.1298029997,53.962663999911086],[-168.13502200039662,53.951463999873184]]],[[[-169.3263180003601,52.76537600000562],[-169.3265919999965,52.75354200011901],[-169.31966099991283,52.73954099976125],[-169.31072399981602,52.73284699973971],[-169.29145600025262,52.722648000268045],[-169.2676169997228,52.71627899996914],[-169.2280580000488,52.71461000020472],[-169.16200799975144,52.73268199983379],[-169.14073300034994,52.74101499998244],[-169.1375899999867,52.744753999821505],[-169.09449299993926,52.76399300002687],[-169.08170500037284,52.77122699977505],[-169.07938499964195,52.77796599992329],[-169.06607700039186,52.77602000025048],[-169.03006100021585,52.77940200004668],[-169.00622199968603,52.785561000200694],[-168.98107400017537,52.8016089998374],[-168.97765600035078,52.805631000075294],[-168.9513759996146,52.80750099973143],[-168.91520800000097,52.820971000034184],[-168.90358000035084,52.82720599974082],[-168.8751639999051,52.83061900001072],[-168.84946400002536,52.84092100013657],[-168.8362799997255,52.84904800001794],[-168.8270499997257,52.85838999997604],[-168.81982800028723,52.8557559997688],[-168.76922000019795,52.85267600015125],[-168.74300200028438,52.85473099983188],[-168.68998599960074,52.87574000006019],[-168.6764959998774,52.88641599979401],[-168.67326100035098,52.891918000092936],[-168.67582600040592,52.8947640000656],[-168.6482939996919,52.89868700002906],[-168.6292489997113,52.90515100013941],[-168.60968499987192,52.91572900025281],[-168.6024819998017,52.92341300005131],[-168.60441900021792,52.93541399998034],[-168.59201300024293,52.93744599977949],[-168.5851769996955,52.9464960001458],[-168.57602100021384,52.947091000247674],[-168.5646970003373,52.95146499992082],[-168.55711400032553,52.95822000005099],[-168.54479700003893,52.94671200003735],[-168.52202700008715,52.93373300015215],[-168.47627299992322,52.91948300026187],[-168.4552129997086,52.923404999858455],[-168.43091700014259,52.921842000160076],[-168.402683999995,52.92925299986474],[-168.37643500011927,52.94146299987682],[-168.37308400024185,52.94702799986011],[-168.36889599959005,52.945355000204664],[-168.3535739999308,52.948171000046415],[-168.33715500010453,52.95692499981573],[-168.32534199960813,52.966540000230665],[-168.31844499985965,52.97488799984478],[-168.31484399973698,52.982145999962356],[-168.31258599982874,52.98895100005569],[-168.3192709998651,53.00924099979699],[-168.32516199968305,53.01726699981471],[-168.3380739999964,53.02930699997956],[-168.34088199972555,53.030046999763],[-168.32949799957453,53.03726599987324],[-168.32351499969508,53.04341699994948],[-168.32049400042888,53.050070999939656],[-168.3221740000288,53.06864300005101],[-168.3339869996269,53.08318699991837],[-168.32000800018204,53.08590400007981],[-168.3108509999772,53.09000200008378],[-168.30248899981558,53.09614599996303],[-168.29150100039803,53.10525000013473],[-168.28158199976184,53.11828399973272],[-168.28167399982337,53.1214129999378],[-168.27709600008254,53.1219770001868],[-168.2724260002802,53.1255030001783],[-168.25771299999315,53.14189500013141],[-168.25124300004194,53.13869100010553],[-168.23262499985853,53.13877499978428],[-168.21632499985793,53.14137000012547],[-168.19615000009827,53.14685800003246],[-168.16990100022255,53.158594999813474],[-168.1552199997225,53.177244000005565],[-168.15106999960383,53.19051399996411],[-168.15695999959692,53.20430999980857],[-168.13681599979938,53.21383299975669],[-168.13215799969262,53.21928200012268],[-168.0820300000024,53.22637099978423],[-168.06893699993913,53.22969899978446],[-168.05947599996063,53.23291200012714],[-168.04404899982114,53.24418699995685],[-168.026270000062,53.22613699990783],[-168.01051999988226,53.22026900001252],[-167.94756199989453,53.211911000199045],[-167.87079399961803,53.2059329998775],[-167.82921300003727,53.19198100026016],[-167.76844000016285,53.18201499999408],[-167.66927799967817,53.17204999990637],[-167.59251100012486,53.17404599984687],[-167.52214099982953,53.18600900014574],[-167.4485760001907,53.21391899987829],[-167.40639600038529,53.24979900011746],[-167.40418199995963,53.25800199988114],[-167.3968090000101,53.256761999873945],[-167.3863720002384,53.26094399976401],[-167.37211900025883,53.26881800007415],[-167.3643810004363,53.27650500015784],[-167.3619870000856,53.27430499982479],[-167.35390000028366,53.27320600015643],[-167.3281739995663,53.27158900008162],[-167.28737200013538,53.275953999892664],[-167.25514500040302,53.28732999992044],[-167.24656999980613,53.295547999972484],[-167.23814599972025,53.299158000251104],[-167.22572499967663,53.31083300001404],[-167.21910300028776,53.321277999964245],[-167.21987900006448,53.325512000031445],[-167.10675800022645,53.36699100026777],[-167.0907350002352,53.36713600019864],[-167.0724860001228,53.37273699974588],[-167.05502899968064,53.372418000026556],[-167.0431270003941,53.37633299983772],[-167.03625900005966,53.38175799980839],[-167.03217000004037,53.379119000265305],[-167.0160859999498,53.375785000016386],[-166.98956500008754,53.37324600025443],[-166.95593499986634,53.37526099974161],[-166.93451200032683,53.381494999854404],[-166.9273639996099,53.38513399985933],[-166.91293499990326,53.381473000243076],[-166.8829040001549,53.37756799981806],[-166.85812499981685,53.3787060002305],[-166.82010099997783,53.38481100009986],[-166.8152489997023,53.382383999799615],[-166.80353099964046,53.38155400014437],[-166.7886690002888,53.38388800017157],[-166.76770500033362,53.39055700005942],[-166.76026700008677,53.39473899989456],[-166.74121600025833,53.391717000167965],[-166.72479900008184,53.39420399983346],[-166.70178999975542,53.40203300023014],[-166.58921700008847,53.45715899973744],[-166.5807939998275,53.46504799983507],[-166.57994000023297,53.46879400023193],[-166.5811760003172,53.472543999927176],[-166.54213099958082,53.482384000247215],[-166.52229399992999,53.49328800009044],[-166.4984920001084,53.51285799989752],[-166.37865500027183,53.60214100018473],[-166.3604680000837,53.60558199993295],[-166.34444699974233,53.61462300009092],[-166.33013500021156,53.61469299975247],[-166.319973999726,53.61696599980677],[-166.2955910001214,53.62625299984164],[-166.28305000042718,53.626945000190375],[-166.27160699982662,53.62966100022264],[-166.26330800031255,53.633941999918854],[-166.2211059998675,53.645326000197706],[-166.21012000009975,53.654642000196375],[-166.17493800032514,53.65977800015824],[-166.1484509998997,53.67190199992762],[-166.13108899989209,53.68306500023022],[-166.12474199996456,53.69100799977921],[-166.10737999995692,53.694698999839574],[-166.09862299978514,53.69965099997257],[-166.08919399959373,53.70982800016769],[-166.08151600004567,53.72545800024454],[-166.06408299989292,53.732426999794136],[-166.05331200021033,53.73916299987861],[-166.0462339998136,53.74583900021461],[-166.03579799986676,53.74677799983051],[-166.02795499956397,53.752590000173825],[-166.0021269996377,53.75705700024261],[-165.9763599998108,53.77106100006999],[-165.93033700003343,53.8188690001615],[-165.922670000356,53.84595699993319],[-165.93801399975655,53.8842050000432],[-165.95591600043764,53.90173800020265],[-165.96108599983216,53.91624300006592],[-166.15214200043403,53.932303999944004],[-166.22564099995063,53.960205999999154],[-166.2256469997984,54.041992999939644],[-166.24322100041644,54.03023200014559],[-166.25094300034542,54.033463000023616],[-166.26156199969202,54.03507300005081],[-166.27510800039013,54.03597299985996],[-166.2864120001752,54.033731000034464],[-166.28728199966324,54.03821599978705],[-166.29478799968217,54.04507400023494],[-166.30507100036644,54.05105600014389],[-166.33668100033074,54.058576999777365],[-166.35443800034855,54.061109999923985],[-166.37558200022877,54.06179600023358],[-166.4625300003591,54.06072000000247],[-166.51114599978052,54.057790000167245],[-166.69242000001356,54.06728599974157],[-166.75580499979858,54.06882399989495],[-166.7851939996645,54.06597900012384],[-166.81485600024027,54.05345400017385],[-166.82019800006222,54.048041000068636],[-166.88004100017412,54.044989999853016],[-166.9104059998333,54.040017000139066],[-166.92505499964798,54.034647000234045],[-166.93652800038578,54.02715600007083],[-166.9459290000898,54.02766699973786],[-166.9886839998305,54.0239460001439],[-167.00180600020607,54.021070000045206],[-167.00909799996478,54.01505099998654],[-167.0246959998085,54.01488399987075],[-167.05399299961294,54.00861300010369],[-167.07663700006637,53.998322000047395],[-167.0915289995553,53.98594000020513],[-167.0956979999405,53.97585399973736],[-167.1060240002825,53.97525900004665],[-167.14462999972946,53.96321300010325],[-167.16074300013233,53.95389700016265],[-167.16889100003365,53.94323799994736],[-167.17417000010644,53.93211499976754],[-167.17398699980833,53.92164700003272],[-167.17629699959514,53.91185399981514],[-167.18121800036596,53.90915799984781],[-167.2120729995716,53.900580999818914],[-167.23007700035996,53.88825200002004],[-167.23700300042074,53.865232999761545],[-167.24289300041383,53.85467300022997],[-167.24350299961083,53.842618999770444],[-167.23831399994975,53.83110500020439],[-167.2335529999108,53.82579500018942],[-167.23407099994466,53.81424300025117],[-167.2180789999156,53.80177600008931],[-167.18227799982483,53.78478400005478],[-167.1648809996571,53.7738420002589],[-167.13820499998408,53.70942300015068],[-167.14327099962156,53.70700500005691],[-167.15392199965353,53.693622000023566],[-167.15678999965718,53.68725899989744],[-167.15568300034266,53.67834000014079],[-167.17186600016743,53.67429600001243],[-167.21523199982838,53.65820399986031],[-167.23384800036192,53.64411199997624],[-167.24437700019516,53.629418000181374],[-167.24703099993854,53.61469200004739],[-167.23937000010892,53.58324899997411],[-167.2348829997064,53.5717349999478],[-167.23038000030866,53.566734000041826],[-167.29628199956971,53.53973100013218],[-167.32054899972172,53.543306000218585],[-167.3411489996288,53.54359499980172],[-167.36046800014415,53.54007000001996],[-167.39266599956417,53.52825899979049],[-167.41183199991858,53.51533300000757],[-167.42239000006418,53.49812700004524],[-167.44415300026057,53.49332800002916],[-167.45361400023907,53.49557100006294],[-167.48273000029354,53.497615000134935],[-167.50265999983083,53.495317999984216],[-167.54209399983134,53.47853000023382],[-167.55418000013924,53.46932800018886],[-167.55520299978815,53.46542100000065],[-167.57432399993675,53.462751000124584],[-167.58177100040442,53.4592330002434],[-167.59144699956974,53.46032399993216],[-167.6080200002802,53.458056999909466],[-167.6481249995771,53.44209400001139],[-167.65636500043826,53.44215499985252],[-167.67357900030788,53.43823200003241],[-167.7101429997566,53.43692699977207],[-167.72772400004732,53.43402700008129],[-167.74676900002797,53.426335000199245],[-167.7524270002174,53.42151200008047],[-167.76122799987183,53.431611999858575],[-167.73062499966295,53.450867000040866],[-167.7105419999648,53.47312400018754],[-167.7011429999106,53.48762900015171],[-167.69732800042598,53.50208799995266],[-167.69598500021164,53.514609000152966],[-167.69821299998267,53.52422300009931],[-167.70443900043472,53.533439000023094],[-167.71822600025894,53.548623000229036],[-167.73090000002253,53.55642699991712],[-167.76230599977234,53.56802400004559],[-167.80423899970555,53.571807000124885],[-167.87504400019407,53.569050000080985],[-167.88513600018433,53.57141900000281],[-167.88923400042444,53.57822800004176],[-167.9013490001463,53.587482999840425],[-167.92564100041267,53.6019479998437],[-167.94834600006715,53.61038600009405],[-167.9598819996558,53.61281200000721],[-167.9923519999607,53.61495499999824],[-168.04032999969772,53.61027599985921],[-168.06276300026394,53.61861499994094],[-168.0803420000065,53.62049100013049],[-168.090351999981,53.619666999792535],[-168.1515170003909,53.60393199981431],[-168.1629020003668,53.59786699985554],[-168.18539600013412,53.59865200018491],[-168.2067910000845,53.59037999992167],[-168.22360900011898,53.58750400023716],[-168.250284999792,53.57769900011366],[-168.2840120000976,53.571136999800004],[-168.30913100019424,53.55560900002354],[-168.31538900043336,53.54655300026485],[-168.318173999698,53.539504999944526],[-168.33443400041398,53.5386710001306],[-168.35171000020785,53.53026200020766],[-168.36401099970254,53.53033100020105],[-168.39636600037974,53.51940500024975],[-168.4152590000244,53.50944699983776],[-168.42523999968657,53.48631300024252],[-168.4563740003481,53.468085000071575],[-168.47667200013143,53.45059599989993],[-168.48863700006547,53.435778999817295],[-168.4963599998194,53.421076000146414],[-168.48683699991662,53.39014400006928],[-168.47760199989392,53.378690999733465],[-168.48845399976736,53.375424999984844],[-168.49657300025467,53.36648200005614],[-168.5042960000086,53.36288900004739],[-168.6194339997305,53.327161000048015],[-168.65581999980233,53.319749999898804],[-168.6668700000425,53.3152239999163],[-168.6893370000456,53.30327299989402],[-168.6940699995971,53.29705400019012],[-168.69905400011714,53.2803709999462],[-168.71760500035333,53.27985400019274],[-168.73979799982175,53.27148099974154],[-168.74941399961094,53.26649800001025],[-168.78137199972977,53.2406500002478],[-168.80646200041244,53.23060600014762],[-168.81943400010192,53.221676999744766],[-168.82975000039815,53.212526999961796],[-168.8320710000556,53.207392000024974],[-168.85944899988547,53.188152000140526],[-168.86866600036478,53.176949999936184],[-168.88307199960693,53.15017199974568],[-168.88310199974416,53.14367099978608],[-168.88060000033673,53.140946999800576],[-168.8873439999243,53.13277500024912],[-168.89057900034905,53.12387699979984],[-168.8906999998246,53.10854699999623],[-168.88245700038698,53.09370699996296],[-168.8727829999732,53.081723999853885],[-168.90558999966368,53.06553199973333],[-168.9161520000072,53.067599999969154],[-168.92817600039078,53.06601099988314],[-168.95280699969257,53.05820999994302],[-168.96535199958473,53.05074699986548],[-168.98061100039308,53.03699599982238],[-168.9921469999817,53.02409100013871],[-168.99947100042579,53.010608000113024],[-169.00334600018482,52.99655200012358],[-169.0000920003918,52.982798999870866],[-169.00987600041046,52.985654999884815],[-169.02333699982145,52.9870510002629],[-169.04470400018275,52.98588199976805],[-169.06573300043527,52.981286999969846],[-169.08294700030487,52.975334999983474],[-169.09485000031466,52.969305999785796],[-169.1094089997176,52.95839000021709],[-169.12952400010113,52.9628870000512],[-169.16401600031278,52.96537300012293],[-169.19713299962464,52.96488199974836],[-169.21889499999617,52.955854000193625],[-169.2338800002698,52.94589500024551],[-169.24602699977873,52.93447900003178],[-169.2540850001667,52.92429200005521],[-169.2588460002056,52.913281000075905],[-169.25948499971503,52.89972099983896],[-169.25542400018313,52.88449899974437],[-169.2431520001024,52.871398000158536],[-169.2267600000403,52.861181999830066],[-169.20356199956794,52.85353700011348],[-169.18821200031965,52.85066999996202],[-169.2635059999622,52.82601099980315],[-169.29427300020265,52.81162599999553],[-169.31200500010613,52.79648600010631],[-169.32055100039068,52.78372000018405],[-169.3263180003601,52.76537600000562]]],[[[-169.87963200010148,56.614798999760595],[-169.88023799999888,56.60202899978208],[-169.86823999955456,56.58703099982598],[-169.83817199999626,56.57118999989638],[-169.83038700031813,56.56032700004659],[-169.80477699995177,56.54736899986728],[-169.7823440002838,56.54255599997849],[-169.7637350003213,56.54072399985149],[-169.72752400015162,56.51463899995743],[-169.6760919997068,56.49622599976136],[-169.58126299963882,56.483227999896755],[-169.5547729997387,56.486253000141936],[-169.52663699967542,56.49297600022915],[-169.47941299997387,56.52685099994721],[-169.42047399968519,56.549259000046796],[-169.38395200006923,56.57816199986566],[-169.37754499986724,56.58772900009306],[-169.38225400002761,56.614750000108884],[-169.401641000315,56.63655299984388],[-169.42224600024497,56.648808999935355],[-169.43866699972108,56.653697999956925],[-169.4624130003645,56.65657999980675],[-169.47416300021342,56.656098000179355],[-169.4816419995698,56.66044599979014],[-169.50926499962208,56.66747100001035],[-169.5386869999983,56.66843700001723],[-169.58910400029183,56.66225900013313],[-169.62191299963217,56.66134099995355],[-169.68850799972756,56.66703199986158],[-169.74734999993183,56.67504299990712],[-169.7682560001607,56.6756809997743],[-169.80252800026432,56.67396899999628],[-169.82938399986236,56.66981600020824],[-169.85288100008543,56.65888100022067],[-169.8625529999511,56.65199800021945],[-169.87146199956055,56.643048999966545],[-169.87759199975312,56.63053700003908],[-169.87963200010148,56.614798999760595]]],[[[-170.0504999996266,57.18687599980515],[-170.04401200013206,57.165051999793945],[-170.02245899999792,57.14432499986093],[-170.0037189996158,57.13504100016771],[-169.98906899997624,57.13041200018097],[-169.96898200008013,57.12798399999271],[-169.9555900002661,57.12822699996188],[-169.93026199993204,57.13212000001161],[-169.88686899960857,57.145438000239544],[-169.86947700036205,57.15800500017819],[-169.84903399991546,57.17616500001089],[-169.8476940000741,57.18489700019286],[-169.8493109999249,57.19001299989794],[-169.87122999975693,57.22153600023907],[-169.88368299958762,57.22840100008875],[-169.90974700041374,57.236295000042865],[-169.93999200042234,57.23894000018335],[-169.96040800020646,57.23741899991924],[-170.0079850000854,57.22529899999397],[-170.02519599958197,57.216835999983765],[-170.04222200002891,57.20504699995558],[-170.04911700012758,57.19568400009926],[-170.0504999996266,57.18687599980515]]],[[[-170.27299200011547,52.74851499982239],[-170.27491399956475,52.73763399995148],[-170.26740400024624,52.72476300004721],[-170.26743400038347,52.71384399995402],[-170.2635870002135,52.69732499994127],[-170.25006300015502,52.681088999811564],[-170.231870999944,52.673918000123564],[-170.2134050000966,52.66902799974769],[-170.1737540003611,52.662887999955146],[-170.15647400036926,52.664402999947505],[-170.119699000135,52.661738999753496],[-170.08658100009993,52.66261799975631],[-170.04839800025223,52.67062399987165],[-170.03258600014826,52.67574400025271],[-170.01930899996196,52.682367000062264],[-169.98179899995887,52.71201999979843],[-169.97737400037892,52.71900100001243],[-169.9740789996797,52.73500200008075],[-169.97554699956757,52.73811800007134],[-169.93314800037734,52.7382160002549],[-169.9038459996517,52.740573999907454],[-169.876314999661,52.74672600008454],[-169.85705600031844,52.75590600016114],[-169.8487540004313,52.763109999895015],[-169.82625700029092,52.75815100016141],[-169.82032000044222,52.75942699991851],[-169.80433900028385,52.74620200013928],[-169.78498600033163,52.73673400017968],[-169.73803899974118,52.72098699989247],[-169.70306100018107,52.71609899995963],[-169.68227499960284,52.71909800007442],[-169.65971999973615,52.726226000050815],[-169.639088000042,52.736756000261494],[-169.62746100021673,52.750675000062145],[-169.62416700024076,52.762372000066144],[-169.61705700005697,52.775946999856735],[-169.61879000025868,52.780639000022795],[-169.61016000030853,52.7841950001547],[-169.58861300002212,52.800563000073744],[-169.58660100016118,52.814137999954596],[-169.58886099971926,52.82679699999602],[-169.59289299983712,52.83154799987805],[-169.58941200026337,52.835366000253046],[-169.5882220002099,52.83978499984291],[-169.58786099963655,52.87288500015147],[-169.5916779996693,52.880561000036906],[-169.5933890001297,52.88952000026345],[-169.6075530004208,52.90193399973867],[-169.61564199987257,52.903329999937384],[-169.6136579996007,52.90683999979837],[-169.61488000033955,52.912081999940845],[-169.62782400043992,52.92674000005308],[-169.63361499980044,52.92905999998565],[-169.62541300037077,52.931797999987694],[-169.6199800003122,52.93614800011605],[-169.61259499976876,52.94429799994772],[-169.6066749996385,52.955165000178724],[-169.6071020003341,52.959566999978286],[-169.5957779995592,52.96323799996561],[-169.5874759996721,52.96995999983285],[-169.58036600038665,52.982390000126514],[-169.57523899975146,52.99370699981359],[-169.57511099970498,53.001772000238134],[-169.58000200033857,53.0151099997626],[-169.57829300042627,53.02020800023593],[-169.58064400022096,53.032164999810554],[-169.60445400043847,53.06203099985284],[-169.61407000022766,53.069806999940035],[-169.6310420002479,53.07749799988217],[-169.66423300007796,53.085684999942465],[-169.66724199964858,53.09063700015449],[-169.6855259999211,53.10908899983095],[-169.7006350000433,53.116451999867024],[-169.73073100008898,53.127814000105445],[-169.75914800035963,53.1340540000346],[-169.7861589997684,53.13260999973881],[-169.8140870003175,53.126640999815166],[-169.86075399962712,53.105012000083676],[-169.87296200013375,53.08918599989102],[-169.87206400015828,53.08197500019341],[-169.88062200013846,53.06749900026191],[-169.8834290000427,53.051451999903115],[-169.88321499978247,53.04518700004832],[-169.87939899957465,53.039305000208564],[-169.86508299984592,53.02437200020878],[-169.8521119999814,53.0158560002172],[-169.8329549998478,53.00996499980072],[-169.8433179999997,52.97837600015749],[-169.8428900003775,52.96951600021441],[-169.827535000208,52.94536600003417],[-169.81774500034152,52.93735500019706],[-169.8277460000952,52.932792000237185],[-169.83189799986366,52.93553799980909],[-169.88549500033037,52.93258300019417],[-169.90815800015207,52.9225489999237],[-169.90795899996044,52.92861499983851],[-169.91049300005324,52.935214999826954],[-169.9297539999439,52.951580999901786],[-169.9417499998401,52.95878400012069],[-169.963420999975,52.96322400006364],[-169.99553100042982,52.96653400011321],[-170.00227500001742,52.964750999904936],[-170.00874699961844,52.96770899983815],[-170.02495399973265,52.97114799979236],[-170.0461060000088,52.973115999980905],[-170.08657899955176,52.971205999931634],[-170.1165189999618,52.96313100021347],[-170.17689000015335,52.9351370001974],[-170.19859100042547,52.916432999878616],[-170.20338099987842,52.89764700001134],[-170.19968799969428,52.88009099982429],[-170.19013300000444,52.86283200002527],[-170.15278899968268,52.835823999798976],[-170.18640700020833,52.83052400010401],[-170.20676400044118,52.822762999891886],[-170.22260300030936,52.81063699973426],[-170.23319400006687,52.80012900017965],[-170.24701900042427,52.778876999894514],[-170.2577929995816,52.773687000130415],[-170.26728500042051,52.764249000178054],[-170.27299200011547,52.74851499982239]]],[[[-170.52270900027335,57.19337400002074],[-170.52093699971363,57.182211999825114],[-170.51629600022358,57.175977999927696],[-170.51080299989053,57.17426199987181],[-170.5194680000008,57.1621830002089],[-170.50988099962564,57.14381800001746],[-170.49525899957513,57.128307999922235],[-170.47065699968744,57.113652000108516],[-170.44825499998163,57.10849599997902],[-170.4147970001879,57.10473400017677],[-170.44266899976216,57.10226299990292],[-170.46952400043367,57.09276800013685],[-170.4920449999651,57.080176999757086],[-170.5083700000801,57.062373999816316],[-170.50848800008086,57.04640399983864],[-170.5019849996194,57.033181000160255],[-170.4872839999262,57.012517999795136],[-170.4782949999508,57.00719500024177],[-170.4441430003961,56.99613399995253],[-170.39946200010985,56.995772000006404],[-170.35413200026846,57.002323000201066],[-170.32422299982056,57.017969000045035],[-170.30609599990686,57.02951500018509],[-170.3009709998199,57.04175500008522],[-170.3009420004059,57.048683000172225],[-170.30536899963565,57.056741000149124],[-170.29572500025736,57.056168999893146],[-170.25891900006098,57.062125000089665],[-170.2232460000167,57.076596000240485],[-170.1652709998257,57.11344000001079],[-170.15355399958878,57.11724899985794],[-170.14768000038757,57.12146400021862],[-170.13707600021124,57.122126000123714],[-170.11178200021234,57.136709000092615],[-170.0783140003729,57.169458000040386],[-170.07724899999283,57.17935400018656],[-170.0808030002598,57.192272999991125],[-170.06385800000376,57.19762000007751],[-170.04661800019488,57.20803599992125],[-170.02977500004602,57.22085599989336],[-170.01848700015447,57.23672699978976],[-170.01235699996192,57.254091999855206],[-170.01651100027854,57.266580999996506],[-170.0399249997626,57.28387900017269],[-170.06537899959505,57.29792600006463],[-170.08729300030248,57.30291300000042],[-170.1094809997481,57.30526900017071],[-170.15888999956294,57.304372000229996],[-170.19102400030718,57.29735100010362],[-170.20692199972663,57.29069600015775],[-170.22184300042616,57.27865599988789],[-170.2229289998243,57.275163999771394],[-170.23298099963156,57.27381100020146],[-170.26169699965294,57.264133999904566],[-170.29081500025558,57.27059400001975],[-170.33445700010105,57.272367999961375],[-170.36405900040234,57.26873499993438],[-170.3872209999913,57.26251500005846],[-170.39533299990762,57.25795000023709],[-170.4230480000214,57.25750599998555],[-170.4381849997327,57.25487900024108],[-170.449598000196,57.24933200000841],[-170.4602299999614,57.23874200013168],[-170.4704089999903,57.23709100017583],[-170.49009000000552,57.225536999916734],[-170.50992400018168,57.208307000145375],[-170.52270900027335,57.19337400002074]]],[[[-170.92603700042906,52.55864400004105],[-170.927388000141,52.549885999857445],[-170.91291900025143,52.53029299999813],[-170.88758800044263,52.51382899994243],[-170.84843099955322,52.50516900008076],[-170.84714900033651,52.50244000006374],[-170.82831799971785,52.491927000098684],[-170.7937689996048,52.487098999919475],[-170.76382999991796,52.48980799988547],[-170.7382260002977,52.50010899998552],[-170.67442600041096,52.53987599992083],[-170.65201399976112,52.540625000058334],[-170.57568499987573,52.55487100002916],[-170.53613299987444,52.57384699990196],[-170.50918600003982,52.59773699984581],[-170.4936850002804,52.618941000011034],[-170.4740200001587,52.63838699986035],[-170.4727799998765,52.643486999857316],[-170.47470600042206,52.67380000020613],[-170.48099399990008,52.69040999973511],[-170.5083140000036,52.721164999735],[-170.52632299991652,52.72920499989114],[-170.54323800003536,52.731888999824896],[-170.56410999992903,52.74220499988795],[-170.59310399978477,52.74484300026968],[-170.63040200007572,52.75159400006756],[-170.68045199994813,52.74958599985676],[-170.70022699967475,52.74402300006566],[-170.73205099989926,52.729780999839214],[-170.7456679998442,52.72815199988278],[-170.7703869999078,52.721094000007156],[-170.78604099982806,52.71397500024268],[-170.80471699973774,52.701461000009004],[-170.81591699976568,52.692519000037386],[-170.8187479999594,52.68847699974054],[-170.83413499991596,52.68427800001405],[-170.8654460001295,52.669056000137566],[-170.88891300021535,52.64927100011719],[-170.90319299995906,52.62240600013839],[-170.91112599977524,52.60009700020096],[-170.91271199966386,52.59120100015855],[-170.92351400020692,52.57498699986061],[-170.92603700042906,52.55864400004105]]],[[[-171.3932959999927,52.48085399994654],[-171.39371600011725,52.46812999979145],[-171.38663400042088,52.4485900002375],[-171.37726299995578,52.431377999735304],[-171.36685600032126,52.419361999950716],[-171.35835299969438,52.41254499973325],[-171.32095300019446,52.40009099990142],[-171.29430799958527,52.393133999777056],[-171.26430699997414,52.39122799990549],[-171.2266160002211,52.3937020000338],[-171.20625899998825,52.398891000095574],[-171.17314799962583,52.41515899984013],[-171.1586219998348,52.425429000017225],[-171.1364960003135,52.44567099994107],[-171.12404599995756,52.46440999998031],[-171.11486100016361,52.48277500007296],[-171.111845000022,52.50755900020862],[-171.10201400014765,52.50830399984361],[-171.06459899968075,52.521245999988366],[-171.04952300006883,52.531034999900086],[-171.03356299982684,52.548524000118654],[-171.02367699970094,52.57070299985441],[-171.01882500032372,52.585795000012105],[-171.02010800026363,52.596781999822255],[-171.02242899992112,52.60371699976235],[-171.03114900028294,52.610066000136406],[-171.0383609996757,52.61434499999725],[-171.06973499963846,52.62706199986783],[-171.10983700035897,52.636314999912564],[-171.1402339998052,52.63963300010989],[-171.1791580001678,52.638661000000084],[-171.18936999980863,52.63506100007126],[-171.20594099997092,52.6249280001522],[-171.21964300030461,52.613506000187286],[-171.234443999557,52.59826000008281],[-171.24839000028817,52.583473999939855],[-171.2485569997944,52.580855999756075],[-171.28046600040778,52.57980299984843],[-171.31242000032867,52.5707449998788],[-171.34406700010285,52.555972000246506],[-171.374432999587,52.537118000073775],[-171.38706700006594,52.51481600009105],[-171.3929550004092,52.49120200014075],[-171.3932959999927,52.48085399994654]]],[[[-172.72068899961042,52.26436399989304],[-172.7183379998157,52.253103000236145],[-172.70750299966073,52.23422699981166],[-172.6887029999025,52.21670999983773],[-172.67600800022248,52.210576000178996],[-172.66715700033936,52.20976100007714],[-172.6595280002968,52.211118999777085],[-172.65229500008937,52.20625100025976],[-172.63642600008396,52.201986999738075],[-172.61616299956245,52.19908799980624],[-172.58946000012526,52.19954000027348],[-172.57599299996815,52.20219499995055],[-172.57002000013443,52.200112000141644],[-172.5443849996537,52.19804499972757],[-172.51060299999486,52.19994599979268],[-172.49421500013065,52.20412000026247],[-172.47492900012566,52.2150849998529],[-172.45005699990116,52.21733499996283],[-172.4339450002215,52.22150199981731],[-172.42720099973562,52.225424000061885],[-172.40766899968327,52.22448599983392],[-172.37791499994435,52.22836299991407],[-172.35481399955643,52.23832000002397],[-172.33499799982198,52.25230300019999],[-172.3120279998536,52.25702800024243],[-172.28770600034835,52.26565100012849],[-172.2716239999076,52.275288000206984],[-172.26603900041135,52.28182599980917],[-172.25017000040597,52.284083999748894],[-172.22844200036963,52.2961929997982],[-172.21501399967227,52.30943899993694],[-172.21071200011602,52.316266999773184],[-172.21052999964283,52.32712400009802],[-172.22630300028706,52.354907999800155],[-172.22356400015485,52.35919800019992],[-172.224328000236,52.36942900023758],[-172.23128699990875,52.37992700005953],[-172.2496599998697,52.393454000079565],[-172.27453399974405,52.40575900002189],[-172.29653799996487,52.41386799982208],[-172.33236699964482,52.41992499980442],[-172.35602000040177,52.43328999978291],[-172.37948900013743,52.44127799994817],[-172.39929599965106,52.44450500002694],[-172.41760699968773,52.44412199992539],[-172.42709799980346,52.440216000193274],[-172.448306999981,52.44309900022213],[-172.48398199967514,52.436651000227336],[-172.48944499987093,52.43278299996517],[-172.50754199964737,52.429356000100604],[-172.5477129999649,52.41299699989399],[-172.57220600007267,52.4079460001659],[-172.5833450000013,52.40305499979043],[-172.60607899996808,52.399398999767264],[-172.6332390002381,52.38786299984993],[-172.64648200008918,52.3748620002027],[-172.66090599977298,52.35299299988998],[-172.66726199992135,52.34975300007224],[-172.6815419996651,52.33064100026927],[-172.70128499960464,52.31461800025651],[-172.714344000231,52.2947509999342],[-172.71727199961077,52.28149899979679],[-172.7125979996105,52.276291999848524],[-172.71769900030634,52.271901000243865],[-172.72068899961042,52.26436399989304]]],[[[-175.2248170001388,52.23296499979829],[-175.2229850002029,52.22060399993333],[-175.20531199985064,52.19122999972808],[-175.19484199956864,52.181921999882576],[-175.17652999970707,52.17065399991681],[-175.1525410002877,52.16297899976746],[-175.13215399991762,52.163171000121665],[-175.11310999976195,52.16565899977448],[-175.1023230001858,52.168005000266696],[-175.07868500039578,52.17717399994214],[-175.0641899996686,52.18610100025292],[-175.04334600026232,52.206900000094386],[-175.0363270003151,52.21762800003865],[-175.03652300013368,52.22901099995063],[-175.05357299997178,52.25130499996206],[-175.07069599960477,52.262925000062786],[-175.09590500011316,52.274285000195555],[-175.11980300019422,52.28054000003148],[-175.14357800025158,52.27821899972949],[-175.17510299982706,52.271564999921],[-175.2046449998539,52.25911199999555],[-175.2248170001388,52.23296499979829]]],[[[-175.60975600044003,52.18300399998682],[-175.60911299983434,52.16740000021465],[-175.60312999995492,52.15187499972982],[-175.59865199977315,52.14668400017163],[-175.56125499974797,52.122570999809945],[-175.53549600031704,52.1128510000878],[-175.51236099959388,52.10737399999211],[-175.48574199982232,52.10938699974423],[-175.47247300003193,52.11313699991289],[-175.45474199995337,52.12095000016219],[-175.43701099987481,52.13280700002053],[-175.40426699993355,52.17163600022028],[-175.40374200022697,52.18199399975517],[-175.41070799957242,52.196775999775085],[-175.41907099955893,52.205472999735974],[-175.4368040001856,52.21704000010145],[-175.45645900026156,52.227476999820084],[-175.49204699991705,52.23757700018884],[-175.53278899997187,52.236606000255556],[-175.55329799964238,52.23114999986286],[-175.57929999964588,52.22023800026431],[-175.6040200004327,52.198683000047225],[-175.60975600044003,52.18300399998682]]],[[[-177.55173899963876,51.91552499990976],[-177.55198200021132,51.908147000268556],[-177.54648700022847,51.889370999905076],[-177.53256899998468,51.87299100009163],[-177.48672600013234,51.84364899989977],[-177.4689630002667,51.83985700018301],[-177.42980700010057,51.84109499981768],[-177.4032250001389,51.84723000026313],[-177.38085600004504,51.85573799973357],[-177.36193499991302,51.864283999912715],[-177.35235400028392,51.871700999871216],[-177.33633299994253,51.8889820000063],[-177.33258000038225,51.90077099992417],[-177.3337410001234,51.91185599975737],[-177.33926500041858,51.927154000041234],[-177.3562059995784,51.950348000152594],[-177.36469099976367,51.95682499990719],[-177.37436600000237,51.96261599992067],[-177.42219099957845,51.97644700014322],[-177.45954599977085,51.9828839997722],[-177.49363499957636,51.9746359998108],[-177.50913799988388,51.9657460001096],[-177.5344360000807,51.94146699984735],[-177.542920000441,51.935126999986615],[-177.54966499985355,51.924223000179175],[-177.55173899963876,51.91552499990976]]],[[[-178.4311810003375,51.48911899974517],[-178.43087500001573,51.476584000184154],[-178.41570399996925,51.45541200014503],[-178.40981300015127,51.449360000066356],[-178.38740899989733,51.43681000004457],[-178.3703170002265,51.43178300022718],[-178.35408199962484,51.4296790001605],[-178.33181999966115,51.43081299999276],[-178.32136799982078,51.42540800012717],[-178.30433899989916,51.42134299986054],[-178.27894799981584,51.4198719998592],[-178.24864500008096,51.42317099997978],[-178.21812700026086,51.431490000179956],[-178.19841199991043,51.4436530000056],[-178.19096699999088,51.45644899999564],[-178.18782500035087,51.47263199977952],[-178.18762299978619,51.48222699992375],[-178.20226499992816,51.50389899976006],[-178.20891800017748,51.50922399977575],[-178.21342800014622,51.5097270002439],[-178.22088200028662,51.5182500000146],[-178.2386159998399,51.5298920000571],[-178.27896100023463,51.541983000194215],[-178.31060700018398,51.54052299986654],[-178.32213100007704,51.53532200014471],[-178.33276200001754,51.53838499986357],[-178.3599819996637,51.537475000200835],[-178.39007299968648,51.5291629999367],[-178.40515000002165,51.522379999799774],[-178.42294200019955,51.50899599996193],[-178.4311810003375,51.48911899974517]]],[[[-178.95728100028052,51.78079900010868],[-178.95422699960574,51.76841500005733],[-178.94995400036174,51.76024399983191],[-178.9417429998129,51.753346999850194],[-178.91509800010206,51.73713499988769],[-178.89370200032678,51.7286439998185],[-178.88036400004108,51.72150299994583],[-178.86849000034366,51.711691000208745],[-178.84108099965331,51.69825500001063],[-178.8280189995522,51.69477599985013],[-178.79618600000512,51.69339500026955],[-178.7493999999715,51.70015400004853],[-178.72458700019652,51.706625999818606],[-178.70090400020064,51.71653899981424],[-178.67069199980398,51.739224999931906],[-178.6634899995587,51.74735799988474],[-178.65909599994092,51.76153500024486],[-178.64679999957073,51.79029999974977],[-178.64664800013307,51.799394999842036],[-178.65860700021935,51.80713000007335],[-178.6697240004067,51.825573000205125],[-178.68046800032508,51.83555200010855],[-178.69032799961343,51.84952900018093],[-178.71911099958194,51.865252999847655],[-178.77273700036096,51.8852950000265],[-178.7865319996828,51.88788000015612],[-178.8393630004185,51.888321000274594],[-178.84510000025074,51.88794000019652],[-178.8591699999322,51.88216399991259],[-178.89036099959677,51.87310599996794],[-178.9153240000579,51.85808200012165],[-178.93955400039994,51.83360500003499],[-178.94684699998353,51.818078000130434],[-178.95728100028052,51.78079900010868]]],[[[-179.14950500029627,51.57659500008959],[-179.15051100022677,51.566484999987075],[-179.1488929996528,51.554231000244116],[-179.14110799997462,51.53803399988227],[-179.1272509998302,51.52342300019597],[-179.11992599956125,51.51906600026115],[-179.1025290002918,51.51345099974795],[-179.0867489999749,51.51025600005238],[-179.07106200044268,51.50929399975448],[-179.05412300003437,51.5114010001545],[-179.02851699986596,51.51900899987218],[-179.0178049997346,51.517804000030495],[-179.00236199970158,51.52163500022202],[-178.97977800042088,51.53110499996182],[-178.9710499996631,51.537811999977045],[-178.95518200038092,51.553523000136316],[-178.95030599981592,51.56480200005584],[-178.9486200003682,51.56087899988012],[-178.92560600001892,51.538081000030346],[-178.91818899968848,51.53370200011199],[-178.91000999982498,51.53126100006876],[-178.90027299966198,51.52228099972229],[-178.87606900015749,51.51198099992604],[-178.8688950003996,51.51309999981955],[-178.86526499996467,51.50812800002964],[-178.855039999905,51.5010240000031],[-178.83642199972167,51.49203699981979],[-178.80019300000862,51.485859000203014],[-178.78261300044116,51.48757700025674],[-178.77483100023773,51.49044500027342],[-178.7557860002571,51.48870700010912],[-178.71479599960688,51.49381299987932],[-178.6908070001875,51.500741999789945],[-178.67304500014683,51.50976099991958],[-178.66682000041803,51.51424799980611],[-178.66527399981405,51.51801000018485],[-178.64899499972984,51.51994100027007],[-178.63642100042364,51.52479400000662],[-178.61899300029378,51.51704999995848],[-178.59655800007772,51.5108320001964],[-178.57445799959737,51.50752899976726],[-178.55019299999356,51.50848399981213],[-178.51768900025178,51.5206240002242],[-178.50688400023398,51.526461000007586],[-178.50125199998377,51.53271599997404],[-178.49647800042436,51.532473999820326],[-178.45615800014394,51.54339299973363],[-178.44062399987433,51.550862999817845],[-178.4266770002165,51.561798000147164],[-178.42237599958682,51.57431099989794],[-178.42167599997808,51.58728300019945],[-178.4361180001035,51.60970900000535],[-178.45220600039204,51.62100200002755],[-178.47039799970472,51.628669000194165],[-178.48990299999286,51.63366600020921],[-178.49915200025924,51.63484099994367],[-178.50446999979178,51.63352699988803],[-178.51523700017472,51.64040299973845],[-178.53980700027543,51.65233599999458],[-178.55931099984036,51.658003000009266],[-178.57811099959858,51.65948199997838],[-178.59298100024452,51.656224000193994],[-178.6031379996338,51.66031299999824],[-178.63430099970932,51.66648400023233],[-178.66012199996288,51.66587900007185],[-178.72589199987777,51.65266100016939],[-178.74182299980745,51.64412199993564],[-178.75232099967855,51.63597299986765],[-178.76660399979534,51.62129300004922],[-178.7682950001643,51.61661299973699],[-178.7745990004341,51.61882900002706],[-178.7849759999314,51.619361999997736],[-178.79101999991025,51.6233909998673],[-178.82752399998284,51.63540700009205],[-178.84458399986667,51.63762599976482],[-178.89075999980497,51.62853000017372],[-178.92021099959518,51.61372600027458],[-178.9340970000519,51.60479900014678],[-178.94416800012579,51.59605400024917],[-178.9486079997743,51.58730399975878],[-178.95460599972242,51.598518000135606],[-178.98833300002798,51.62458099978917],[-179.0008159999959,51.631699000229126],[-179.02004599992443,51.63928999973001],[-179.03878499958333,51.643501000007724],[-179.05602899959015,51.645971999787825],[-179.07827800003338,51.643636000158125],[-179.10339499958195,51.63623299993052],[-179.12399500038737,51.6262599999284],[-179.14123699984606,51.60956499973765],[-179.149872999644,51.59535800023588],[-179.14950500029627,51.57659500008959]]],[[[-179.23023299982233,51.28392700002739],[-179.23108599959195,51.26753100016707],[-179.22056199978155,51.227988000162895],[-179.2078849996449,51.20272300022261],[-179.1838150000347,51.18377600000824],[-179.13694100013754,51.17509200018345],[-179.0735990000102,51.179040999791006],[-179.02419400039327,51.20983100021929],[-178.99506099972206,51.23509600010766],[-178.97738099969712,51.25297199992403],[-178.97886899967645,51.25524700002216],[-178.95796300034593,51.25912499994727],[-178.93721000027793,51.26934199982589],[-178.92860399971892,51.270440999868235],[-178.90806499991118,51.28180300026289],[-178.89957899990102,51.29337900001864],[-178.88789299962622,51.293851000213195],[-178.85648799970136,51.304901000009615],[-178.84235899957037,51.31552999975169],[-178.8328060004287,51.323587999869204],[-178.82813800027617,51.335018000067855],[-178.8240199999446,51.358067999996955],[-178.82563699979534,51.36752900007019],[-178.8352230003456,51.39080799977509],[-178.85219399964268,51.41040899983651],[-178.8731629996207,51.42479100021055],[-178.89539000032264,51.432891000189706],[-178.90441600010794,51.43975200013411],[-178.9227899998938,51.447007999781135],[-178.96942500031471,51.457108999870506],[-178.99014800024548,51.456825999775745],[-179.00504099955933,51.45265199996233],[-179.03391200028972,51.43884700015296],[-179.04987300035663,51.428439999854696],[-179.06177499964315,51.41764199987633],[-179.07755099976214,51.39900100004841],[-179.09323800019266,51.39093600023772],[-179.10672500044123,51.365168999870114],[-179.10759900012724,51.35367599974301],[-179.13089600033376,51.35375300027129],[-179.1502459999129,51.350631999891995],[-179.1737459996107,51.34303200013468],[-179.18366500024686,51.33849100001506],[-179.19648200012563,51.32980799978361],[-179.2076520000164,51.32094200012059],[-179.22568600004368,51.29927200010724],[-179.23023299982233,51.28392700002739]]]]}},{"type":"Feature","id":"AK|Kodiak Island","properties":{"state":"AK","county":"Kodiak Island"},"geometry":{"type":"MultiPolygon","coordinates":[[[[-154.93369399999224,57.29467800004759],[-154.93122199982372,57.28237000007417],[-154.91402600039575,57.26673399977477],[-154.87123800014479,57.24648500024297],[-154.83109899961434,57.23064400017269],[-154.80702499980623,57.22565099978944],[-154.79860999994122,57.22753299982539],[-154.76708500036574,57.21450699990495],[-154.70957299995703,57.21610300012489],[-154.68576600011258,57.2142219998119],[-154.6797630001416,57.198083999936316],[-154.65027600036638,57.17788800023976],[-154.61978199993743,57.16235999984039],[-154.60112799976903,57.03638200020763],[-154.6285359997362,57.002005999797625],[-154.62396700021617,56.990885999902375],[-154.61688999964431,56.979625000050305],[-154.60860600019888,56.97027500004473],[-154.59553800024995,56.96093100023521],[-154.57748300030633,56.952773000234885],[-154.53726699978296,56.94500900016074],[-154.5024399998356,56.9407879997844],[-154.440057999608,56.92360000008796],[-154.38771899986517,56.89561800010265],[-154.3931979999545,56.84903200015414],[-154.3927610001115,56.839724000211184],[-154.38552399970612,56.83026900020244],[-154.31606599962996,56.78612899999519],[-154.21782600030843,56.72046700008344],[-154.2335959996813,56.70363200013652],[-154.2392959997036,56.69285500006916],[-154.23864700014846,56.679606999920445],[-154.23549700011253,56.67391400023133],[-154.23667200009743,56.66757299990193],[-154.2768490002627,56.660014999992725],[-154.30538100016105,56.65200600017466],[-154.32045099992524,56.64665899975749],[-154.3378170001308,56.63690900023516],[-154.35210600009535,56.632540000122944],[-154.3601080004068,56.63352399999275],[-154.41503999979363,56.651672000108306],[-154.42998099968636,56.65463099998038],[-154.4589389995571,56.65307600011784],[-154.48854699970616,56.658087999796365],[-154.50751999971675,56.65884399975439],[-154.5404980000098,56.655844000195096],[-154.56383799987398,56.64975500015676],[-154.5974830001638,56.63603300004626],[-154.64874400000608,56.60985400005727],[-154.66869700000788,56.59782500017556],[-154.75810600043607,56.55981500023764],[-154.81236699962818,56.523826999881635],[-154.82089700001927,56.51154400005084],[-154.85456900007324,56.48699100001371],[-154.86138299998103,56.47534800024395],[-154.88668799985055,56.455741000035246],[-154.89384700043814,56.4447239998015],[-154.89480599961465,56.43456599998993],[-154.89308900020478,56.42286100016609],[-154.88902399957664,56.41261400010717],[-154.88170199968073,56.401394999814656],[-154.86293899973242,56.383850999778105],[-154.81796000041865,56.36616999992324],[-154.79493299965057,56.35928800020937],[-154.76329900029515,56.35469200008912],[-154.72573200039062,56.35521899987748],[-154.6890359997991,56.36270100002371],[-154.65710100014482,56.373230999908515],[-154.62887800004293,56.38608899992344],[-154.58198999990202,56.426810999972645],[-154.4982090004244,56.45578399996183],[-154.47323699974248,56.44780299984409],[-154.4526030003985,56.443238999787184],[-154.4298769999293,56.44114300000154],[-154.40317600014194,56.44166799996367],[-154.37834499992536,56.4460940000367],[-154.3560119998165,56.45394599994211],[-154.3405629999357,56.46440200004795],[-154.27504200044115,56.44662699991394],[-154.25376399976827,56.443939000239006],[-154.23360800027518,56.44347399980885],[-154.18818800002217,56.44895600016637],[-154.15334400035636,56.46004999998105],[-154.1310520002554,56.45349699999735],[-154.10540400025417,56.450077000059636],[-154.08145199974646,56.45196000005919],[-154.05787800042881,56.448433999868676],[-154.03587699968273,56.448753000130424],[-154.01330599992252,56.4516809999965],[-153.99715900008277,56.450085999993135],[-153.98100100037234,56.45108999998862],[-153.95964099968376,56.45514699990192],[-153.93627599970517,56.453461000007465],[-153.91908000027723,56.45698699978761],[-153.90467099976374,56.461980000147705],[-153.8889239999571,56.47063500012938],[-153.8812079998759,56.47747799982646],[-153.87150400022315,56.478581999848146],[-153.84884899989908,56.48604599981397],[-153.82471499981645,56.497125999846126],[-153.80660499962124,56.50936000011909],[-153.7839469998224,56.53166200022737],[-153.77797999983645,56.541184000064995],[-153.7701559998002,56.54704299990513],[-153.76243200022142,56.55674500004223],[-153.75823199987403,56.568489999896066],[-153.76494000037493,56.58808300012833],[-153.79089600034771,56.61010499999001],[-153.81905499997714,56.61698699996312],[-153.8421060001364,56.620565000135066],[-153.88336500040012,56.61868300020097],[-153.9051329997211,56.61157599991937],[-153.91507599974844,56.612835000004],[-153.98212000028076,56.609011000001296],[-153.9813629998723,56.61383099980479],[-153.9863189999049,56.62587200016539],[-153.9997600001227,56.63495100023463],[-153.97115299988127,56.63204099999282],[-153.95704700021483,56.633317999937496],[-153.91991899980317,56.64253899979395],[-153.90263600033657,56.65334199998855],[-153.89358700008674,56.66329900015404],[-153.8900749996525,56.671707999773275],[-153.87187800031694,56.67271199989792],[-153.85741500027513,56.67641300010664],[-153.84012699988736,56.68330700007194],[-153.8349470004471,56.68804600017187],[-153.812368000291,56.68784299998411],[-153.80043199977095,56.68992800011641],[-153.7835400001166,56.69756400003369],[-153.7697890002774,56.71180699976502],[-153.74755300025296,56.745044000162444],[-153.7496539998024,56.7590819999967],[-153.7604189996372,56.776474000055785],[-153.7425009999609,56.77587400016149],[-153.71909099977645,56.77871300000332],[-153.6945499999881,56.785642000218424],[-153.66603800018123,56.79484400002688],[-153.64864900040945,56.804180999967414],[-153.62773800015768,56.82038600000973],[-153.6151799998467,56.834384999757845],[-153.59958500037604,56.83392599979294],[-153.5445429995877,56.84236600002308],[-153.5230999999567,56.852524000005815],[-153.50132099986678,56.856672999850446],[-153.4887009996315,56.86366800021196],[-153.48272199995,56.86937099983821],[-153.47633499983945,56.872543999940426],[-153.46256499973367,56.885502999953474],[-153.45094700012928,56.900340000221256],[-153.44942700036287,56.91339900010337],[-153.45461600002398,56.926424999890614],[-153.4703720000515,56.939332000231786],[-153.47685600024639,56.94131899988023],[-153.46284500011618,56.94774100006929],[-153.4576809996711,56.95600099988717],[-153.45737199987462,56.960206000088185],[-153.45904999982474,56.96380299982777],[-153.44909500010183,56.97081000020289],[-153.43918899988446,56.96395800013642],[-153.40452900034163,56.950772999897566],[-153.38796599967696,56.94827899986323],[-153.35770800014788,56.949961999926195],[-153.3199999997781,56.94093799996034],[-153.27431500010945,56.942730000183744],[-153.2432130001333,56.949873999759234],[-153.23878299963215,56.952319000215475],[-153.22974199977824,56.95087700014768],[-153.2055480003195,56.95321800017604],[-153.18095899995222,56.9606799999864],[-153.16912799991246,56.9670339999458],[-153.15986799977549,56.97390899977024],[-153.1468309997887,56.98748400005569],[-153.12151800042156,57.001530000242944],[-153.1104489999148,57.011578999893594],[-153.11141899986032,57.022505999961275],[-153.1046269996938,57.028108999841486],[-153.0982889999871,57.040312999854635],[-153.0012220001024,57.064401000013454],[-152.983990999616,57.066455000180966],[-152.9380039998236,57.06617199996053],[-152.9043359999676,57.07238000011334],[-152.8768640004264,57.078842000226],[-152.8341620003891,57.09442499989632],[-152.8099710004051,57.1091800001987],[-152.792946999608,57.12287699980123],[-152.77737999972638,57.14144999976728],[-152.77436699995778,57.16055900007654],[-152.7754599999269,57.1709300002321],[-152.77917300020258,57.18216599988177],[-152.78520600031075,57.19245700019406],[-152.79884199962393,57.201808000176314],[-152.8356289995538,57.2173650001647],[-152.7729090001157,57.21979900008528],[-152.7018149999222,57.224887999854644],[-152.67655400043358,57.22726999978729],[-152.64271900017297,57.235371999800414],[-152.6229290003778,57.246073000234716],[-152.53766699969518,57.30075200012846],[-152.53447400000155,57.30630799985614],[-152.5287580000858,57.32732700015033],[-152.52601099955763,57.329366999800676],[-152.42495199973803,57.38104399991126],[-152.41558399964595,57.38447000014949],[-152.40208899989977,57.38034399999916],[-152.40076300030213,57.37828399998019],[-152.40360799984123,57.36647200011571],[-152.40208899989977,57.356302000215734],[-152.39549400027508,57.345523999959894],[-152.3831469998513,57.33540700013465],[-152.36119100020935,57.3267589999041],[-152.33767600044294,57.32157999998223],[-152.3149170003618,57.318584999933805],[-152.25848100020374,57.323429000003046],[-152.22739099992313,57.332037999794956],[-152.20449200009986,57.34222399992234],[-152.18634400026983,57.35318099981474],[-152.17005199976677,57.36775599978167],[-152.15969799983574,57.38041200012836],[-152.15651600001274,57.40585499981964],[-152.16455400030918,57.41404199993193],[-152.18236599968031,57.42480400018703],[-152.1965099998799,57.4321310000756],[-152.21648600034624,57.43822900007455],[-152.22243700043867,57.47529899999886],[-152.15264399972844,57.51860600008994],[-152.12511600011072,57.531356999808075],[-152.096262999822,57.552552000029635],[-152.0634979999643,57.57120499982844],[-152.05641799991776,57.57951000014898],[-152.05547399991153,57.586401000119054],[-152.05125699984572,57.59544500017003],[-152.053478999769,57.60365299997891],[-152.0451350000491,57.61051500002922],[-152.03100599991808,57.62863100001449],[-152.0316899996333,57.64339800003495],[-152.03485599956275,57.65331899986262],[-152.04609900014677,57.665356000193285],[-152.07474099964998,57.681722000197794],[-152.079789999569,57.68629700000977],[-152.12101200002283,57.804572000127585],[-152.12409299956352,57.811724999962564],[-152.13795399990587,57.82980899991005],[-152.161118000043,57.84295600010175],[-152.18237999992402,57.84994700017651],[-152.22655300022214,57.85732400014612],[-152.2552309997104,57.86627000017794],[-152.25590399955493,57.86929200012319],[-152.22886499965875,57.904483000054405],[-152.22021100031745,57.93022300020027],[-152.23558400003031,57.949935000001204],[-152.26563300022036,57.97113900002225],[-152.28164299979272,57.974923999884275],[-152.29708800037395,57.97237500013642],[-152.3117079998763,57.976570999914465],[-152.3166250004491,57.97960399978986],[-152.32414900001137,57.992134999798544],[-152.33341699964606,58.00187100016821],[-152.34621099995854,58.00914200000801],[-152.35871400001795,58.01401200014131],[-152.38016699969464,58.01844900000271],[-152.41445300004196,58.03657700014464],[-152.45890099980141,58.0462959998458],[-152.47451700008685,58.045427000148095],[-152.45334800009226,58.05928699993159],[-152.4136229998386,58.05817600001108],[-152.4042330000052,58.05923700021235],[-152.38257399956586,58.05238799985377],[-152.3449539999579,58.048002999936],[-152.3252529998512,58.04791799995386],[-152.31230999957572,58.04963600022102],[-152.2926009999714,58.05585099979223],[-152.27510400024454,58.064654000151556],[-152.27039900028214,58.06928099977836],[-152.26073699956387,58.07335700003732],[-152.12747500030133,58.0920189997873],[-152.0552670002223,58.10453399996724],[-152.0335190000945,58.11178099999625],[-151.9883979995922,58.13825299987757],[-151.9663919997215,58.15374199996698],[-151.94537400023793,58.13244200022295],[-151.93399299956172,58.12571700000421],[-151.90822300026008,58.117205999888164],[-151.884181000239,58.11295599987963],[-151.86105399991177,58.11060400001213],[-151.8416740001954,58.113143000020976],[-151.80256800025796,58.122160999775545],[-151.78217400021515,58.128760000137746],[-151.76401999963898,58.136625999821696],[-151.73463400014612,58.156776000168804],[-151.71565500028774,58.1755240001186],[-151.70660400038807,58.18782099984818],[-151.69831300037163,58.215433000081866],[-151.7014249998744,58.22250799985776],[-151.69050500022888,58.235134000184686],[-151.69175999968144,58.245918000152166],[-151.69658299964465,58.259775000046346],[-151.70500300043085,58.27051500011703],[-151.7252419997646,58.287543000096925],[-151.7400899997709,58.29736600021493],[-151.7551829999996,58.303396999914845],[-151.7360419997595,58.31182399998208],[-151.7072849997302,58.33134499983842],[-151.70226699977334,58.341499000155196],[-151.70402699973923,58.35733600002995],[-151.71280400000254,58.373980000184424],[-151.7286930000994,58.38621200007614],[-151.75049300010576,58.39465499998377],[-151.7721020003164,58.39856499994026],[-151.79499500029186,58.40059599985394],[-151.82397099970592,58.39888100005805],[-151.85453200008203,58.39145100016686],[-151.87684699974918,58.379413000008704],[-151.89521600041056,58.371705000215904],[-151.91294400011603,58.3823299997873],[-151.93229100022043,58.39066700015162],[-151.9624829996273,58.39999699993526],[-152.0242620003305,58.41261799986612],[-152.05198400011696,58.4312579998932],[-152.07190899963135,58.44002699992084],[-152.1033119999064,58.447210999860964],[-152.12634799999702,58.449589000050764],[-152.1732770001458,58.4497300001974],[-152.18205000021112,58.451951999869834],[-152.1819289998373,58.45786199985046],[-152.14436399958265,58.45770600006154],[-152.11625199980884,58.46270600010524],[-152.09109699972709,58.47172800003576],[-152.0798239999042,58.4785920002057],[-152.0678120001145,58.48860999995359],[-152.06088100003083,58.50083000002023],[-152.06549300010684,58.52676000003482],[-152.08994900040474,58.54513300003497],[-152.09247400027667,58.54910300012007],[-152.11348099988953,58.561664000135195],[-152.13863599997129,58.570414000087275],[-152.15366200025278,58.57335299999152],[-152.18282699981276,58.5739729999283],[-152.17903400006946,58.59344100000645],[-152.18086000015762,58.605829999973786],[-152.1893200002285,58.62025499997562],[-152.21162999987277,58.63722699993722],[-152.2129399995769,58.648632999790024],[-152.22720900034827,58.663377999895765],[-152.247712000171,58.68072800016249],[-152.2680540003352,58.68856100013783],[-152.31258800030838,58.700447999948935],[-152.34263400012537,58.7013789998575],[-152.36858900027323,58.69660500015259],[-152.38479899986217,58.690424000195776],[-152.38091800025535,58.70101299992112],[-152.38077000011734,58.711269000027485],[-152.39298600012154,58.73045900020184],[-152.40918300019004,58.74186100004854],[-152.4345399999381,58.75077700007068],[-152.47356899988264,58.757257999787214],[-152.49731299997794,58.75532399988964],[-152.54556699989942,58.742445999832945],[-152.56023499998065,58.73572400020409],[-152.57459699974015,58.72532800008147],[-152.61001000039178,58.69227900015487],[-152.69841299999115,58.64864400004202],[-152.71907800019557,58.63537999991585],[-152.7329410001878,58.62244100012507],[-152.73462900018367,58.61109200006737],[-152.74220799999753,58.603481000173346],[-152.75723799957868,58.595239000019184],[-152.76754899985207,58.58659999978526],[-152.77306599957623,58.57422500013054],[-152.77512099999322,58.549411999861796],[-152.81968900030157,58.54267500011947],[-152.83334999972908,58.53831999999585],[-152.84689800007703,58.53150099982935],[-152.86174699990823,58.520049000228475],[-152.8713600002227,58.50691900011149],[-152.87660699961012,58.494080000063455],[-152.88085899983602,58.48979099979341],[-152.89089800012277,58.48800399985198],[-152.90070200023297,58.483989000081635],[-152.92228399978111,58.472185000120675],[-152.9706980004345,58.43558699983705],[-153.12306900015008,58.330215999848974],[-153.18532400015604,58.28297200020663],[-153.200034999895,58.26625200014361],[-153.22128699973027,58.25726399978663],[-153.24883600016267,58.249103000148246],[-153.2713459998235,58.23848700010782],[-153.288207000414,58.225534000131425],[-153.30082599992605,58.21139499984594],[-153.3102840004298,58.196804000011426],[-153.31467399984965,58.193011999860175],[-153.341851999663,58.18724000019742],[-153.36746899970203,58.17929199992795],[-153.40641700035405,58.15145700018149],[-153.42475500015493,58.136011000049],[-153.43101400021894,58.12819399982219],[-153.47019799997418,58.108698999766375],[-153.48679099987777,58.09463399994532],[-153.50013500001123,58.079554999934835],[-153.50657900002315,58.06622600000523],[-153.50476299998076,58.040327999867],[-153.49669899974504,58.02775499983047],[-153.48019399970497,58.01884399995956],[-153.51173599989718,58.01340599987897],[-153.55446200022388,58.00281600022676],[-153.63435399969876,57.971368000206056],[-153.69609400004396,57.955429999837996],[-153.74487600004505,57.940008000115434],[-153.78662200038053,57.91771199991617],[-153.82458900031807,57.927009999934654],[-153.87056699988963,57.92877900022011],[-153.91713299981527,57.91655900016391],[-153.9322750004478,57.90919899983871],[-153.94149700005164,57.90042900006926],[-153.94452499988884,57.892337000186984],[-153.9434510001863,57.88566700003939],[-153.9565679996407,57.88196200017255],[-153.96859299984922,57.874898000226345],[-153.97219899999473,57.86769399992978],[-153.97825300001935,57.86147299998324],[-154.0037949997153,57.850252999941056],[-154.10589499962555,57.788574000182386],[-154.12841900042838,57.770665000065534],[-154.2400649998076,57.71546700014682],[-154.2662409998884,57.71595199987142],[-154.298137000083,57.7061409999921],[-154.32974000037458,57.69317799982438],[-154.3647149995616,57.69300700008832],[-154.407010999718,57.69052499978267],[-154.43909500023355,57.66849299987117],[-154.48093699993018,57.6318560002102],[-154.5105070004444,57.63203299984057],[-154.53739999985237,57.62508199993712],[-154.57272899994007,57.62058999994022],[-154.58902300009294,57.61288499995952],[-154.60688399986785,57.60325299994525],[-154.6163440000214,57.59377099989278],[-154.625182000384,57.57290399984984],[-154.6715680003846,57.55714700014915],[-154.70314499983863,57.5420159999889],[-154.72296599959594,57.527954999829944],[-154.74567199997367,57.50710500006953],[-154.7527760003097,57.487178000053376],[-154.76588400044153,57.48095200016507],[-154.79015800026625,57.46141699998713],[-154.81692900037382,57.42425299985773],[-154.81762200030985,57.41808400006221],[-154.81539700001352,57.412786999819424],[-154.88862799974154,57.38191799984969],[-154.91555899968264,57.34987300014409],[-154.91446400006367,57.34243699991706],[-154.91033400003653,57.33505799980341],[-154.92645900013494,57.316423000003866],[-154.93369399999224,57.29467800004759]]],[[[-152.46652700036924,58.914995000193585],[-152.46543000020216,58.9063420002053],[-152.46070400032335,58.895449000006366],[-152.45258400001111,58.88487200003985],[-152.4346029996873,58.87586400020602],[-152.42594699979782,58.87337400016578],[-152.4209599998031,58.858473999876324],[-152.4137509998851,58.84760700009225],[-152.40144799984222,58.83667400000849],[-152.3832940001644,58.828290000201505],[-152.36088499988756,58.82304599986096],[-152.3407150001508,58.820390000090605],[-152.31462199991068,58.81999699989028],[-152.29290599956988,58.82264900012755],[-152.27553199986676,58.82726899982687],[-152.26241299986418,58.83284399978759],[-152.249643999666,58.84067399985395],[-152.2190589998988,58.838973000115736],[-152.19535699963632,58.840633000223036],[-152.1340719995758,58.85811799977424],[-152.10858500013143,58.844613999834586],[-152.06678100006965,58.8330130001163],[-152.03653400041122,58.82784199991417],[-152.0171649996672,58.82851799993028],[-151.98158200003456,58.83727700001315],[-151.96488399965068,58.84477699999125],[-151.95157399985243,58.852188000189535],[-151.93638699991243,58.867380000068266],[-151.9120469999655,58.87040999994622],[-151.8918050002587,58.87639100016183],[-151.88320100024777,58.880683000057815],[-151.86067300014528,58.899940000154615],[-151.8538890003747,58.908763999985084],[-151.8516409996139,58.91734799985792],[-151.85759000005646,58.935956999845544],[-151.86777599975807,58.946410999870416],[-151.91765499992624,58.975203999851885],[-151.93718399960554,58.988300000069174],[-151.96491600033605,58.9923429998305],[-151.99534600029256,59.005209000008506],[-152.01955499981995,59.01092100009434],[-152.04038900007876,59.012890000154236],[-152.05893399956886,59.01199500009276],[-152.0833670003005,59.005020999787156],[-152.12905000031932,59.01675100021266],[-152.14540300002338,59.01788699982739],[-152.18822200023646,59.01614399977885],[-152.21806499966388,59.00636900010543],[-152.228754000229,59.00177699984123],[-152.2366259999458,58.99574500003542],[-152.24565099990622,58.99345699982507],[-152.27272499996246,59.003202000056014],[-152.29471099974165,59.006625999885564],[-152.32345000022755,59.00745899987224],[-152.3527489996818,59.00486700020399],[-152.3690860003907,59.001699999818506],[-152.39385599960963,58.99395600012483],[-152.40596899968168,58.994227999892644],[-152.41402200004674,58.992239000101286],[-152.42941099965313,58.98140299985202],[-152.4373700003069,58.973526000150116],[-152.44090000028444,58.966087999881374],[-152.43983200042965,58.954739000053415],[-152.43748599975953,58.948423999874024],[-152.45207199982502,58.93947999998283],[-152.4573299999814,58.93445399992903],[-152.4648550002669,58.92421999997886],[-152.46652700036924,58.914995000193585]]],[[[-155.83680000042028,55.800824000101294],[-155.83684100042817,55.78301500021193],[-155.82624099955146,55.75927399995945],[-155.7943489995549,55.729594000060025],[-155.71982200036652,55.711785999854044],[-155.63461499993554,55.70584899979944],[-155.5813659996234,55.69991200017017],[-155.52809200009517,55.70584800015654],[-155.47475099972152,55.74145899978374],[-155.47466899970576,55.777074000071465],[-155.48522400037658,55.81862299997378],[-155.4745049996742,55.84830099999799],[-155.45311899994465,55.88391600002672],[-155.47435300023656,55.91359399994061],[-155.53824000016192,55.925466999815754],[-155.58113899984264,55.930679000183005],[-155.60688399992821,55.930680000105404],[-155.6341000002747,55.92547100004313],[-155.6767649996037,55.907662999834194],[-155.75145700044516,55.85424200005553],[-155.80476100011057,55.83643700016104],[-155.82610699965716,55.8186299999759],[-155.83680000042028,55.800824000101294]]],[[[-156.7513889998352,57.250096999917666],[-156.75138499963722,57.177841000142536],[-156.33071299991565,57.17784900018401],[-156.330702000045,57.05083899981916],[-156.31166999958484,57.06791600019824],[-156.31237199974169,57.08704499983306],[-156.3164830004006,57.10550200007267],[-156.26275700006246,57.133597999912936],[-156.2278110002894,57.16245499994822],[-156.2145059996157,57.195179999857224],[-156.22538799962638,57.21730699984103],[-156.2417649996199,57.23217600014488],[-156.24704100021796,57.24377600014563],[-156.21561299982855,57.281978999979415],[-156.2009649998388,57.301703000018406],[-156.19669800044255,57.310195999984515],[-156.18416299969783,57.31722699978866],[-156.17104600024342,57.33407499990448],[-156.16957199960947,57.34291900016428],[-156.16719599970043,57.3458520000627],[-156.14182499970866,57.35363499997617],[-156.11454599961297,57.36852100018409],[-156.09835500029058,57.379847999828684],[-155.97891900031203,57.3958949997893],[-155.93975800012296,57.41287000000421],[-155.91980900031913,57.433028000117886],[-155.85079099956067,57.48838300005584],[-155.84448499964103,57.497512999966894],[-155.81684400004542,57.49770999980283],[-155.79612799978736,57.495527999947036],[-155.76440900004312,57.49909499992973],[-155.7192590001268,57.49741899984935],[-155.66795999975133,57.508351999797824],[-155.645502999794,57.52235799996717],[-155.63256700008952,57.58681300002188],[-155.6394859995793,57.60226699976647],[-155.60103199956998,57.610837999793326],[-155.58910900036707,57.60827600023079],[-155.4598640002555,57.63764800013203],[-155.43197000004153,57.63248200018996],[-155.37955500013075,57.625972000101335],[-155.3609140003812,57.62502899988633],[-155.32735699995496,57.632959000021394],[-155.3003969997015,57.642894000082066],[-155.28094800038818,57.65683100022927],[-155.27619800021986,57.66995400014368],[-155.27700300030892,57.67611200021864],[-155.24578800035482,57.68159499978205],[-155.22530200025057,57.6988820002286],[-155.20995499957863,57.71625699988207],[-155.17921800037377,57.73225799982317],[-155.1500599995882,57.75002199988206],[-155.1507149998894,57.77196099992429],[-155.1608610003063,57.79058800001359],[-155.12902299983807,57.78795299982557],[-155.09942200026003,57.79123999994833],[-155.0788759998813,57.79534000020759],[-155.06085000024996,57.80290899978173],[-155.04352500005228,57.8123900000328],[-155.03436600019756,57.824496000015785],[-154.99401699960487,57.86318800015066],[-154.9807000001339,57.89480999981016],[-154.96968699970367,57.92785400017925],[-154.9539370004223,57.949785999935806],[-154.94074200025173,57.975071000061035],[-154.8938030000572,57.98354100001647],[-154.86530399977082,57.967639000144],[-154.84036799997224,57.96221899992849],[-154.80092899994884,57.9591479999086],[-154.77630899961943,57.96271099984525],[-154.74774599975893,57.969187999879495],[-154.7089889998009,57.98229499992707],[-154.5891350002459,57.98977900010526],[-154.53959500001142,57.98819700021569],[-154.39074400022764,57.99930100011691],[-154.33512599967915,58.02671100017376],[-154.3156689999699,58.027164999952],[-154.28817999981194,58.030823000019566],[-154.26552299983803,58.038228000025384],[-154.25694999978927,58.0449869998983],[-154.2379600000602,58.054552000038],[-154.22046900018117,58.06617299989627],[-154.21180099969783,58.08028800011787],[-154.1801649997943,58.084842999943085],[-154.15518600033798,58.09098300007429],[-154.13365400012026,58.100140999941196],[-154.11956500017223,58.113227999976644],[-154.1104089997923,58.13139100007411],[-154.10891800033818,58.14600999998574],[-154.08282400027315,58.1540119999602],[-154.07008699986204,58.16235700009392],[-154.05897100039797,58.17520600012516],[-154.0529159996501,58.18919600016907],[-154.05246299991362,58.20118300001345],[-154.03904000013742,58.23036199983372],[-154.0263799997192,58.2469199998392],[-154.00208499997814,58.27243400000673],[-153.97003800017083,58.312724000055056],[-153.92598799989634,58.319794999886454],[-153.9093270002207,58.3291039998308],[-153.85855699974977,58.37427399992088],[-153.85686899975389,58.384373000076124],[-153.85852199958964,58.39760100014527],[-153.8641649997105,58.40878100009515],[-153.87260200021518,58.41513699977142],[-153.87671899982354,58.430756000145685],[-153.88390000015244,58.438547999997795],[-153.8840869997502,58.44880400019099],[-153.8817939996818,58.45649900019423],[-153.8680579999112,58.46027499999567],[-153.84442000012115,58.47226299992908],[-153.8210700002112,58.487799000162184],[-153.81065600000568,58.51538599987468],[-153.79948000026712,58.509222999947994],[-153.77841199965658,58.504043999838615],[-153.6923609996768,58.4935059999343],[-153.65410000001134,58.499597999843374],[-153.62800299957325,58.50829700000871],[-153.60980399968955,58.51974599993554],[-153.5974089995852,58.53299799995324],[-153.59266799963774,58.54225299983671],[-153.55711799961713,58.54375900004982],[-153.51515000042212,58.54839699999213],[-153.49179799996404,58.555502999905904],[-153.46870900016998,58.56650200006907],[-153.4614819998103,58.572607999784694],[-153.45184000008186,58.58497299978007],[-153.44701999959338,58.59840900008761],[-153.45790400015218,58.62345599999651],[-153.47877600004583,58.6416940001688],[-153.37158100018584,58.67327500016535],[-153.357442999834,58.6818109998828],[-153.31802100042736,58.712962000170165],[-153.30723399995296,58.70916199988417],[-153.27803199968474,58.706901000204915],[-153.24479800019702,58.7074700001213],[-153.21406500029178,58.71637999983789],[-153.18696399957304,58.72934499995961],[-153.17607499988966,58.74151199993146],[-153.16684599971478,58.755175000222614],[-153.1659250001731,58.76498400009406],[-153.1701909997444,58.775172000112875],[-153.17663599958126,58.78466499995494],[-153.1891210000973,58.794151000178935],[-153.2025000003908,58.80133300014171],[-153.18637299974426,58.80761700000546],[-153.1670290000129,58.823018999949376],[-153.15842900019993,58.83554000002265],[-153.1523490002361,58.847581999919704],[-153.1516470000792,58.85756100003324],[-153.1528399996074,58.86901900020523],[-153.15776800005096,58.88144300020713],[-153.16514100000043,58.89271400007503],[-153.17357500013208,58.90019300007458],[-153.1816800003757,58.90407699995566],[-153.25015199971455,58.8550360002137],[-153.6394029996178,58.855028999884624],[-153.63902699987415,58.73945000006779],[-153.81707599972813,58.73944599991988],[-153.81707599972813,58.65275999997385],[-154.3123540000775,58.65275099976706],[-154.31235499990242,58.46492899981686],[-154.36749600042495,58.464928000003326],[-154.36743500032557,58.421582999906065],[-154.45003999999338,58.421582999906065],[-154.44993100021344,58.39268600003233],[-154.48281300024703,58.39268600003233],[-154.48277200023912,58.36378900023413],[-154.59127500015342,58.363787000040986],[-154.59128299965104,58.334890000065116],[-154.7547849997976,58.334886999913],[-154.7547909996454,58.30598900012567],[-154.8920439999162,58.30598599988012],[-154.89199000038786,58.29153799999254],[-155.02805600007994,58.29153499993806],[-155.02796900004134,58.26263800022946],[-155.08180599980923,58.262636999867546],[-155.08180800035737,58.23373899997176],[-155.24531499962853,58.23373699998123],[-155.24531700017664,58.190390000015555],[-155.35476599974695,58.190387999949394],[-155.35449399976036,58.10369500008015],[-155.29990999962976,58.10369500008015],[-155.29982400031437,58.04589900007299],[-155.35247199985366,58.04589900007299],[-155.3521150003766,57.885933999864776],[-155.45985800040768,57.885932999874505],[-155.45982800027048,57.84258400006471],[-155.54112300023417,57.84258400006471],[-155.54103799984534,57.81368400007846],[-155.70303299974603,57.81368099982473],[-155.70287000043774,57.75588700002078],[-155.75673300014492,57.755880999963864],[-155.7567409996425,57.7125299999386],[-155.7780169997672,57.7125299999386],[-155.77795499984293,57.68363300014067],[-155.91143899976166,57.68362799994636],[-155.91137199981452,57.64027800022919],[-155.85748200034317,57.64027800022919],[-155.85748200034317,57.62582900021416],[-155.83169299987665,57.62582800021632],[-155.8316400001732,57.61140799976245],[-155.88440400006345,57.611377999936295],[-155.8843930001928,57.59692800006806],[-155.91130499986735,57.596927000237486],[-155.91128300012602,57.58247700009341],[-155.93818499975484,57.58247700009341],[-155.93815200014288,57.568026999772655],[-155.96504399972596,57.568026999772655],[-155.9651750001455,57.61137700002185],[-156.0179409996856,57.61137700002185],[-156.0179399998607,57.59692599992551],[-156.0717490000395,57.597001000140885],[-156.07172200027532,57.56802499996782],[-156.09861399985837,57.56802499996782],[-156.09858200007133,57.553574999816746],[-156.12546299978376,57.55357400024039],[-156.1253759997451,57.524673999815725],[-156.2052599997224,57.52466099983595],[-156.20527700033915,57.53912199991644],[-156.36572900000888,57.53911899999754],[-156.36571399994028,57.510220999889064],[-156.39256299986562,57.510218000004386],[-156.39254100012434,57.495768000151784],[-156.4462199997085,57.49576600024107],[-156.44609000001213,57.4524150001885],[-156.4993250000806,57.45241399977091],[-156.49932099988266,57.380159999758],[-156.55282999958746,57.38015899978574],[-156.55280899967107,57.36570799998447],[-156.54043799985618,57.36570799998447],[-156.54039600002338,57.35125799994642],[-156.61916199991717,57.35125599987975],[-156.61912699975707,57.30790300019919],[-156.67253199970483,57.30790300019919],[-156.6724029998334,57.25009900014691],[-156.7513889998352,57.250096999917666]]],[[[-156.90203300009517,56.165445000121316],[-156.90315299982848,56.15505300016388],[-156.89738500003415,56.13770500003539],[-156.8931000001963,56.13097600002859],[-156.8836020004079,56.12284000018508],[-156.87142499986342,56.1159899999486],[-156.85286299975652,56.10937400008419],[-156.81716999962077,56.10409599979209],[-156.82106399964638,56.08818400012863],[-156.82008299983025,56.07056199987769],[-156.83535199978604,56.06023599976903],[-156.84537299963114,56.040272000010056],[-156.8465280004229,56.03022899998215],[-156.84491400004686,56.02211100021799],[-156.83812000023056,56.01268399999458],[-156.82641200021445,56.00757800014099],[-156.8320899995971,55.99615400021992],[-156.83339000015377,55.984214000093765],[-156.82220900039238,55.96755599987016],[-156.79307400007133,55.95579200013585],[-156.76399999984963,55.95300100003347],[-156.73216300010463,55.953497000023084],[-156.67542700037097,55.95677000014942],[-156.6477850000521,55.96230199985551],[-156.611958000022,55.98291900012825],[-156.58445799999342,56.005636000034585],[-156.55332400023022,56.02707500004448],[-156.54804199978437,56.038616999901414],[-156.5474169996204,56.04864299975492],[-156.55342700016237,56.05841099986614],[-156.55029300001993,56.06430199994283],[-156.55015199955463,56.07664099995876],[-156.55604800029377,56.09016200010003],[-156.57397000016806,56.10230500009716],[-156.58933000036043,56.109274999808754],[-156.59146699989486,56.11488800010785],[-156.60229399965397,56.12697100004773],[-156.6098480002518,56.13214900008579],[-156.62681500024917,56.14019200012237],[-156.65722699976402,56.14690199977502],[-156.67196099996752,56.14835099987602],[-156.6758669996887,56.15249899990765],[-156.6672910001652,56.15671800006446],[-156.65376999958144,56.16759399994458],[-156.64938799965918,56.184195999795634],[-156.65111199964005,56.200959999909664],[-156.6600959995926,56.21499299999134],[-156.67325300012828,56.224077000158054],[-156.67800499994638,56.23987999992218],[-156.69062600000652,56.25724900011092],[-156.7073939998123,56.26742600024298],[-156.7289069997635,56.273984000149994],[-156.7702339997993,56.27979300010427],[-156.79285099959026,56.27957600005487],[-156.8199820004462,56.276518000110435],[-156.84199400016465,56.27007999990844],[-156.85858299987032,56.25929799987],[-156.8722280003026,56.247023000177805],[-156.88071299958952,56.23228700002539],[-156.8780420001277,56.223304000137425],[-156.89116500032821,56.21256300022013],[-156.89800299962712,56.20166100009166],[-156.90016400034935,56.191610999844755],[-156.89920000025162,56.181018000059225],[-156.8967699999159,56.17352300012123],[-156.90203300009517,56.165445000121316]]]]}},{"type":"Feature","id":"AK|Denali","properties":{"state":"AK","county":"Denali"},"geometry":{"type":"Polygon","coordinates":[[[-152.99764699991897,62.727401000142635],[-152.99960899955124,62.72583099998171],[-151.89378399960935,62.72586400004422],[-151.89401499958808,62.798058000038615],[-151.87653899977764,62.798058999959515],[-151.22709700013482,62.949786999958],[-150.54581299982587,63.10410400012866],[-150.00375699983877,63.22343099984997],[-149.49234000004563,63.33321800010173],[-148.02561799982365,63.33323299984342],[-148.0256270000445,63.47760900016079],[-146.99996599956407,63.477618000146705],[-146.99990899966267,64.25719600007032],[-147.77377900019994,64.25816300004756],[-147.7914330002856,64.26176199984957],[-147.80784100024127,64.27031800017221],[-147.82046499977616,64.28120399988325],[-147.86842400014487,64.28762700005433],[-147.8834849996882,64.29281800016926],[-147.89230999963203,64.29725599996502],[-147.8942989999268,64.30632400000476],[-147.90976299987625,64.31036299997545],[-147.92525500031311,64.31231299984688],[-147.93108000000882,64.32202600004297],[-147.9588419999783,64.32452800012717],[-147.97278299978828,64.32848800018314],[-147.99116400014518,64.33623899994905],[-147.99357000019145,64.34103699999369],[-148.0032200003158,64.34662800006198],[-148.0254169999822,64.34389199993109],[-148.0350040003574,64.34566699987185],[-148.04310000038018,64.34276399995836],[-148.04669599958166,64.34380200007264],[-149.13259900038216,64.34377799990513],[-149.1326529999105,64.35821399986634],[-150.72938500015013,64.35817299982102],[-151.2819950000848,63.99726499994167],[-151.40762499983006,63.997261000162865],[-151.43299400017202,64.00780600006408],[-151.51633299978377,64.02063100018779],[-151.48965999958548,64.0446089999642],[-151.54048899960765,64.05044800018558],[-151.56490100042294,64.05500000007163],[-151.56490300007272,64.06943600007371],[-151.72975799958115,64.06943099990903],[-151.74142399976444,64.07271799992259],[-151.77606800031205,64.07317100000967],[-151.7939759999426,64.06943000019024],[-151.82687600041783,64.04055599993065],[-151.85973400016192,64.01890100016298],[-151.840435999563,64.01180300017562],[-151.83053500026682,63.99724800009008],[-152.05575799959362,63.99724200002417],[-152.05513199960475,63.82400599994304],[-152.22925600036933,63.82400100015719],[-152.2284389996864,63.6507600000397],[-152.87340999971852,63.65074500018286],[-152.87339200017513,63.4775000000618],[-152.81094499965025,63.477501000108745],[-152.81093100030486,63.34756299995911],[-152.619517000401,63.347567999933275],[-152.61951200037817,63.30425400004771],[-152.42809799957595,63.30425899988268],[-152.4280840002306,63.183171000004215],[-152.99764699991897,62.727401000142635]]]}},{"type":"Feature","id":"AK|Southeast Fairbanks","properties":{"state":"AK","county":"Southeast Fairbanks"},"geometry":{"type":"Polygon","coordinates":[[[-147.00003699970918,63.85975299988359],[-146.99996599956407,63.477618000146705],[-146.49433300035707,63.477638999835435],[-146.49431099971744,63.168975000197165],[-146.4845140001783,63.173231999863354],[-146.47139099997779,63.174986999802044],[-146.4665839999081,63.17757999990498],[-146.3834460001378,63.185123000125024],[-146.35150399991252,63.18622999982062],[-146.34115800037736,63.19081499991486],[-146.33997400017162,63.19061399997621],[-146.340796999804,63.187911999936986],[-146.3191240000193,63.191000999987764],[-146.30364099980324,63.188494000137204],[-146.24011700010107,63.18549399995838],[-146.23030700014314,63.18288399996364],[-146.21922299956776,63.18474499981853],[-146.19061600022465,63.18037400005029],[-146.18239399980516,63.182956000088566],[-146.17507299973417,63.18270600010245],[-146.17486100002205,63.189757000153804],[-146.16589299996306,63.184044999806545],[-146.14648899995728,63.183106999971855],[-146.1317639999746,63.18747199994819],[-146.12839499965557,63.190328999848276],[-146.1236599995559,63.190599000082045],[-146.12477099996667,63.192565000135495],[-146.12182400032032,63.19363100008471],[-146.12265100015068,63.194614000144995],[-146.1159870000307,63.19715000014768],[-146.11763900004158,63.19959200017637],[-146.11149799997835,63.1995180000236],[-146.11148600028278,63.21776199993438],[-145.15439499994883,63.2177809999715],[-145.1543849999031,63.13114899984691],[-144.58017099978065,63.13116799992705],[-144.5801590000851,63.116930999979026],[-143.1323370000788,63.11697800004188],[-143.14118399976394,63.1119850000315],[-143.14111799964172,63.10983999984875],[-143.13342500002506,63.09941699998269],[-143.12108599999718,63.09299799984461],[-143.12534200042103,63.08791400020268],[-143.12162699959725,63.077494999893474],[-143.1256219999052,63.074549000113855],[-143.12118899992933,63.06955300012691],[-143.1235249996554,63.0660679998887],[-143.11826999987207,63.061686000200346],[-143.1153349999213,63.056346999974],[-143.11815799971907,63.05258699996777],[-143.1267829996464,63.04766500010811],[-143.1262610003129,63.043332999889195],[-143.11493499988822,63.039199999871414],[-143.0909790000808,63.035421000106616],[-143.08660899985415,63.03216500005825],[-143.08447200031972,63.025421000191145],[-143.08972799992796,63.02023399999988],[-143.08858599955505,63.01784499995841],[-143.09055700030643,63.015287999828345],[-143.098875999912,63.00789099981525],[-143.08704400004734,63.008522999818844],[-143.07658600035919,63.0036989998409],[-143.06220899963276,63.00389000017765],[-143.05404599966283,63.00070000003877],[-143.02732899998193,63.00006499990471],[-143.00183699961633,62.99562300012196],[-143.00171799979069,62.99122600014225],[-142.99623200002864,62.981364999836394],[-143.00049900032315,62.97502200016581],[-143.00520099991255,62.97228700001192],[-143.02322900009202,62.972023999805074],[-143.0307049999737,62.96954400018932],[-143.0383869997197,62.969410000142055],[-143.03741099992644,62.965227999817955],[-143.03385199963657,62.9624820001628],[-143.03180700016367,62.95737599995753],[-143.0321350002267,62.95388400001185],[-143.03831899994765,62.95090699985934],[-143.03906600031036,62.948087000169735],[-143.03753099957706,62.94541600006595],[-143.04171800040393,62.942718000096804],[-143.02910599966629,62.94018800002456],[-143.0317770000264,62.936649000104474],[-143.03223800015888,62.93179100013345],[-143.03759099985152,62.93060200006729],[-143.04309400023027,62.92502200012133],[-143.06043000029862,62.92090699980091],[-143.06708500019772,62.915847999982745],[-143.0597480002332,62.90989200009484],[-143.06307800019422,62.904656999871044],[-143.07147799999063,62.900334999926145],[-143.07432799955262,62.89601000000981],[-143.08509400011064,62.895555000186725],[-143.09391400003162,62.88749800014601],[-143.09486800008358,62.87961399984532],[-143.0967019996693,62.87817000006647],[-143.10575799959184,62.87835800007561],[-143.11114499961965,62.87609800020326],[-143.12299800029905,62.87632899982189],[-143.12508200013005,62.8743879998919],[-143.12366799977053,62.871637999978724],[-143.12607499964173,62.86984500009],[-143.12463400041636,62.86854599994744],[-143.12753400020705,62.86166200008086],[-143.13133299979813,62.857402999838115],[-143.14516800020124,62.860656999872866],[-143.15488899957242,62.857617999902374],[-143.15671600038377,62.8539650001019],[-143.16217700003142,62.851831000088545],[-143.16203399991628,62.8420150001674],[-143.16423999994603,62.839875999970054],[-143.16434999955086,62.83456899982315],[-143.16627400044663,62.83266199993643],[-143.17447900024936,62.8325319998677],[-143.18197799969727,62.83046899981842],[-143.1906720001199,62.83266699981715],[-143.20756999962197,62.82909100006649],[-143.20811600014326,62.82541400015363],[-143.20356000014374,62.820853999814794],[-143.1773129999178,62.8137420000965],[-143.17798199956442,62.80832000006564],[-143.1701790003429,62.80331100008496],[-143.1636829995541,62.801398000192684],[-143.13898899960486,62.80340799999583],[-143.12735500010692,62.798135000007164],[-143.11828499994067,62.796786000084566],[-143.11411399990564,62.79204599995658],[-143.1026340003935,62.78950800003375],[-143.09742300009276,62.78640099987014],[-143.0847390002834,62.78258400013474],[-143.07637100027404,62.77531400009395],[-143.06447199956392,62.77173900019117],[-143.0436580002949,62.77047399988785],[-143.0370500002514,62.77126099993335],[-143.03007499978685,62.77463999990401],[-143.0194339998006,62.77424100003147],[-143.00893199973152,62.766691000025325],[-143.00982999970697,62.764888999898474],[-143.0150200000913,62.7646659999088],[-143.02343699960616,62.760402000117146],[-143.03054199976708,62.753125999842126],[-143.03285499992694,62.748343000178046],[-143.0546499999104,62.73724999985813],[-143.0627800002684,62.738142999889114],[-143.0678209997915,62.73277399988114],[-143.06570699982328,62.73116299998389],[-143.06635600027667,62.728821000120234],[-143.07258900040142,62.72539100001679],[-143.07164500039522,62.72288599990166],[-143.07557899970547,62.717128999891465],[-143.08140799959918,62.713920999815244],[-143.09149299991674,62.71220600013021],[-143.09100199964706,62.704639999820394],[-143.09710699972527,62.7034790000757],[-143.10017300009562,62.701294000006634],[-143.11758100013398,62.70335599989744],[-143.13038399976904,62.70008299996177],[-143.1381669997974,62.695400999854265],[-143.1422280002276,62.6903559998252],[-143.1375990004331,62.687763999836015],[-143.12494900006064,62.68502800008562],[-143.12867599968166,62.67485400002527],[-143.124537000332,62.670529000043445],[-143.11701000039668,62.667427999912015],[-143.116082000284,62.6657289998472],[-143.13048900024933,62.66175899984653],[-143.14491899978088,62.66468300007657],[-143.15520199956686,62.664847999927986],[-143.1708789999516,62.65584400006113],[-143.17360300001525,62.65078500000335],[-143.16737300026355,62.64950399994624],[-143.16006899991098,62.64519000006137],[-143.15937099995207,62.64191100011341],[-143.16073699973268,62.639433999934454],[-143.15446900034615,62.63615100020329],[-143.1513279996327,62.63081299998499],[-143.14187699969997,62.62738500007781],[-143.11752900025544,62.62557600009017],[-143.1145060004411,62.62287600008545],[-143.10792000013896,62.62138099990859],[-143.10499600005883,62.61490499993815],[-143.08929299973477,62.61453599990197],[-143.08092899992337,62.61112599997043],[-143.07851700002934,62.61352099980846],[-143.07317100000938,62.614476999947804],[-143.04088200035278,62.613420000073546],[-143.03157000033718,62.61629900012985],[-143.0153210003902,62.61520600004053],[-143.00600400035177,62.61707000018865],[-143.0061759998809,62.61284400002024],[-143.0034860001525,62.61099499996431],[-142.9977359999015,62.61015799984358],[-142.98143699972582,62.602299999960316],[-142.97363000030631,62.60109600008234],[-142.96880800016802,62.59778100009786],[-142.9633009995913,62.59666200001863],[-142.94597899976665,62.5953980001947],[-142.93373400034844,62.598456000116855],[-142.93176099994722,62.60554099985433],[-142.92794100043974,62.61117900001369],[-142.91705900042908,62.612451999956996],[-142.89948599963597,62.60640500020373],[-142.88202300024432,62.60421899987284],[-142.87489499961885,62.607088999871124],[-142.86805800014486,62.60771699985146],[-142.86201800036397,62.60327399993177],[-142.8527470003563,62.60115099981682],[-142.84091899979126,62.5995339999907],[-142.83155999992005,62.60034900004366],[-142.82898399999445,62.601385999902504],[-142.83662499973258,62.60555599991413],[-142.838696999868,62.60879499999562],[-142.82938400002755,62.61416100005305],[-142.82850600014353,62.616894999951306],[-142.83176699960927,62.620185999822446],[-142.82982800044155,62.6236720000127],[-142.8248199996321,62.62786300002677],[-142.8158580003192,62.63055100012847],[-142.8141960002626,62.636082999838216],[-142.80214000009195,62.63921699981535],[-142.80547800044886,62.64299600017666],[-142.79878300036677,62.64561500000068],[-142.79143600035653,62.65424200019615],[-142.77992099978596,62.65766499980186],[-142.7642379995534,62.65915399993299],[-142.74959200011176,62.65708600020213],[-142.742485000301,62.65781300004358],[-142.74004900011752,62.66085699984675],[-142.7406960000228,62.66189399980734],[-142.75212500037966,62.66981199988699],[-142.75300499991343,62.67532199980069],[-142.75168500016358,62.6826629999637],[-142.73919200014996,62.684062000026984],[-142.73274300011514,62.686820000178834],[-142.73582100018106,62.68999199989928],[-142.73310499961505,62.69288100010693],[-142.73408899980427,62.696154000191925],[-142.73893400040708,62.69943400010157],[-142.73123300039447,62.7082820001679],[-142.71952299983025,62.713507999952874],[-142.68665500004042,62.71130899993707],[-142.6771720003206,62.708188999967255],[-142.677113999696,62.70616600010614],[-142.6737140003131,62.7040010001024],[-142.65045700028955,62.69991699995329],[-142.63586200000324,62.70046200004047],[-142.63122399998795,62.69689600009207],[-142.6263969998268,62.68859199998051],[-142.62995699994156,62.6834400000798],[-142.6134300001602,62.68229099991941],[-142.598870000034,62.68395899989974],[-142.59382100011499,62.69027600006691],[-142.5856899999321,62.69459600012563],[-142.56938800028163,62.68794199984504],[-142.55308999993085,62.685471999850414],[-142.53461900006056,62.68550199996748],[-142.5183850001822,62.68158900010419],[-142.50992699976115,62.68136400006468],[-142.50563699990042,62.683822000163495],[-142.3135640003957,62.683827999864306],[-142.3135550001749,62.597192999854194],[-142.1261309996578,62.597192000147615],[-142.12583799975482,62.51055599986526],[-141.97735299966897,62.51055899985081],[-141.97733599995053,62.16398300003033],[-142.01498900006874,62.16398100003695],[-142.01498700041893,62.11764599999877],[-141.83181199975468,62.117178000134516],[-141.83180400025708,61.904053000004566],[-141.00160300004208,61.90404700015123],[-141.00132500020774,65.83943299994523],[-141.02951499979935,65.83783899990623],[-141.04789699998116,65.83306100005387],[-141.05294900027323,65.83073600008176],[-141.05279100008946,65.8280980001295],[-141.05523999979343,65.82728099998332],[-141.06666099975436,65.82808699992397],[-141.0748429999909,65.82538799987216],[-141.08082400022056,65.82726899997955],[-141.08587300013954,65.82557100001435],[-141.09798100018875,65.82725899997214],[-141.0992020002044,65.82587700017147],[-141.09260699968138,65.82374600010068],[-141.092445000198,65.82123399992399],[-141.1117420000737,65.82109500015237],[-141.1164779999983,65.81845400014157],[-141.1108059995651,65.81713899989927],[-141.10988000000057,65.81550699993623],[-141.1205970001548,65.81505899993634],[-141.12638500004059,65.80877399997506],[-141.1403030002844,65.8064389999167],[-141.13845399973172,65.8041790000308],[-141.12926100044015,65.80236599988956],[-141.126802999617,65.80042100004611],[-141.15127700035657,65.79838900002571],[-141.15355700000615,65.79574900004411],[-141.15032999997732,65.7933660001773],[-141.16354699988915,65.79068300006388],[-141.1684879998531,65.78599899984862],[-141.1670979997831,65.78392800005638],[-141.17641900001948,65.78119000015494],[-141.18005799977695,65.77819799984324],[-141.18876399989512,65.77699499999294],[-141.19424299998445,65.77365899988563],[-141.20341000023507,65.77289399996903],[-141.21076399991802,65.77489299981616],[-141.21640000036618,65.7724359999186],[-141.22633800037065,65.77254699988178],[-141.23228400044022,65.77071699991308],[-141.23089299964693,65.76908600011919],[-141.21834899957963,65.7678490001236],[-141.23437099974592,65.7649359998655],[-141.2345099996631,65.76336600012337],[-141.23112199997578,65.76048200013399],[-141.23583600015905,65.75802500005507],[-141.24646899974937,65.75948500016516],[-141.2445070001171,65.75399200006328],[-141.25564799969553,65.75296899993202],[-141.2554679997705,65.75020600005205],[-141.26395200013081,65.74340899983184],[-141.26422400011734,65.74014300016042],[-141.27505800044744,65.73949600011822],[-141.27762900035017,65.73729300011172],[-141.28707600008494,65.73564199986244],[-141.2833839997257,65.73307400007641],[-141.28352199981796,65.73169200016186],[-141.30373599993567,65.72436800004013],[-141.30402200016596,65.72273500016006],[-141.30826699982086,65.72052799983655],[-141.31906099996797,65.71736600014376],[-141.3258299996699,65.70981499988066],[-141.33333300021408,65.71218499987211],[-141.33622399978395,65.7116139999588],[-141.33813600008583,65.7062709998402],[-141.34388999963642,65.703180999846],[-141.3444229997389,65.69746500012113],[-141.34769900017156,65.69167900000133],[-141.3468880002347,65.6880380001107],[-141.33962999991292,65.68064400010549],[-141.35140400005125,65.67270400012755],[-141.35258999990683,65.67031399993036],[-141.35130299976893,65.66522999984635],[-141.35536800039708,65.66189099990032],[-141.36189100005174,65.66030700003219],[-141.36307899955708,65.65816800005882],[-141.3665659998769,65.65721800006425],[-141.36682699999284,65.65414000017915],[-141.3651280001263,65.6523849998996],[-141.3841019999618,65.64919800015105],[-141.38459800025436,65.64166100007552],[-141.40534399975132,65.63576600018288],[-141.4054550000794,65.63312799991792],[-141.3994770002228,65.63000300015717],[-141.39019100014647,65.62921099987362],[-141.38133000021764,65.62621900003504],[-141.38401599974807,65.6228209999974],[-141.38471100023227,65.61842200014232],[-141.38904600029883,65.61363800015872],[-141.41873499974042,65.60797000001067],[-141.42381799999464,65.60299400003294],[-141.4402810002019,65.5975459999711],[-141.4586249998505,65.58731699996147],[-141.46835000031797,65.5879159999192],[-141.486823999663,65.59363599986544],[-141.49927499984383,65.59372100012577],[-141.50149199974422,65.59057299999728],[-141.49518699964946,65.58632299997215],[-141.49820799981396,65.58555999999308],[-141.50689499966555,65.58741500001034],[-141.50968800022446,65.58275799991087],[-141.50665500036436,65.57988000009253],[-141.50710499972786,65.57813300005405],[-141.5101159998466,65.57365000006655],[-141.5136569996948,65.5731799999591],[-141.512304000333,65.57017399997503],[-141.51364300034942,65.56785899999902],[-141.52209500002436,65.56575799996169],[-141.52652899982516,65.56756399999878],[-141.52995900024357,65.57213699992836],[-141.54607900031914,65.57402699982964],[-141.55163299985324,65.57124400006079],[-141.55399700006672,65.56828300016626],[-141.55208700031298,65.56401900004339],[-141.5573139996089,65.56023199998583],[-141.55777899993933,65.55363500016854],[-141.56224100022752,65.54966200015036],[-141.5679579999682,65.5476940001162],[-141.58839100036903,65.54648600000817],[-141.60176800011445,65.54825499990028],[-141.60760500040408,65.54509099992471],[-141.604636999943,65.54127199994353],[-141.60642899969594,65.54013400010278],[-141.61145300039894,65.54015500016617],[-141.61651599966333,65.54291799992511],[-141.63316299999357,65.5429140000019],[-141.63674400002475,65.54063799992903],[-141.63670200019195,65.53894200015384],[-141.62631800012366,65.53553100014013],[-141.6269130001504,65.52874500009251],[-141.6232590003243,65.52159999998655],[-141.6247530001514,65.52077799994241],[-141.63350600012524,65.5196110000219],[-141.65210099984407,65.52461900014711],[-141.65824699993016,65.52214299988219],[-141.66227200037534,65.51855900008871],[-141.66205800011508,65.51716499997845],[-141.66853899993697,65.51606899992896],[-141.68333699971456,65.52046199995826],[-141.69350999989564,65.5215469999417],[-141.73670099965443,65.51223599987983],[-141.73757400041384,65.51097599985538],[-141.73358999997654,65.50923600005315],[-141.732624000229,65.50716799987069],[-141.74760500030473,65.50188200011628],[-141.75637499999698,65.5017130000127],[-141.7658810001813,65.50599900006047],[-141.7863610004378,65.50269100015487],[-141.7923209998528,65.49964499982708],[-141.79457799993614,65.49429399984983],[-141.78980000017876,65.48131800016614],[-141.79024399969447,65.47597699993212],[-141.79171300030555,65.47458699989525],[-141.81499299989528,65.46987899983795],[-141.8163310000868,65.46918100009391],[-141.81677999962537,65.46421599988841],[-141.8231829996294,65.4612299999758],[-141.83841899997324,65.46058100017599],[-141.85037300003665,65.45655700014538],[-141.85390700021213,65.45377299990665],[-141.8505670002054,65.44857899992344],[-141.85576099988938,65.44578599983225],[-141.8815879999907,65.44161799998487],[-141.89832499983433,65.44547700011226],[-141.8989759999376,65.4468549998551],[-141.8969349997643,65.4490019998168],[-141.8888239996729,65.45470299988611],[-141.88579300036096,65.46109599997324],[-141.89625400042215,65.46439500009859],[-141.90590199999838,65.46377200003923],[-141.91290199967898,65.4609039998701],[-141.9095499999767,65.45571100003468],[-141.92147499972774,65.45124199989428],[-141.9268569997327,65.44543000010466],[-141.939035999927,65.44403600011336],[-141.96403399964987,65.44645400015129],[-141.9918810000081,65.4402450000008],[-142.00666000041744,65.44774700004855],[-142.0108959998515,65.44796999991975],[-142.0177449999194,65.44547499995481],[-142.02638699956515,65.44642099988535],[-142.0281170002921,65.44816799999901],[-142.02218399974305,65.45090900012974],[-142.02303900006078,65.45347900001184],[-142.03093300041724,65.45449299981861],[-142.0385280001246,65.45180299993181],[-142.0435329996627,65.45233400017672],[-142.04570199988248,65.45370100016929],[-142.04313400035284,65.45748800005038],[-142.05816499975893,65.45939300005249],[-142.06596299985586,65.46543100014952],[-142.07726499999112,65.461017000115],[-142.09131299993123,65.46462299996772],[-142.09525999966033,65.46145400008992],[-142.09989400037594,65.46028900006249],[-142.10492800022632,65.4614459998657],[-142.10909900026138,65.46719499988652],[-142.11986900011905,65.47170099997678],[-142.1337759995939,65.46826799998249],[-142.13478999992032,65.46725599987616],[-142.13375600040072,65.46431099997955],[-142.13839699989072,65.46333399985039],[-142.14475399986404,65.46359999985003],[-142.14971900011744,65.46657799986863],[-142.16213699978803,65.46378200017594],[-142.16758800028828,65.46744600000825],[-142.18002600005033,65.46848000015584],[-142.18439799992683,65.46492899984877],[-142.1749269999026,65.46261500015503],[-142.17618399990326,65.46034400006978],[-142.1948869995771,65.45969499992762],[-142.20794299983046,65.46109899991119],[-142.2222150000766,65.45614799983991],[-142.2216660000806,65.45407999996883],[-142.217844000025,65.45310500014722],[-142.21886599984902,65.45234300001842],[-142.23342099995233,65.4503409999668],[-142.25775099985353,65.4507060001177],[-142.2610270002862,65.4497369998582],[-142.26134699995333,65.44696999998459],[-142.26326699975277,65.44607500002166],[-142.2762219997238,65.44546399983267],[-142.29667100001816,65.44070399988045],[-142.30708100002573,65.44063299991917],[-142.31117599989278,65.43794099983056],[-142.32962699967158,65.43269199991892],[-142.3305930003174,65.43092400016994],[-142.32775100025302,65.42843699986243],[-142.32844199964092,65.42717400004113],[-142.348208000045,65.42718800009455],[-142.35039200033341,65.42566099983519],[-142.350544999596,65.42276999987645],[-142.36396999992027,65.4169330000875],[-142.37412899985767,65.41508199996224],[-142.37607100029678,65.41186099986673],[-142.39686799984736,65.41167100002563],[-142.4129019997092,65.4097020000733],[-142.42009599955858,65.40583099984978],[-142.4284119996894,65.40635099984921],[-142.4317190000842,65.40319200013012],[-142.418513000043,65.40131600005988],[-142.4316939999698,65.3967209998192],[-142.43296100001623,65.39495500007563],[-142.43191400007785,65.39213400012207],[-142.4339469998552,65.39061500013051],[-142.44513900038558,65.3926169999713],[-142.44659800005263,65.38971600005927],[-142.4419719997329,65.38504200009095],[-142.45388599961333,65.38198500005744],[-142.4604369997554,65.3779010000775],[-142.48383699989407,65.37215100018074],[-142.49420099987088,65.37269999989074],[-142.50731499985054,65.3757230000387],[-142.5274179996402,65.37322199984668],[-142.57472699973056,65.38804500000866],[-142.60023199961662,65.39091600006],[-142.626503000132,65.38650599994165],[-142.66023600028535,65.37386599984232],[-142.66377200011067,65.37187599981854],[-142.66718400008745,65.36513500011911],[-142.67186700030857,65.36066099984308],[-142.67073300033155,65.35801800016878],[-142.67351000009862,65.35454000014646],[-142.67699800024334,65.34343900005814],[-142.68638300005384,65.33630999983833],[-142.70017999992382,65.33215699984574],[-142.7111699998895,65.33074499987877],[-142.71117400008745,65.32804500014488],[-142.72603299996445,65.3241059998674],[-142.75401300039206,65.3217969998294],[-142.78273799973599,65.31317299989043],[-142.7781120003146,65.31055800009257],[-142.77131199975216,65.31054699996535],[-142.7675039999403,65.31203600003933],[-142.76652399994907,65.31483900014702],[-142.7614640001594,65.3157930000708],[-142.7542510000434,65.31257199996496],[-142.76223099971529,65.308511999834],[-142.76060600036692,65.30710199986736],[-142.75175200011074,65.30783900005774],[-142.7437649998679,65.30621700010853],[-142.72956999961468,65.30816399981302],[-142.72480600010098,65.30715199998842],[-142.72909199976377,65.30407199990944],[-142.7399849996451,65.30429400016904],[-142.74286799971736,65.30257800013096],[-142.73425799985867,65.2969310000169],[-142.7358589998159,65.2943009999964],[-142.74248600012592,65.29033999993644],[-142.7341690001702,65.29017800008272],[-142.732339999709,65.2880789998347],[-142.72575199975705,65.28685999984837],[-142.72503899972952,65.2854900001162],[-142.72657000026487,65.2838719999265],[-142.73405600019228,65.28500400018649],[-142.73693699971642,65.28328700009457],[-142.7224760002227,65.27987499996466],[-142.7235659998188,65.2783950001752],[-142.73420299960708,65.27742400008464],[-142.73551900005728,65.27126600012193],[-142.73380599994704,65.268721000053],[-142.74534099971078,65.26210800012346],[-142.74174200013624,65.26049600002258],[-142.73317900013322,65.26090899998182],[-142.7298170003852,65.25847099993572],[-142.72650499996752,65.25098100012588],[-142.72776699999105,65.2479170000988],[-142.73408200013156,65.24207199996786],[-142.73359900025778,65.23981099989746],[-142.7285949996463,65.23564800001965],[-142.7313050003645,65.23370799994959],[-142.73489800009125,65.2336670001868],[-142.74355300015577,65.23771399992539],[-142.75330000036453,65.23785200017444],[-142.75442299957257,65.2367080000362],[-142.75309600015004,65.23477499990327],[-142.7468639998502,65.23340299991582],[-142.74254399985224,65.23150500004867],[-142.74276499978518,65.23030900011358],[-142.75364900034398,65.22729300006209],[-142.7641699997813,65.22786100000309],[-142.76697400021084,65.22499999992898],[-142.7501700004201,65.21998200009864],[-142.7489610001,65.21754600015639],[-142.75125900019123,65.21607400005777],[-142.76234200004336,65.21503400004858],[-142.76037000036536,65.21125599990715],[-142.7691879997382,65.20882799999444],[-142.76766999962163,65.20626999992962],[-142.77580199962944,65.20369200011523],[-142.7733970003064,65.2001709998427],[-142.76449399964642,65.19901899996104],[-142.76272000033515,65.19709200009869],[-142.7811150000374,65.19480200007911],[-142.78577700034214,65.19072600001958],[-142.79556300001065,65.18727899984722],[-142.7953760004129,65.18451699992028],[-142.79709700002073,65.18342800000542],[-142.80938499999496,65.18164700011832],[-142.80507400021784,65.17761500008291],[-142.80659300015932,65.17577500005414],[-142.81766500014078,65.17375700002657],[-142.82604800021875,65.16743500009463],[-142.84036899997037,65.1649350001758],[-142.84316599982887,65.16220000013065],[-142.84445100031695,65.15735800018714],[-142.8506450000836,65.15375099986724],[-142.84362600013642,65.14943899988126],[-142.84719000044913,65.14700800001076],[-142.8470890001668,65.14556399988521],[-142.86523399962383,65.14031299989674],[-142.90659300034503,65.14877799998004],[-142.9159649997367,65.1462079999113],[-142.93300299987925,65.14643000003532],[-142.95942599983226,65.13622199988414],[-142.9709039996946,65.12595500005688],[-142.98500100003852,65.12093100013736],[-142.99502299970857,65.12130099995521],[-143.00043800022377,65.12386800003625],[-142.99933199983587,65.12702400013116],[-142.9885250001683,65.13414199988998],[-142.99395099965582,65.13683499996091],[-143.00948099972754,65.13298299987785],[-143.0137649997405,65.12846400016858],[-143.0224609998129,65.12507999990169],[-143.02953800038472,65.12592699994514],[-143.0282770001861,65.13090799998712],[-143.0299159997782,65.1328340001446],[-143.04170400016022,65.13279899990347],[-143.0511719998114,65.12978000008819],[-143.0521929998105,65.12561799997694],[-143.04099000030777,65.119614000153],[-143.04462800024038,65.11648500014195],[-143.04468400031686,65.11334300008643],[-143.0503879996388,65.11188199981777],[-143.06736800005496,65.11353399988975],[-143.08181600002817,65.12093700007746],[-143.08986299964715,65.12082499983862],[-143.0997429999253,65.1174820000761],[-143.10095100042048,65.11011399983056],[-143.09799700020312,65.10858499995186],[-143.0985090003892,65.1075090000563],[-143.1093520000418,65.10886499990053],[-143.11409800001212,65.1066609998868],[-143.11459299958145,65.10351300007663],[-143.11225400038063,65.10034099990139],[-143.11012299979566,65.09226500002107],[-143.11389799999557,65.0891330001245],[-143.1199749995864,65.08873299994717],[-143.12457499996682,65.09036399994953],[-143.12718199985457,65.09315500004814],[-143.127058000006,65.09906299988312],[-143.13514700035608,65.10139899999731],[-143.13725700012634,65.09797500002239],[-143.1359080000642,65.09416199987699],[-143.15197799991105,65.08463199994378],[-143.15343400010335,65.08052600003658],[-143.15736099974092,65.07751600000549],[-143.1648509998663,65.07621399995743],[-143.17062700005656,65.07763899995514],[-143.17294500023928,65.08049600012339],[-143.17391400035987,65.0868910000449],[-143.1769160002578,65.08898399996848],[-143.18884699985665,65.08730200010093],[-143.19120699987215,65.08519399998903],[-143.18938199960894,65.07931400010293],[-143.19058599990612,65.07584000012588],[-143.19564300022108,65.07394300001964],[-143.21237699969166,65.07639899987137],[-143.22075399992187,65.07325900011845],[-143.2274940002098,65.0683830000278],[-143.23244000019665,65.0669890001011],[-143.23347999956403,65.06163200018507],[-143.2407510003046,65.05781599984657],[-143.24209199997082,65.05251799982416],[-143.246699000024,65.05068900009701],[-143.2604769996274,65.04997899993805],[-143.27392399969298,65.0471349999747],[-143.29023799993732,65.03959700018125],[-143.31245200022045,65.03504400001232],[-143.32874399982515,65.03598500016336],[-143.34862599968187,65.0439069999137],[-143.35603700016455,65.04360200004903],[-143.36931400035078,65.03899299982241],[-143.37469600035575,65.03595399995348],[-143.37411100037474,65.03439200012117],[-143.3613499996742,65.03471999999513],[-143.34752000019225,65.02456900018257],[-143.34717200003772,65.02231199989652],[-143.35045400031814,65.02075200008534],[-143.35374800029413,65.02181899987109],[-143.35604999968498,65.0201609999607],[-143.3677929998612,65.0201639999231],[-143.37313899988112,65.01844499996413],[-143.37392899990155,65.01227400011665],[-143.37205500013283,65.00790400006144],[-143.3611870003659,65.00260900017722],[-143.35806400009412,64.99920200001097],[-143.3644779999688,64.99699599988664],[-143.4021849996154,64.99931600014871],[-143.41203700030445,64.998214000083],[-143.4123860002839,64.9955059999866],[-143.39684799981632,64.99280300012629],[-143.3927859995612,64.99054300002388],[-143.39466900044903,64.98504499991196],[-143.40140600036395,64.9807259998602],[-143.42168200040595,64.97845000016272],[-143.43700400006517,64.98209699981112],[-143.4486719998983,64.9814670000983],[-143.4665450002671,64.98374899995866],[-143.46966699981564,64.98218900012995],[-143.46950799980695,64.9788609998639],[-143.47198699964818,64.97517499982177],[-143.48741999963548,64.96718800005615],[-143.4971209998135,64.9646370001361],[-143.5155749999653,64.96369899981737],[-143.52517200038622,64.96008000002561],[-143.52662900040343,64.9582329999081],[-143.52251899956943,64.95553699995426],[-143.50654099978408,64.95593200012495],[-143.49436599978773,64.95098299994523],[-143.49185900035744,64.94794499987664],[-143.49198700040395,64.94533500010151],[-143.5025570002451,64.94185800004665],[-143.50487100022985,64.93647699991149],[-143.49427499955115,64.9340780001702],[-143.49186000018236,64.93040999990058],[-143.48691699967023,64.92823000011951],[-143.48682899980668,64.92408399994414],[-143.4745159997181,64.91722200017367],[-143.47745499986684,64.91399699988642],[-143.4775000000727,64.9109170001301],[-143.48822800009756,64.90244099996751],[-143.48692400024126,64.89715199998865],[-143.49002300022357,64.89147500002477],[-143.4890699999965,64.88438899981628],[-143.4943420003966,64.87744999984267],[-143.49365500030834,64.87482200003483],[-143.4997899996255,64.86925099986017],[-143.49748300021173,64.86350799990579],[-143.50364299964323,64.8582510000565],[-143.50267900044383,64.84946799999304],[-143.49649300017478,64.84328700011746],[-143.48240500005164,64.84584899991596],[-143.4743690003033,64.84195999983643],[-143.47339500015988,64.83939999995363],[-143.4631049998029,64.83504599981119],[-143.44696700018397,64.82965600012881],[-143.43898699961383,64.82953599989735],[-143.44109399990938,64.82510199993408],[-143.43382899991488,64.82308400011983],[-143.43329099978953,64.82202499984649],[-143.43681499991928,64.82020699996781],[-143.43467900020977,64.8177909999648],[-143.43894399995614,64.8160239998301],[-143.44105700009945,64.81328699988154],[-143.44980900024837,64.8138339999919],[-143.45626499995583,64.81184199982964],[-143.4574080001537,64.80981199990626],[-143.4789710003336,64.80052899993815],[-143.4923499997288,64.80011699994515],[-143.50701299978718,64.80401800016426],[-143.5211229996516,64.80352799997104],[-143.52961399968459,64.80130899983754],[-143.52982600029503,64.79728300000309],[-143.5279369995594,64.79442400008384],[-143.51535400003237,64.78910700017254],[-143.51973500012969,64.78394200006079],[-143.53310799967713,64.78186099998618],[-143.53442699960206,64.78069999992326],[-143.53374799990974,64.7787549999343],[-143.5227989999519,64.77257699997982],[-143.49877399964925,64.77078400000083],[-143.49330899980362,64.76741899997673],[-143.49331100035175,64.76584799986509],[-143.50939200006928,64.75869799985864],[-143.50964399996434,64.75718500004362],[-143.50564500035676,64.75538300015742],[-143.506329000072,64.75406799990776],[-143.5224180001854,64.74932999987884],[-143.53429100005792,64.74954600004222],[-143.53893999994386,64.74533000019157],[-143.56334000016525,64.73741000017694],[-143.59614699985573,64.72961400004179],[-143.60825699955475,64.72063299989257],[-143.6083870001494,64.71775400009864],[-143.6138550003681,64.71355200006421],[-143.61870400027055,64.71202099993582],[-143.61923700037303,64.70993699988249],[-143.61479600000126,64.7065589998433],[-143.62433200032282,64.70337300015404],[-143.62274499971093,64.70056800012648],[-143.62648499975077,64.69774299991904],[-143.62591900003633,64.69589800016219],[-143.63836799966904,64.69269000015701],[-143.64031299958287,64.6880030001138],[-143.64594499983306,64.684993000118],[-143.64174600020894,64.6800339999945],[-143.6451570003608,64.67591199993417],[-143.6472129997044,64.66950600009369],[-143.67009700035734,64.66753699981336],[-143.67185399995017,64.6660509998821],[-143.6749169999475,64.66751100000477],[-143.6836819996169,64.66634499996796],[-143.68625500006775,64.66114899981092],[-143.69147300004119,64.66349000015799],[-143.69323999967975,64.65586700005694],[-143.7061400002975,64.6571269999393],[-143.70917599963232,64.65480299990274],[-143.71399199992283,64.6554399999923],[-143.7137249999591,64.65373600001394],[-143.71632000015128,64.6526389999317],[-143.72447200025059,64.65113899994383],[-143.73777700002597,64.65148700001579],[-143.75209100010485,64.64761800000649],[-143.76505799977147,64.64909000013792],[-143.78081899982183,64.64798900011142],[-143.7867170002108,64.6508749998837],[-143.7904210002656,64.65049900014372],[-143.7901879997388,64.65184200006615],[-143.7927159999838,64.65285200001631],[-143.7951730000837,64.65183999984163],[-143.80918800041187,64.65326400010532],[-143.81650500028493,64.65617700017467],[-143.81899499999676,64.6548479998137],[-143.82964299965573,64.65605499992823],[-143.83644400004303,64.65467900000125],[-143.84894299990447,64.65516199999544],[-143.8626450002382,64.66101300009144],[-143.87815699986822,64.6637000000522],[-143.8990709995947,64.66164400007825],[-143.91644099999823,64.66449799981632],[-143.92509100003988,64.66803899986527],[-143.99195200027407,64.67146599993826],[-144.02303099978573,64.67565199993429],[-144.0501969999035,64.67361499985384],[-144.05208999993877,64.67714699998567],[-144.0611590002801,64.6834420000177],[-144.0690290003471,64.68356199985952],[-144.06883900037627,64.68176199984399],[-144.05933900003976,64.67580000002117],[-144.05584000002432,64.66774699989664],[-144.06975700044322,64.65981299988866],[-144.07251099974573,64.65408200018665],[-144.08993700022577,64.65221300013177],[-144.10474400022417,64.65660199992045],[-144.1192149997636,64.65019300008719],[-144.12957600026567,64.64946100012651],[-144.13726899988234,64.65405099982536],[-144.1506199996885,64.65613900003066],[-144.1631710003268,64.65333000012829],[-144.168354999965,64.64940199999567],[-144.1773940001691,64.64743099985235],[-144.1826890001354,64.64251899993164],[-144.19011700033653,64.64107399986084],[-144.20256500014432,64.64395700011681],[-144.20903799957026,64.6483670000984],[-144.2221699999916,64.649708000123],[-144.23290899988714,64.64930299999652],[-144.24430300008387,64.64598799987516],[-144.26507899971807,64.64701399997105],[-144.274239000296,64.64409000007696],[-144.29585900037728,64.64277100011638],[-144.31277000029817,64.64363000012904],[-144.31597999971027,64.6451359998485],[-144.31451600002038,64.63420900012632],[-144.32402700022757,64.63150999997389],[-144.3274290001586,64.62776599990367],[-144.3152139999793,64.62234400006759],[-144.31940500010583,64.6177629998473],[-144.34095099966896,64.61503200016934],[-144.3508169997034,64.61205599981474],[-144.35800800007803,64.60756500014693],[-144.4144590003047,64.59391699995017],[-144.41971499991294,64.59500399994158],[-144.44937900013846,64.59167199989434],[-144.45193400014767,64.59010000007854],[-144.45226100038582,64.58793800002803],[-144.4600960002927,64.58325999997525],[-144.47289999975266,64.58315500013477],[-144.48318699973657,64.58498900013365],[-144.49758399965617,64.59064899983184],[-144.50292499965326,64.5897820001676],[-144.5117010000916,64.59242299990358],[-144.546740999576,64.59062399982676],[-144.54930599963092,64.59214900012684],[-144.55252599998707,64.60064499996236],[-144.56212699970766,64.5991090001822],[-144.5874249999045,64.59902500007452],[-144.60131899985882,64.59540700016794],[-144.62227899961604,64.59845000001641],[-144.63477500000275,64.59419299988792],[-144.64167500012425,64.58794199987004],[-144.65433899984214,64.58847000006674],[-144.67208099979135,64.58289300018434],[-144.68970499973977,64.58865799989533],[-144.70215500009573,64.58925499989148],[-144.7310479996691,64.58688899997449],[-144.73391900004577,64.58956399991499],[-144.74808400016178,64.59278600006209],[-144.77275600036975,64.5865860001009],[-144.77881200004416,64.58197499998798],[-144.78837799960462,64.58027199981322],[-144.79313899964353,64.57048400008713],[-144.7980439996225,64.56829600017397],[-144.81715399990046,64.56691500000835],[-144.85383399970016,64.56679800005165],[-144.85835299988975,64.56841299987035],[-144.87650200044305,64.56880599991995],[-144.8947530002053,64.57180400013445],[-144.90126900018726,64.57090300017698],[-144.9298379998955,64.57828399991038],[-144.9435939997576,64.57760599988687],[-144.94942600002435,64.57457199989524],[-144.95819099969376,64.5728709998133],[-144.9781129997334,64.57159099988205],[-144.98533099987225,64.5686090000756],[-144.9909110002439,64.55925600012964],[-145.0023659996417,64.55530899986123],[-145.00379099987185,64.55003200011147],[-145.0164529999399,64.54200800013841],[-145.03410700002556,64.54298300005374],[-145.03925399985388,64.54194299993459],[-145.041416000401,64.53637399996177],[-145.03859899955265,64.52910100011145],[-145.04456100041406,64.5296249998953],[-145.06260600031197,64.52278699992154],[-145.07327900008525,64.51461399993708],[-145.08092999986914,64.51126699992844],[-145.08278699991942,64.50734899993711],[-145.1056869995676,64.50635199997667],[-145.11830099995504,64.50381699997114],[-145.14621500026044,64.50457400005631],[-145.15155500043264,64.50099300004334],[-145.15836900034037,64.49922400018305],[-145.18431500026745,64.5060380000579],[-145.19545300037115,64.50446499989458],[-145.20746000013798,64.5084350000099],[-145.2331929996297,64.49732399996732],[-145.2700160004428,64.4909230000104],[-145.29006399998087,64.49168899996917],[-145.30094000014375,64.49411299995431],[-145.30254199992592,64.49691099994016],[-145.3065749998687,64.49421600011127],[-145.31720199961126,64.49122599999117],[-145.35368399994255,64.48880599983265],[-145.36645999981343,64.4842200000296],[-145.37392900002243,64.4838359999592],[-145.37818799992098,64.48572700006446],[-145.3773359999763,64.48192699981519],[-145.3732029995761,64.47961899984824],[-145.3719640000171,64.47616100012387],[-145.37360199978426,64.47262300011059],[-145.3723570003775,64.46829799997984],[-145.36549700043895,64.465033000088],[-145.37117999984446,64.46073000017174],[-145.3715129999304,64.45640099994802],[-145.3740830000082,64.45524299996407],[-145.38242199970526,64.45583200015095],[-145.40392100031102,64.44953499980707],[-145.41811599966593,64.45093099997982],[-145.43466699973672,64.44440299986519],[-145.45046499959702,64.44850500001644],[-145.46703300028454,64.4350139999606],[-145.47978300021617,64.4350490000623],[-145.48407200025198,64.4315919998327],[-145.49114399990262,64.42911800015887],[-145.49808900022998,64.4231549998709],[-145.5289350001131,64.41806900006962],[-145.5356090002788,64.41750599990526],[-145.55808600032768,64.42413199982637],[-145.56518899994046,64.4223639999142],[-145.58493500025304,64.42518099997298],[-145.6031180002432,64.42309000008424],[-145.61812199988515,64.42630000003258],[-145.62434599978903,64.43101799991364],[-145.62021800031002,64.43475199998373],[-145.63500699986676,64.43987900017034],[-145.64963099956708,64.44104500007171],[-145.65874400028932,64.44012499982567],[-145.67489699997685,64.4456440001388],[-145.68292100002964,64.44464599982048],[-145.69084899982295,64.44910099998027],[-145.70147999976345,64.45120599992497],[-145.70355799974664,64.45388100014772],[-145.70278100014502,64.45664700001225],[-145.7120799997418,64.4548459999468],[-145.71541899992363,64.45231200018526],[-145.72662300014957,64.45774999988961],[-145.74000200044313,64.46013199994863],[-145.74241299961395,64.46423600018306],[-145.74988199982295,64.45014899991241],[-145.758596000337,64.44877300006793],[-145.7610860000489,64.44628400002142],[-145.7613479999897,64.44307299996778],[-145.76525200006108,64.44046499996776],[-145.7823620001736,64.43589599998226],[-145.79941500038473,64.43409700013305],[-145.80413500041576,64.43092900002588],[-145.83499200016956,64.43101799991364],[-145.83794100036405,64.43245900013812],[-145.8422229998289,64.4303880001725],[-145.85510699965477,64.42898700002748],[-145.86740700022287,64.43119500008626],[-145.88419799959487,64.42780700012348],[-145.8908809999814,64.42938299999071],[-145.89677799964716,64.42859300014872],[-145.90276100042496,64.42583499989138],[-145.91417700036303,64.42393500003077],[-145.9259339998846,64.4245310001494],[-145.9295380003803,64.41889599991488],[-145.92324800035416,64.41240999997052],[-145.93762299963413,64.41204600019316],[-145.94586799961982,64.40971099997773],[-145.9501109996249,64.40644800018018],[-145.95097699981332,64.40310399990506],[-145.9695699998823,64.40140299985453],[-145.970421999827,64.39779900010011],[-145.97767400030102,64.391774999903],[-145.99021699964507,64.38979900013133],[-145.99531900016584,64.38587400003225],[-145.99871900044707,64.38580900004914],[-146.0037719996657,64.38109099989136],[-146.02015200003228,64.38181199995972],[-146.02801399970335,64.37912600009558],[-146.03522900036742,64.38048799984874],[-146.04190400035804,64.37716000007627],[-146.05914599981676,64.38008700005747],[-146.07355000030734,64.38705400016775],[-146.0816089996219,64.38600499991914],[-146.0898810002701,64.38809399992942],[-146.12170700014445,64.3872500000858],[-146.13811799957486,64.38128500007879],[-146.1575919999009,64.38273000019315],[-146.1637039996518,64.38024900006941],[-146.17556499982877,64.37191899984136],[-146.19299299995862,64.3744080001885],[-146.20118299969275,64.36798800010797],[-146.20662099977417,64.36635000015141],[-146.21867699994482,64.36818400005518],[-146.22071999976797,64.36494000000695],[-146.2306860002598,64.36373399992046],[-146.23918399996552,64.35947000010185],[-146.24291899998246,64.35547300011505],[-146.22091700030975,64.34252399995783],[-146.22865299958414,64.33734199992665],[-146.22968399962895,64.33457199982168],[-146.22974999975122,64.32723399982366],[-146.23355699973817,64.32102200006348],[-146.23078099979602,64.31384900014342],[-146.23232900004982,64.31079200007927],[-146.25947199970307,64.30816399984683],[-146.26601100014958,64.30362900012106],[-146.28542799967585,64.3041040000129],[-146.301931999891,64.30112299986473],[-146.3038990004444,64.2983460000143],[-146.31118799983005,64.29487500009525],[-146.32275699992897,64.29209899984782],[-146.32373799974513,64.28840299990603],[-146.33514500036065,64.28918300018445],[-146.33562099966338,64.28344199999613],[-146.3446730002863,64.27636399994185],[-146.35632299967773,64.27599300004009],[-146.37530599973408,64.27862000000407],[-146.43252500023982,64.28154599980807],[-146.4864459996733,64.28176800015116],[-146.54891499993954,64.27271200012957],[-146.59539499965143,64.2623580001384],[-146.6157669999529,64.25989999988522],[-146.651377000248,64.25862200016476],[-146.6551649999684,64.2572120000419],[-146.99990899966267,64.25719600007032],[-147.00003699970918,63.85975299988359]]]}},{"type":"Feature","id":"AK|Matanuska Susitna","properties":{"state":"AK","county":"Matanuska Susitna"},"geometry":{"type":"Polygon","coordinates":[[[-153.00188099970322,62.72583099998171],[-153.00173599993826,61.42617200018615],[-151.33278399992403,61.42623899979544],[-151.33280200036566,61.252936000191404],[-150.97401400003093,61.25294000001009],[-150.97401700040402,61.166287000027275],[-150.77906699977652,61.07963900018933],[-150.42416300031994,61.16629299982625],[-149.9874950003713,61.224064000127726],[-149.89762200033593,61.26738699988535],[-149.74836899997095,61.397370999898726],[-149.359440000283,61.48402499979635],[-149.24044899964505,61.48402499979635],[-149.24039500011668,61.45514200018788],[-149.1800409996436,61.455139999850374],[-149.18006199956002,61.426249999820136],[-147.20659700044348,61.4262649999257],[-147.20660499994108,61.47066299996683],[-146.94255899963565,61.47067499987301],[-146.94260100036678,61.81727200011147],[-146.96095199968812,61.81727200011147],[-146.96097799962737,62.16385200018538],[-146.97981099989588,62.16385200018538],[-146.97980699969793,62.250496999949064],[-146.4239839999781,62.25051100000293],[-146.4239899998259,62.51045400017663],[-146.43688399969753,62.510453000039746],[-146.43689899976613,62.85699100016314],[-146.45012599972372,62.85699100016314],[-146.45013400011962,62.9578640000621],[-146.4942959996488,62.9578640000621],[-146.49433300035707,63.477638999835435],[-148.0256270000445,63.47760900016079],[-148.02561799982365,63.33323299984342],[-149.49234000004563,63.33321800010173],[-150.00375699983877,63.22343099984997],[-150.54581299982587,63.10410400012866],[-151.22709700013482,62.949786999958],[-151.87653899977764,62.798058999959515],[-151.89401499958808,62.798058000038615],[-151.89378399960935,62.72586400004422],[-153.00188099970322,62.72583099998171]]]}},{"type":"Feature","id":"AK|Yakutat","properties":{"state":"AK","county":"Yakutat"},"geometry":{"type":"Polygon","coordinates":[[[-143.89332600026486,59.9859760001688],[-143.89332600026486,59.942653000188166],[-143.86223199978633,59.94259700019691],[-143.8361660002087,59.94647899981921],[-143.75894799967037,59.96605600005571],[-143.6427019999107,59.98882499984095],[-143.53945100030504,59.99993900021108],[-143.4909050003055,60.003490999918036],[-143.15451899967655,60.01912999998336],[-143.11704100035882,60.01950000018568],[-143.05248300023874,60.028233000154145],[-142.8260449998457,60.051101999885496],[-142.7573790003381,60.05222800012745],[-142.57798700026967,60.04352000018923],[-142.49549399985656,60.033057000212445],[-142.47935100021473,60.02608800014667],[-142.4536499996118,60.020268999896444],[-142.4312420000582,60.01879400001605],[-142.40846799990842,60.02032000007995],[-142.29727400044084,60.0118270000004],[-142.19403700018054,59.99760699997795],[-142.13809399994201,59.98748100016699],[-142.001839999929,59.97460399978812],[-141.9139019997617,59.958271999987176],[-141.79562200039976,59.926892000113746],[-141.755024000285,59.91873700006723],[-141.40609600013693,59.823811999922064],[-141.34276700042838,59.809878999799906],[-141.05222000035215,59.737848999792035],[-140.91287300020457,59.698454999876596],[-140.84593199960443,59.688963000190576],[-140.80986899957276,59.68630000009379],[-140.7533300003809,59.677439999967895],[-140.67611100001767,59.668943000090785],[-140.6368279996299,59.666041999831876],[-140.58420699985479,59.666581999785386],[-140.42509699967619,59.657029999920326],[-139.90283499968223,59.49798299992096],[-139.71637000013828,59.43431300011714],[-139.58189100015974,59.378379999799144],[-139.39026800001855,59.317383000144936],[-139.26194599999675,59.281631999969385],[-139.05104000022354,59.233654999782495],[-138.9670060001276,59.21154699999093],[-138.8739029996904,59.18016600009585],[-138.7585459996853,59.12652600006482],[-138.63770200009338,59.07964499994459],[-138.61817599988885,59.07472800012665],[-138.471405999563,59.049105000008666],[-138.3499319997842,59.02236299991645],[-138.27894800009383,59.00044999982364],[-138.25250599987424,58.98944000000043],[-138.23702699985617,58.97687900016756],[-138.224081000106,58.96885100009643],[-138.11538300019805,58.91975700013275],[-138.03643900002902,58.87266100018695],[-138.02146700017417,58.86144900002346],[-138.0192650003424,58.854358000135846],[-138.0117269996381,58.841835000221856],[-138.01152199959873,58.83867900022378],[-138.02507499996952,58.8222709997736],[-138.02822500000545,58.81586299987988],[-138.0292970000582,58.808332999850364],[-137.94569999980527,58.80836499996107],[-137.52611500020498,58.906371000122334],[-137.50000000022354,58.985395000069964],[-137.54213499982313,59.10642699989042],[-137.6073540000922,59.243802999787164],[-138.10802899961678,59.50474399981351],[-138.62619900011669,59.768580000048885],[-138.66864900025885,59.809656000168395],[-138.67945699975135,59.845370000148016],[-138.70737600007962,59.90632600010884],[-138.79852000035933,59.92464900000947],[-139.05367300005057,59.99483599979494],[-139.198847000442,60.088295999828716],[-139.07212499965425,60.31942899990196],[-139.07482000030384,60.352504000220385],[-139.6929819996952,60.33522500000136],[-139.98109299958793,60.181965000101286],[-140.4582089998635,60.30808599995414],[-140.52042700005956,60.21981899995938],[-140.76880100000307,60.26017999998358],[-140.9307370003525,60.293446000185554],[-141.00183300019586,60.305893999974145],[-141.00183300019586,60.39168699981873],[-141.21344399960068,60.391675999962665],[-141.21345100017166,60.43526800008714],[-141.79060100006984,60.43523800017883],[-141.79117199980715,60.523035999935935],[-143.19351900020715,60.521828000175084],[-143.89332500043997,60.024165999914864],[-143.89332600026486,59.9859760001688]]]}},{"type":"Feature","id":"AK|Prince of Wales-Hyder","properties":{"state":"AK","county":"Prince of Wales-Hyder"},"geometry":{"type":"MultiPolygon","coordinates":[[[[-131.70360899985266,55.102153999890206],[-131.72036699961268,55.097358999876185],[-131.7583000001134,55.09286200003579],[-131.85500299995005,55.0886150001231],[-131.9413639995512,55.312825999949155],[-132.01316400009958,55.43175699976458],[-132.0238800004289,55.453876999954524],[-132.27723899981902,55.633801999861156],[-132.19890599957026,55.634359000176005],[-132.36955200023584,55.79915800008948],[-132.3860609995755,55.80564700010091],[-132.74346899988595,56.01154799996969],[-132.76645999977072,56.022532000050504],[-132.80329699992924,56.03614000004812],[-132.84738900003651,56.04849799991835],[-132.88035999975853,56.06076899998995],[-133.00772699990347,56.13487300008724],[-133.01531499993817,56.14613699994474],[-133.04484199989636,56.25382799978552],[-133.06229299959244,56.27283099978863],[-133.09617999973156,56.31491499993539],[-133.12447900000143,56.33433299977005],[-133.15002800026843,56.34739000017862],[-133.16907900009681,56.3550930002421],[-133.41746100043625,56.39460600019168],[-133.41361099989325,56.49416700016696],[-133.4141850000036,56.495566000175764],[-133.42456200039922,56.49727599993265],[-133.42469100027066,56.49952300024388],[-133.4191889997168,56.50435699981614],[-133.4079589995516,56.50807199989723],[-133.40434900010644,56.512505999843576],[-133.40424199997628,56.515233999931894],[-133.405791000055,56.51865200008007],[-133.41201800033193,56.5223190001141],[-133.4151969997819,56.52697899994452],[-133.4213999997694,56.52908900007199],[-133.42462299960027,56.53465099990838],[-133.43985499974613,56.53559999979102],[-133.44055100005522,56.53951699994571],[-133.43856199976048,56.54170599982181],[-133.43846100037644,56.54631899981897],[-133.4446479995721,56.550198000089644],[-133.446014000251,56.553316000211815],[-133.44269199978763,56.56573700008851],[-133.44820799968687,56.57347300020641],[-133.44503199971166,56.57659999977708],[-133.44767799995745,56.57837000005782],[-133.44867200019237,56.58326600016113],[-133.4447170000674,56.58601699991843],[-133.42902600033722,56.586703000184215],[-133.42499800041733,56.5901980001073],[-133.42342000002628,56.59390499984335],[-133.42664000038243,56.5969020000476],[-133.4249490000135,56.60453299996697],[-133.4277480004202,56.6091889997775],[-133.42661199989502,56.617832000231644],[-133.4321639997793,56.62592000001612],[-133.43235100027536,56.630952999978675],[-133.44130699974045,56.637626000228515],[-133.45553700015378,56.63711499995135],[-133.4707020003525,56.641168999852184],[-133.4776369997358,56.64613899998],[-133.48386599966256,56.65160199982285],[-133.48470000006392,56.658279999827045],[-133.48690600009365,56.6604779998363],[-133.48441300000874,56.671253999971974],[-133.48522700031862,56.673671999818104],[-133.49326399989187,56.67819899990469],[-133.50130800003612,56.68010400002954],[-133.51229800000183,56.68525000023233],[-133.5064089998337,56.6906819998467],[-133.50524999974232,56.694839999770416],[-133.50289499974966,56.69649599984745],[-133.49609900028355,56.69629200003378],[-133.48473100002604,56.699004999753576],[-133.4761520001295,56.69661799997657],[-133.4615710000869,56.69674899982862],[-133.45313299975732,56.698741000032136],[-133.44579199959486,56.705627000142975],[-133.45761299958886,56.70715599988322],[-133.46965000039123,56.70604599999313],[-133.47318500039168,56.70872399990337],[-133.47247900003683,56.711553999929244],[-133.4779609996009,56.712783999797225],[-133.48366200034636,56.711712999929176],[-133.50935200018037,56.7129539999226],[-133.51742700028677,56.721621999860375],[-133.5349590001737,56.72708999994708],[-133.54021499978197,56.73149899990907],[-133.5408950001975,56.73543099997905],[-133.54988599982272,56.73751399985633],[-133.56015899956293,56.74466400015094],[-133.56539900017597,56.74562499982113],[-133.56796900025378,56.74754800021467],[-133.5676050002057,56.74972299976017],[-133.56992900023621,56.75369399976531],[-133.57946399983456,56.75737500019592],[-133.57314000037152,56.76189399983294],[-133.5652390003424,56.761557999764975],[-133.5572820002368,56.76720999985586],[-133.55418900010224,56.765685000063186],[-133.5531389997908,56.75633400012883],[-133.5441399997697,56.75066999985617],[-133.53171399970321,56.749640999990405],[-133.52587300011393,56.74748799993027],[-133.51048799980722,56.75185400009295],[-133.4978860000136,56.746629000211854],[-133.49350800028935,56.748771999876006],[-133.4904240003756,56.753280999821065],[-133.48918699956815,56.75893000012845],[-133.49671900042463,56.763928000226294],[-133.49875100037713,56.76955900013395],[-133.4970759999017,56.77430400006731],[-133.49151700034474,56.7758429998604],[-133.4895360004459,56.78023700005485],[-133.4893520003229,56.78452099988822],[-133.49697899981734,56.78737699980239],[-133.49415400036972,56.79173499983484],[-133.49438799982312,56.79464300017794],[-133.50069700011585,56.7977529999088],[-133.5156890000622,56.7959829998108],[-133.51725400003443,56.802201000241546],[-133.51253400000337,56.81225700017682],[-133.49584700038847,56.81740500000459],[-133.49635399965334,56.82524399986674],[-133.4882889995927,56.8285209997951],[-133.48831600025517,56.837987000042396],[-133.47746799968138,56.844397000016414],[-133.47938500000612,56.84708800009411],[-133.48905500022198,56.84886900015068],[-133.4908229996855,56.850500999930176],[-133.494027999973,56.857065000244646],[-133.48796100042793,56.85994800002282],[-133.4848330001333,56.86418299984268],[-133.48661499984053,56.86639799998968],[-133.50296000004698,56.87327799984721],[-133.5031430003451,56.877927000195356],[-133.50147299989257,56.881188000160456],[-133.4787709997128,56.88415000021821],[-133.44094199986748,56.88225299992479],[-133.43682500025912,56.88665299987966],[-133.42512300009082,56.88797700012653],[-133.41988199965283,56.892917999966635],[-133.41194899983665,56.895098000085696],[-133.40197200037244,56.89540799987262],[-133.3970740000662,56.89385499989703],[-133.38881599966166,56.89583800008205],[-133.37590400024666,56.89473600013322],[-133.37051100037107,56.89807399978258],[-133.37004100001778,56.90656599996732],[-133.27375300028282,56.921888000198685],[-133.26977200021858,56.923507999909795],[-133.270814999959,56.930688000095344],[-133.26222799966652,56.93355700003893],[-133.25287399981818,56.93207900011838],[-133.26315900015226,56.935002999841366],[-133.26392700043138,56.93663399976386],[-133.26105100003178,56.938167999935835],[-133.26725599966915,56.939291999958776],[-133.27471400000746,56.944033999857325],[-133.27379000009276,56.94574699990894],[-133.27740399973587,56.95218899986487],[-133.2929439998533,56.965977000229124],[-133.29096600032753,56.968305999966105],[-133.29320499996922,56.97285700019284],[-133.2966269999917,56.97758600022716],[-133.30066300030754,56.97894799977656],[-133.3037029998403,56.98486900015184],[-133.31179899986313,56.99120399989646],[-133.31656199955188,56.997182000122926],[-133.31532700019082,56.99835100007086],[-133.3169430002167,57.00199599991072],[-133.31930700043017,57.00401100012478],[-133.32510500036173,57.00408799990646],[-133.32499900005652,57.06361099992599],[-133.65881300005952,57.16242699982385],[-133.75728300043312,57.15321200023718],[-133.7949490000718,57.15193900023957],[-133.83692899986067,57.15433300006713],[-133.91679000027173,57.16272999978181],[-133.94842299980223,57.16196699996488],[-133.99007399970316,57.15447099988045],[-134.00361600020332,57.16695299983969],[-134.02832799969593,57.16481299992791],[-134.06314499959757,57.156286000115735],[-134.33531899971283,56.96753900012275],[-134.43807399992426,56.91608400018952],[-134.4758409998453,56.89892600012357],[-134.50629799956602,56.88608399988837],[-134.57218399983188,56.861872999828336],[-134.54723999963736,56.82981199980226],[-134.52273999985684,56.75066800017861],[-134.47501599966478,56.55752600012086],[-134.46465599988593,56.36015099996499],[-134.46574200018236,56.28282900007299],[-134.66843200028217,56.28333599976432],[-134.668433999932,56.14841399988123],[-134.66639600013175,56.14758599986386],[-134.66638199988805,56.14502099994214],[-134.65220400025157,56.13447100007718],[-134.53278699964127,56.02826699985573],[-134.4941729997984,55.99963800021025],[-134.4902879999936,55.99267499982802],[-134.49067600033112,55.98596199982422],[-134.49654100020985,55.969896000240404],[-134.51250499975149,55.9559370002376],[-134.52497100000096,55.94856599983296],[-134.60155599997938,55.922924999829654],[-134.62212599974922,55.90869900019845],[-134.63199599998163,55.89875499995155],[-134.63848000017654,55.88915200006304],[-134.64568499989656,55.87147199984726],[-134.645128000403,55.86521699986743],[-134.64127399966202,55.857949000121216],[-134.62905299963495,55.84359200007359],[-134.61894599957608,55.83473399982125],[-134.59351400038324,55.81685300019631],[-134.5693700002549,55.80401000005401],[-134.50305600036688,55.777273000246495],[-134.42102999993395,55.7486309998067],[-134.29758600012698,55.720639999896996],[-134.19202700038431,55.69305300013879],[-134.16362299963416,55.721872000207426],[-134.04660899959538,55.85047699985384],[-134.03672699966742,55.88089800024055],[-134.02697799980885,55.89199999994269],[-134.02641700011728,55.88243300010962],[-134.01922699956756,55.864936999921966],[-134.00841900007504,55.85122200008906],[-134.00218400030047,55.84726199981013],[-134.00674899962252,55.842218999776115],[-134.01162900038545,55.830194000060125],[-134.0127680003853,55.81970500013153],[-134.00738499965715,55.805937999878736],[-134.00239199981465,55.799373000000735],[-133.99588400022859,55.79520100003881],[-133.96525500008042,55.78069900011138],[-133.9365640001734,55.77599699986902],[-133.9082969996906,55.776331000014764],[-133.89624800009096,55.778133000138496],[-133.88590000000767,55.78023500013213],[-133.85671600018114,55.79287199989359],[-133.8557260001442,55.79480799994555],[-133.83797800034716,55.79329700011615],[-133.8489619995668,55.77806399979116],[-133.84851800005111,55.76339500009903],[-133.8432599998947,55.75180400000944],[-133.8317839996822,55.74150999979661],[-133.8522279999537,55.733319000130585],[-133.87956200030098,55.715450999938426],[-133.88614600005496,55.7006059999065],[-133.88768099988997,55.68363899987476],[-133.88249100040397,55.67353400018214],[-133.86750100010744,55.65732499983183],[-133.84223399987275,55.64722800014959],[-133.81267500012748,55.64513499979953],[-133.80774900023212,55.63836399991294],[-133.79824600042082,55.633231000044205],[-133.8086129998724,55.61605700001165],[-133.81393499960288,55.6030499999543],[-133.81303900017554,55.59375999975106],[-133.81035100009697,55.586406000099316],[-133.8293390001762,55.57091699993793],[-133.83427199974426,55.55682299984749],[-133.8360919999846,55.54605300020977],[-133.8348409998317,55.53326000014891],[-133.8457370000861,55.52523299983885],[-133.8611979996625,55.5016230001617],[-133.8613809999606,55.48063899975032],[-133.88384100029103,55.46958499981861],[-133.8978559997209,55.45907500025151],[-133.9044539997186,55.44619699989853],[-133.90715299966786,55.43400300012718],[-133.89715000026436,55.414940999973304],[-133.8856980003413,55.403940999889],[-133.87391699963194,55.398840000194525],[-133.83303800020812,55.38856800017649],[-133.80732999993248,55.38803099999129],[-133.77159800033695,55.394322999963684],[-133.76915100028276,55.3889240001676],[-133.77215599965547,55.37914099999586],[-133.76736799985235,55.357632999768185],[-133.76137599975203,55.34626099976896],[-133.77029699995535,55.335120000079954],[-133.77844900005465,55.31961599978581],[-133.7788340000191,55.31004700007379],[-133.77571300029547,55.30287000023487],[-133.7756229998838,55.28224499979796],[-133.7616970001424,55.26579900009724],[-133.7414870002226,55.25036499985066],[-133.70760900030433,55.22937099983699],[-133.70473700010274,55.226322000108006],[-133.70393700003655,55.22030400002933],[-133.69748499962873,55.20789700001704],[-133.69122100044015,55.19847300014217],[-133.67001200026257,55.187833000054056],[-133.6481679998753,55.181492000117316],[-133.63745900011702,55.178804999898865],[-133.61148100040293,55.17645899981599],[-133.61365999977016,55.17026499998701],[-133.66021599965003,55.117188000194545],[-133.7009400001615,55.078616999980234],[-133.75102199982098,55.036516000066854],[-133.76698899973564,55.02585599974595],[-133.7905279997915,55.000580999892726],[-133.78452099962257,54.953490000056966],[-133.7760530000541,54.937352999936486],[-133.76643200024205,54.90497699984167],[-133.7560580002195,54.87727900010646],[-133.74156599986534,54.822922000073646],[-133.72450500015663,54.7949710001775],[-133.69664799975263,54.73604099989653],[-133.65963400004208,54.64915199988528],[-133.64890299964415,54.63204499997707],[-132.9257020001938,54.658970000207624],[-132.00480799978578,54.68244799992681],[-131.76233899990396,54.686840000174946],[-131.79428699997706,54.94401700019295],[-131.81624599999208,54.967993000064006],[-131.70181799992463,54.970387000019684],[-131.68796300032832,54.98072500017084],[-131.5898200001929,54.98275200016614],[-131.58680300022633,54.98008400018549],[-131.52922399987048,55.00752099981303],[-131.48327100041328,55.00177099986426],[-131.46815200024534,55.0021130001754],[-131.45754800006898,55.00453799981801],[-131.44900400033256,55.002419000097476],[-131.4318630002579,55.00126599992947],[-131.4040400001891,55.00366199989478],[-131.4011629999646,54.99934300004225],[-131.39558799961583,54.99657099995601],[-131.38168899963858,54.9967599999676],[-131.37768699965795,54.99871599989569],[-131.3754089996582,55.00188399989034],[-131.3749369996551,55.004419000086195],[-131.37637000028116,55.0062240002427],[-131.36306499960745,55.01351799979691],[-131.3589499996489,55.02094900016193],[-131.3559159999639,55.022149000111256],[-131.35673399957344,55.02530399977938],[-131.35395299960842,55.02876199983152],[-131.34607300039403,55.033337999792494],[-131.34249300018777,55.037668999957354],[-131.34021299963985,55.05001899993187],[-131.3377430000195,55.05449000003386],[-131.33589400036516,55.071485999943036],[-131.33756499974425,55.07863499999967],[-131.34085799989532,55.082027000030294],[-131.34201399961364,55.101155000183105],[-131.3434120000796,55.1044080002359],[-131.34251199955602,55.10956900006875],[-131.33630500026885,55.11884799983667],[-131.33609600003152,55.1248899997875],[-131.33960599991755,55.138070999853575],[-131.34588699972286,55.1430829999765],[-131.33692399968675,55.14767099996963],[-131.33614600026021,55.1511860001146],[-131.33773200014883,55.15406100020881],[-131.32439899988606,55.155094000102444],[-131.31899699978962,55.15792300022196],[-131.31360599956383,55.16196900007903],[-131.31318899981233,55.165402999744806],[-131.30972800033007,55.17031000024575],[-131.31148800029598,55.1732190002185],[-131.30017500029007,55.17495800006759],[-131.29532999968725,55.178368000054924],[-131.29388699991378,55.181495999859266],[-131.2984370000655,55.188630999803785],[-131.30590100025162,55.19296400014909],[-131.3175180000311,55.193371000034794],[-131.32886799984692,55.19715400017554],[-131.3398119997819,55.19628700003762],[-131.34939499995912,55.19811800020262],[-131.35155800033112,55.2013689998279],[-131.37258199966243,55.209095000190985],[-131.37869199976353,55.20998300009696],[-131.3860539998424,55.21581899990038],[-131.40605399969988,55.224247999820435],[-131.4134690003805,55.22599799999149],[-131.44349099990805,55.22732700013429],[-131.4505359997945,55.22966799996558],[-131.4494999997268,55.231658000074205],[-131.46096099987068,55.241612000047105],[-131.46043199996618,55.25060999979983],[-131.46267099960787,55.25477100025523],[-131.48066500035046,55.2637379998622],[-131.4828019998849,55.26768299982146],[-131.4821540001547,55.27011900024929],[-131.48639999963453,55.27429900013482],[-131.50213700029374,55.277132000206386],[-131.51238499991962,55.27445800005596],[-131.5173819999601,55.27469299986784],[-131.5323010001115,55.28513099995726],[-131.53641400042022,55.28544199994711],[-131.53819899960217,55.28764800007693],[-131.54597699960766,55.29037200024088],[-131.55990300024735,55.29375799999502],[-131.57636200025667,55.29365300008495],[-131.60191300017345,55.27911899981808],[-131.61816299994538,55.27848999999684],[-131.62517000019702,55.27447499995835],[-131.62590300031604,55.269356000081984],[-131.62116900004128,55.26499100012703],[-131.62265399964755,55.261981999862],[-131.62181000009878,55.25848100023894],[-131.63831099994087,55.246441999816334],[-131.648375000342,55.22795099998707],[-131.66211799978532,55.174912000081484],[-131.67703100008893,55.13986999988204],[-131.68537700035697,55.11445800012444],[-131.6902909996585,55.10937900002377],[-131.70360899985266,55.102153999890206]]],[[[-130.38860600031643,55.943178999997095],[-130.3850289995849,55.938674999754326],[-130.37078300017637,55.9371559998133],[-130.3710529996148,55.93078700020601],[-130.36005099995353,55.924121000022964],[-130.34775100028372,55.91912899980886],[-130.34096699961486,55.91396999977295],[-130.33296600002663,55.904218999935516],[-130.32784900033553,55.90364499984617],[-130.3119590004137,55.909535000145944],[-130.3084789997666,55.9087209998847],[-130.3026420003753,55.89957599991882],[-130.2886730000779,55.887005999980566],[-130.2903519998529,55.87442800021844],[-130.29847999966276,55.867111999757086],[-130.29256299990556,55.857348000084365],[-130.28171900042798,55.852024999918584],[-130.27583899958236,55.84622499975328],[-130.26468700013328,55.841360999769734],[-130.2358720003777,55.81527700016661],[-130.2126599996617,55.81147899994613],[-130.20677600041472,55.806911999923194],[-130.20021000020404,55.804698000233],[-130.19351500012195,55.7945989999627],[-130.1922189997632,55.7887739998717],[-130.18072900020533,55.78404400001718],[-130.16020000044335,55.77092899994001],[-130.15159800008226,55.76743700003434],[-130.12476400022553,55.80564200001806],[-130.0834930002662,55.82170700022085],[-130.00378699966586,55.90744199991437],[-130.00378699966586,55.91193100008657],[-130.01766899992464,55.91193299989188],[-130.00348399971713,56.00807500021962],[-130.10379900044543,56.12279800012243],[-130.24621899973775,56.09641100013104],[-130.25636900035263,56.09680499998915],[-130.26179200036546,56.094207999791784],[-130.2823660003333,56.07959799984476],[-130.2831909996155,56.07695199980014],[-130.28105999992883,56.070432000062],[-130.28202700039958,56.0671440000681],[-130.2918640001217,56.057253999768385],[-130.28882799988858,56.05033800002886],[-130.28929599969373,56.04732100001738],[-130.28308699985843,56.041277999928646],[-130.27566299985529,56.03715699980775],[-130.25250799993898,56.02946499979808],[-130.25103900022623,56.026814999864044],[-130.25208899963934,56.019753999955554],[-130.25025599987848,56.01669300009655],[-130.2402070004443,56.01034400024954],[-130.23289800006881,56.00803299999346],[-130.2303380000368,56.00465499982806],[-130.2212870001371,56.002863999983845],[-130.21876800011296,55.99997099997896],[-130.24319599992342,55.99555199979275],[-130.24775899959562,55.996804999803736],[-130.24520799978438,55.99166300015128],[-130.24617400043024,55.989206999967735],[-130.25447899979207,55.98876500012195],[-130.25941999975603,55.98525799996665],[-130.27339800027434,55.989694000117474],[-130.28610100035024,55.997737999809004],[-130.29705500033094,55.99646599999034],[-130.32411599996843,55.981669000140066],[-130.32526599983893,55.975497999887224],[-130.31993900008555,55.97008399999705],[-130.32253400027776,55.96709900007727],[-130.33023299974218,55.96614699993315],[-130.33893399983748,55.96844200017088],[-130.34909799979775,55.968579999994084],[-130.36709599984,55.96377200004275],[-130.38468800000138,55.956165000200905],[-130.38418300038632,55.94953399992565],[-130.38860600031643,55.943178999997095]]]]}},{"type":"Feature","id":"AK|Petersburg","properties":{"state":"AK","county":"Petersburg"},"geometry":{"type":"Polygon","coordinates":[[[-133.73861099982307,57.18634800014331],[-133.32499900005652,57.06361099992599],[-133.32510500036173,57.00408799990646],[-133.31930700043017,57.00401100012478],[-133.3169430002167,57.00199599991072],[-133.31532700019082,56.99835100007086],[-133.31656199955188,56.997182000122926],[-133.31179899986313,56.99120399989646],[-133.3037029998403,56.98486900015184],[-133.30066300030754,56.97894799977656],[-133.2966269999917,56.97758600022716],[-133.29320499996922,56.97285700019284],[-133.29096600032753,56.968305999966105],[-133.2929439998533,56.965977000229124],[-133.27740399973587,56.95218899986487],[-133.27379000009276,56.94574699990894],[-133.27471400000746,56.944033999857325],[-133.26725599966915,56.939291999958776],[-133.26105100003178,56.938167999935835],[-133.26392700043138,56.93663399976386],[-133.26315900015226,56.935002999841366],[-133.25287399981818,56.93207900011838],[-133.26222799966652,56.93355700003893],[-133.270814999959,56.930688000095344],[-133.26977200021858,56.923507999909795],[-133.27375300028282,56.921888000198685],[-133.37004100001778,56.90656599996732],[-133.37051100037107,56.89807399978258],[-133.37590400024666,56.89473600013322],[-133.38881599966166,56.89583800008205],[-133.3970740000662,56.89385499989703],[-133.40197200037244,56.89540799987262],[-133.41194899983665,56.895098000085696],[-133.41988199965283,56.892917999966635],[-133.42512300009082,56.88797700012653],[-133.43682500025912,56.88665299987966],[-133.44094199986748,56.88225299992479],[-133.4787709997128,56.88415000021821],[-133.50147299989257,56.881188000160456],[-133.5031430003451,56.877927000195356],[-133.50296000004698,56.87327799984721],[-133.48661499984053,56.86639799998968],[-133.4848330001333,56.86418299984268],[-133.48796100042793,56.85994800002282],[-133.494027999973,56.857065000244646],[-133.4908229996855,56.850500999930176],[-133.48905500022198,56.84886900015068],[-133.47938500000612,56.84708800009411],[-133.47746799968138,56.844397000016414],[-133.48831600025517,56.837987000042396],[-133.4882889995927,56.8285209997951],[-133.49635399965334,56.82524399986674],[-133.49584700038847,56.81740500000459],[-133.51253400000337,56.81225700017682],[-133.51725400003443,56.802201000241546],[-133.5156890000622,56.7959829998108],[-133.50069700011585,56.7977529999088],[-133.49438799982312,56.79464300017794],[-133.49415400036972,56.79173499983484],[-133.49697899981734,56.78737699980239],[-133.4893520003229,56.78452099988822],[-133.4895360004459,56.78023700005485],[-133.49151700034474,56.7758429998604],[-133.4970759999017,56.77430400006731],[-133.49875100037713,56.76955900013395],[-133.49671900042463,56.763928000226294],[-133.48918699956815,56.75893000012845],[-133.4904240003756,56.753280999821065],[-133.49350800028935,56.748771999876006],[-133.4978860000136,56.746629000211854],[-133.51048799980722,56.75185400009295],[-133.52587300011393,56.74748799993027],[-133.53171399970321,56.749640999990405],[-133.5441399997697,56.75066999985617],[-133.5531389997908,56.75633400012883],[-133.55418900010224,56.765685000063186],[-133.5572820002368,56.76720999985586],[-133.5652390003424,56.761557999764975],[-133.57314000037152,56.76189399983294],[-133.57946399983456,56.75737500019592],[-133.56992900023621,56.75369399976531],[-133.5676050002057,56.74972299976017],[-133.56796900025378,56.74754800021467],[-133.56539900017597,56.74562499982113],[-133.56015899956293,56.74466400015094],[-133.54988599982272,56.73751399985633],[-133.5408950001975,56.73543099997905],[-133.54021499978197,56.73149899990907],[-133.5349590001737,56.72708999994708],[-133.51742700028677,56.721621999860375],[-133.50935200018037,56.7129539999226],[-133.48366200034636,56.711712999929176],[-133.4779609996009,56.712783999797225],[-133.47247900003683,56.711553999929244],[-133.47318500039168,56.70872399990337],[-133.46965000039123,56.70604599999313],[-133.45761299958886,56.70715599988322],[-133.44579199959486,56.705627000142975],[-133.45313299975732,56.698741000032136],[-133.4615710000869,56.69674899982862],[-133.4761520001295,56.69661799997657],[-133.48473100002604,56.699004999753576],[-133.49609900028355,56.69629200003378],[-133.50289499974966,56.69649599984745],[-133.50524999974232,56.694839999770416],[-133.5064089998337,56.6906819998467],[-133.51229800000183,56.68525000023233],[-133.50130800003612,56.68010400002954],[-133.49326399989187,56.67819899990469],[-133.48522700031862,56.673671999818104],[-133.48441300000874,56.671253999971974],[-133.48690600009365,56.6604779998363],[-133.48470000006392,56.658279999827045],[-133.48386599966256,56.65160199982285],[-133.4776369997358,56.64613899998],[-133.4707020003525,56.641168999852184],[-133.45553700015378,56.63711499995135],[-133.44130699974045,56.637626000228515],[-133.43235100027536,56.630952999978675],[-133.4321639997793,56.62592000001612],[-133.42661199989502,56.617832000231644],[-133.4277480004202,56.6091889997775],[-133.4249490000135,56.60453299996697],[-133.42664000038243,56.5969020000476],[-133.42342000002628,56.59390499984335],[-133.42499800041733,56.5901980001073],[-133.42902600033722,56.586703000184215],[-133.4447170000674,56.58601699991843],[-133.44867200019237,56.58326600016113],[-133.44767799995745,56.57837000005782],[-133.44503199971166,56.57659999977708],[-133.44820799968687,56.57347300020641],[-133.44269199978763,56.56573700008851],[-133.446014000251,56.553316000211815],[-133.4446479995721,56.550198000089644],[-133.43846100037644,56.54631899981897],[-133.43856199976048,56.54170599982181],[-133.44055100005522,56.53951699994571],[-133.43985499974613,56.53559999979102],[-133.42462299960027,56.53465099990838],[-133.4213999997694,56.52908900007199],[-133.4151969997819,56.52697899994452],[-133.41201800033193,56.5223190001141],[-133.405791000055,56.51865200008007],[-133.40424199997628,56.515233999931894],[-133.40434900010644,56.512505999843576],[-133.4079589995516,56.50807199989723],[-133.4191889997168,56.50435699981614],[-133.42469100027066,56.49952300024388],[-133.42456200039922,56.49727599993265],[-133.4141850000036,56.495566000175764],[-133.41361099989325,56.49416700016696],[-133.41746100043625,56.39460600019168],[-133.16907900009681,56.3550930002421],[-133.0435330000172,56.44163500000373],[-133.02548499974623,56.45174299996687],[-133.00693500023323,56.45946499991963],[-132.98092999985664,56.46766700013421],[-132.95601599979938,56.473317999854515],[-132.89152600034967,56.48352699978254],[-132.8590519998468,56.48473700003949],[-132.78148400040243,56.4819809998582],[-132.75392199955124,56.485075000119274],[-132.73874300000713,56.48984899975596],[-132.7219769998512,56.497385999916546],[-132.70012199959322,56.511842000091605],[-132.68265400017876,56.51953199995972],[-132.60965400042946,56.533156999916116],[-132.51827400014818,56.58621299985138],[-132.54160800016462,56.60575600008036],[-132.542727000073,56.608686999910745],[-132.54012600003307,56.619170999902764],[-132.56685500030784,56.62953000011489],[-132.5780450002901,56.64489699981987],[-132.5842630003462,56.65784099975365],[-132.58824100003739,56.661101000243605],[-132.59322800003213,56.66965299979945],[-132.59305899997773,56.67659900006462],[-132.5900350003385,56.68116800010708],[-132.58505099981846,56.6845389999439],[-132.57420099959486,56.72104999996834],[-132.54938199997213,56.71360100003524],[-132.53284199977202,56.71369699975693],[-132.5184089998674,56.71719199998377],[-132.50990199994087,56.72273800013727],[-132.49373699965946,56.728341000137796],[-132.48264999960938,56.72691600022064],[-132.47302899979732,56.72978999987173],[-132.46568699980992,56.73524000012873],[-132.46470400034397,56.7380819998823],[-132.46085399980097,56.740470000022604],[-132.45999799965833,56.744624000185446],[-132.44967899988737,56.7532909999747],[-132.44804699996797,56.760890999767746],[-132.44315100020984,56.76349699976706],[-132.4426790002067,56.766755000025974],[-132.4398349995942,56.77030100021634],[-132.43150699976783,56.7731929998827],[-132.41343000008288,56.77278400019961],[-132.40504199998202,56.77699099997483],[-132.4056949997351,56.7786000000438],[-132.4010759999864,56.77891799987562],[-132.38238900020608,56.77485500006347],[-132.36820800019655,56.77765799990956],[-132.34846799973175,56.77128700022406],[-132.34423599959734,56.7768859997699],[-132.34653200003876,56.77907800007816],[-132.34611899958688,56.782934999949596],[-132.30325000004336,56.79893899980934],[-132.30054500024636,56.80354200021256],[-132.2966620000914,56.80600899979958],[-132.2984229998822,56.81099499981585],[-132.2879839995623,56.81424500021466],[-132.28411800002414,56.81719499984273],[-132.27900200015796,56.834520000151066],[-132.28111199992824,56.8412320001824],[-132.2789770000436,56.84529799984263],[-132.2682339999501,56.84789999976648],[-132.26100199956758,56.85548400013291],[-132.24233099968077,56.858213000117615],[-132.2394250000423,56.86063200000645],[-132.2357510001247,56.869106999755175],[-132.2379870002917,56.87212899980401],[-132.23887000019855,56.8777999998452],[-132.2356230000782,56.87908199985384],[-132.23383299997508,56.88225499995432],[-132.21436700004497,56.892183999995446],[-132.19959500020664,56.896555000021294],[-132.18453700013808,56.89598700007932],[-132.1822089999096,56.898352999802356],[-132.17196299993356,56.902255999898635],[-132.1601860003205,56.90330500014203],[-132.11596399961854,56.89034900003326],[-132.04518999999047,57.04505899986768],[-132.36898200032346,57.091512999768824],[-132.2479210000982,57.21125300019912],[-132.3697899998872,57.34974599986904],[-132.55368500025165,57.496514000235734],[-132.6524560000258,57.60735699990297],[-132.6560179997904,57.60368100015336],[-132.64980499975715,57.59301400018195],[-132.65218700041228,57.5864629997996],[-132.65643600026513,57.58284900011582],[-132.66376099963577,57.58422100023923],[-132.6709150002005,57.580982999848246],[-132.69869399988838,57.579502999908975],[-132.70143999969326,57.57808599983603],[-132.72183299991116,57.57621599983476],[-132.7348899999894,57.581550000050306],[-132.74966100000282,57.58325699993042],[-132.7793579998403,57.58233799994269],[-132.7922619997577,57.57599999998609],[-132.81916400028484,57.57737999977569],[-132.82750299998187,57.58066000017172],[-132.82904899968753,57.588409999784616],[-132.8415359998534,57.59223200017549],[-132.8548620004435,57.59868100014323],[-132.8555520000065,57.60487800007818],[-132.85839499989578,57.606388999829775],[-132.8810650002885,57.60907699987483],[-132.88858300000297,57.606686000006604],[-132.8878499998839,57.61373899980082],[-132.88103099995328,57.62115000011891],[-132.8784910000127,57.628567000225104],[-132.8805890000874,57.640479000051016],[-132.86916099955548,57.64795699995644],[-132.84647299961944,57.65542100013853],[-132.84270199961747,57.65860099988279],[-132.8409960000782,57.663106000078415],[-132.84499600040905,57.66922900005995],[-132.8629099998874,57.682367000182445],[-132.87610000003502,57.685184999843294],[-132.89423299979651,57.683416000100884],[-132.89871400035128,57.68552800010404],[-132.89189399969737,57.70226799996258],[-132.87404700016617,57.70990599996647],[-132.87189800003787,57.712795999943346],[-132.8729130001892,57.71535599981448],[-132.88161900030735,57.722645999908146],[-132.89743999973385,57.729180999982624],[-132.92324199972083,57.7282299999453],[-132.92236800003482,57.73087499992553],[-132.92367100006624,57.73233999991005],[-132.9352009998071,57.736422000061445],[-132.93731399995042,57.73946900020084],[-132.95087800019192,57.745754999920365],[-132.95620599977016,57.74500899997792],[-132.96427199965572,57.73260899994286],[-132.97732999955892,57.72149799989863],[-133.00481200004415,57.71593499988018],[-133.01256900013325,57.71620800012914],[-133.03166099996955,57.7209040000424],[-133.0451110004082,57.72023599983389],[-133.05005099964893,57.7215270001629],[-133.05467500031884,57.72388500018076],[-133.05624600013886,57.73110799976194],[-133.06875199967297,57.742414000156636],[-133.0926470002793,57.734475999761344],[-133.10393000014795,57.72696800008397],[-133.12739600040888,57.729487999834554],[-133.13207899973168,57.7307909999067],[-133.13144199987212,57.7413520001617],[-133.13298400027813,57.74214200018996],[-133.16066500005672,57.73915100001529],[-133.16896699994385,57.74258599979179],[-133.1824469996214,57.740247999822365],[-133.18819699987236,57.74100799984181],[-133.1919079995999,57.74519500017519],[-133.19105999985317,57.74875500009099],[-133.19235600021184,57.75050200000351],[-133.19019500038797,57.75234099979776],[-133.1993640002884,57.75463700020479],[-133.21500300014003,57.754848000002916],[-133.21875999989828,57.75698800007052],[-133.2183580002154,57.76184899992424],[-133.22168499980333,57.764904000031265],[-133.22487599984717,57.771896999946264],[-133.28056200016775,57.767058999805776],[-133.28328600023133,57.772110000137374],[-133.27567499973213,57.7811260002022],[-133.2743769997236,57.785430999872716],[-133.27987699972928,57.794768000109556],[-133.2927449996617,57.79200900003697],[-133.322130000228,57.7760999998516],[-133.33753599955278,57.77697599991524],[-133.34352299963024,57.77330599986091],[-133.35345099958894,57.772269999884365],[-133.36478399968632,57.77721299981381],[-133.37843900016438,57.77834399996538],[-133.39577500023276,57.785534000049914],[-133.41059399992673,57.781863999984246],[-133.4187679997673,57.78456399983099],[-133.42228699987422,57.79064300010235],[-133.4215410002347,57.79990900021073],[-133.42677599992655,57.805979000104294],[-133.43787899987018,57.80635500018555],[-133.45224200035287,57.814061999902265],[-133.47048800009225,57.81841600008099],[-133.4820880001533,57.818780999845025],[-133.4930479999818,57.82472599998364],[-133.5004250001293,57.81818799996181],[-133.51227000041274,57.815149999928906],[-133.52208899969318,57.80898999981908],[-133.53113999959285,57.795881000138266],[-133.54896699993085,57.78273600013559],[-133.54764100033324,57.77794000020571],[-133.54935799974314,57.77522499980868],[-133.55587000042541,57.77222099980659],[-133.57544000011262,57.77050700008403],[-133.59586199974447,57.77232500009777],[-133.64797299988163,57.7680310001177],[-133.6989619997374,57.791996999947855],[-133.7047210002092,57.56888899984671],[-133.73861099982307,57.296667000124806],[-133.73861099982307,57.18634800014331]]]}},{"type":"Feature","id":"AK|Wrangell","properties":{"state":"AK","county":"Wrangell"},"geometry":{"type":"Polygon","coordinates":[[[-133.16890900021752,56.35520499993856],[-133.13894899971595,56.342090000033174],[-133.10417600019525,56.321514000067914],[-133.0891259996243,56.30748199999268],[-133.06229299959244,56.27283099978863],[-133.0471259997439,56.25703199989108],[-133.04269000029328,56.2496599999419],[-133.01531499993817,56.14613699994474],[-133.00772699990347,56.13487300008724],[-132.88035999975853,56.06076899998995],[-132.84738900003651,56.04849799991835],[-132.80329699992924,56.03614000004812],[-132.76645999977072,56.022532000050504],[-132.74346899988595,56.01154799996969],[-132.3860609995755,55.80564700010091],[-132.36955200023584,55.79915800008948],[-132.19890599957026,55.634359000176005],[-132.17796599990453,55.63533599975873],[-132.17256100033336,55.63799500018005],[-132.16939600022883,55.64219199994192],[-132.15045599983017,55.64970400005246],[-132.14159900009926,55.64990100019154],[-132.13078599968557,55.65276800017516],[-132.12001099980503,55.65227400007141],[-132.10320700001427,55.65800700022391],[-132.09278600013604,55.65958699996355],[-132.0911779996078,55.66070299986228],[-132.09148700030258,55.669607000133475],[-132.08970800007012,55.67217300021265],[-132.0914539997923,55.678697000107405],[-132.0876700002699,55.68211199983784],[-132.09015699960867,55.69311199985635],[-132.08872700025398,55.69735499986444],[-132.07311500016652,55.70669899981896],[-132.07348099986444,55.70924800022033],[-132.05882500037706,55.71093000005635],[-132.05397899994932,55.70984000007762],[-132.04379300024775,55.702761000108104],[-132.04186300040254,55.69879000019517],[-132.0330819999413,55.694963999814455],[-132.02069500023288,55.69385100012978],[-132.00889299960713,55.68705299995105],[-131.98578799991952,55.68846599980388],[-131.98115199955407,55.69572399998325],[-131.97337799974656,55.69642999978651],[-131.96274400033133,55.70075699986165],[-131.9666509998774,55.70610999986823],[-131.9681930002834,55.713930000054305],[-131.9786090001388,55.717345999897965],[-131.98155199958717,55.71973199995398],[-131.9843579996665,55.7256700001637],[-131.97938400009056,55.72814400001007],[-131.9741490003987,55.736614000097596],[-131.97784699970742,55.74276800008422],[-131.9791699998303,55.751959000195015],[-131.97490599990888,55.75593699996928],[-131.95505900021223,55.76745699977137],[-131.9513869999445,55.776490000167634],[-131.93531000042495,55.78070500011414],[-131.93905100028968,55.786525000068856],[-131.93844000036944,55.79424000019164],[-131.93585900042095,55.79549799987215],[-131.93563500011496,55.79843099979244],[-131.94324099969302,55.80110700022865],[-131.94422599970707,55.8072920000701],[-131.95652799992504,55.812198999774054],[-131.95805500026242,55.81557600004145],[-131.97225999966307,55.82930100009659],[-131.99271599963012,55.84015499988803],[-132.01072000041847,55.853473000190746],[-132.01103699971256,55.85478800023975],[-132.00623999968863,55.85797299991791],[-132.0052959996824,55.86042399977866],[-132.0076930004062,55.869737000024756],[-131.99595899955253,55.87371900011697],[-131.99263600016252,55.87723800011831],[-131.9862769996411,55.879773000005656],[-131.97723300031242,55.8818500000659],[-131.96340399975708,55.88239200010409],[-131.95799800036102,55.884414000233676],[-131.95803500017092,55.89201699996867],[-131.96426800029568,55.89666500005805],[-131.95786199991858,55.9079289997923],[-131.94194299968444,55.909684000103496],[-131.93777400019755,55.91133400022309],[-131.93830399992697,55.91439300000853],[-131.93450100013794,55.915916000059774],[-131.92112699986728,55.917075000029556],[-131.9104470004213,55.91564700009036],[-131.89401000015332,55.92130800007725],[-131.8818979999062,55.93224400010632],[-131.87800100040585,55.937018999895216],[-131.8784139999594,55.94373900022641],[-131.87194300018328,55.94887799984112],[-131.87162599999087,55.95109199990816],[-131.88550999989948,55.95814000006916],[-131.8891650004488,55.96386599982929],[-131.90062800024253,55.96935699976757],[-131.90505799984535,55.974037000065884],[-131.90560099999357,55.97906100025056],[-131.89409600036703,55.98856300009936],[-131.87921200037573,55.99286099976903],[-131.88099900010582,55.998764000122954],[-131.8768430001394,56.009983000224516],[-131.87266799990635,56.01358099982594],[-131.87596600008035,56.021980000124394],[-131.8718460000989,56.02675000004732],[-131.8645660000358,56.02981300011189],[-131.86038800032804,56.03632100005356],[-131.84487599979974,56.03859400004631],[-131.83119299973256,56.03392000024184],[-131.82438300002275,56.03691200012708],[-131.82280899982968,56.04121600011245],[-131.82406900020337,56.04616700020059],[-131.83054900020034,56.04957899985076],[-131.83315199989008,56.05301600006758],[-131.8293649999946,56.05646500022477],[-131.8232249997563,56.05457099987248],[-131.8085469996293,56.05546900011639],[-131.80321300020321,56.05140800010431],[-131.79650200022763,56.05308400011729],[-131.79081200025112,56.05696499975504],[-131.7702750000932,56.05654799995048],[-131.748986000448,56.06190199989811],[-131.74488099963688,56.06480400010039],[-131.73797300001775,56.06335099995841],[-131.73263200002071,56.06458399981099],[-131.71827600010897,56.06108699997936],[-131.71226700029024,56.05253900008915],[-131.7005690003199,56.05476799986632],[-131.6915109998492,56.050457000147354],[-131.6889170003803,56.0531340001806],[-131.68236700006312,56.05373799991813],[-131.6777390000936,56.05823700012094],[-131.6777459997663,56.06160899990641],[-131.6759499998154,56.06291900023969],[-131.66710599960496,56.06421099998264],[-131.6642219997078,56.067502000117955],[-131.66483500017623,56.07483100011543],[-131.66637000001123,56.07676499993201],[-131.67998299975818,56.07683800000459],[-131.68039500038515,56.07881999999277],[-131.67549600025393,56.08314700002664],[-131.6759499998154,56.086829999771126],[-131.68813599968237,56.08974400017527],[-131.68996599996848,56.09159999981848],[-131.68672600041918,56.09263299991997],[-131.68571200009276,56.09523399982511],[-131.66943300000852,56.10065999994497],[-131.6512020003378,56.103895000019676],[-131.648624999689,56.09890999977139],[-131.63876000037774,56.09155900000828],[-131.61747900023016,56.08594099992461],[-131.60239400039742,56.08877399977506],[-131.60079000006712,56.08165100013947],[-131.59317600009317,56.07630700018069],[-131.59023899959425,56.07027100016843],[-131.58499200020682,56.066510999868235],[-131.57381100044543,56.064574000064376],[-131.56351400041575,56.058918000094884],[-131.5518950000881,56.060985000211694],[-131.54087900018314,56.055834000143086],[-131.52701299981788,56.05316099997718],[-131.52500299960673,56.04908900013658],[-131.530377999939,56.03902800006306],[-131.52805999975627,56.03540300010038],[-131.51957700011917,56.033875000207196],[-131.5144679999257,56.03093500020177],[-131.4979660002587,56.0301449999738],[-131.49701100038183,56.0237990002337],[-131.49960499985076,56.02082999991138],[-131.4974080000419,56.01838599980132],[-131.48740499974008,56.01775999982909],[-131.47108100034833,56.023183000089674],[-131.45168599966505,56.02291200024854],[-131.41319099964784,56.02635100019575],[-131.39675799957786,56.0224809999216],[-131.37998700029735,56.01341899976688],[-131.37185600011446,56.01325200003326],[-131.36431699958524,56.017943000023536],[-131.36928799968646,56.02553100004256],[-131.37749099983935,56.03186100008066],[-131.3815830002317,56.03992199992439],[-131.38144500013945,56.043565000243575],[-131.37581999956194,56.046076000086664],[-131.3859490002604,56.05394799989971],[-131.37564600038297,56.05880199987087],[-131.37413800031214,56.06128100011065],[-131.37474900023244,56.06408299978532],[-131.3697289997274,56.06722400015761],[-131.3692259997622,56.06990999975031],[-131.3809639999155,56.07584799981567],[-131.3810350000606,56.08009200024117],[-131.39996000039062,56.084279999905476],[-131.40397499989174,56.08856400001089],[-131.40583399959183,56.094774999932206],[-131.42599099980816,56.104963999916905],[-131.42665699998003,56.106496000191804],[-131.4218730003749,56.11086499986013],[-131.42137899973216,56.113353999860045],[-131.42786799994994,56.11878699992433],[-131.42832200040968,56.12253500008229],[-131.4339210001496,56.124127999869835],[-131.43995699973254,56.13108300005637],[-131.4373590000656,56.13977699983931],[-131.43500800027093,56.14181300009191],[-131.4235289996854,56.144571000233775],[-131.411658000361,56.13885700002021],[-131.39956899968004,56.1378950001124],[-131.39288500036693,56.13975999990466],[-131.38180599981447,56.1486339999394],[-131.3697620002377,56.14982799979227],[-131.35814200008514,56.15721299989855],[-131.35587300030625,56.16609099983362],[-131.34171099966494,56.17769299975036],[-131.3399680003158,56.18262899985567],[-131.32663500005302,56.17869700016724],[-131.3208389997713,56.1818960001097],[-131.31557300011727,56.18785800002108],[-131.31608600012828,56.193281000219706],[-131.29863799990693,56.19173600016434],[-131.291384999608,56.19375199980338],[-131.29210100000859,56.19964700022077],[-131.2885879997495,56.20401699976339],[-131.27310799990653,56.203005999935655],[-131.26411999975605,56.20724700008938],[-131.25693199975444,56.208002000238444],[-131.2533580002943,56.20685000000674],[-131.24781599955747,56.19823999986551],[-131.24987099997446,56.189897000065486],[-131.24760899986822,56.185547000156284],[-131.2431159996179,56.182558000159034],[-131.24048500033902,56.17261399978701],[-131.23783999991818,56.17079499985229],[-131.2258239999305,56.174703000038114],[-131.21277500024814,56.1838730001],[-131.19103299996812,56.188574999794696],[-131.17770599955313,56.189258000106726],[-131.16005599966542,56.18639399992124],[-131.14984200037475,56.187851999876514],[-131.14491599958106,56.19075600017568],[-131.14789300026294,56.195687999959226],[-131.14364000021214,56.198360000076214],[-131.12478500020234,56.200269999863984],[-131.11478100007562,56.19797500006936],[-131.10849500024747,56.19351500004479],[-131.1023380002907,56.201428999822426],[-131.0942139997805,56.20458400000135],[-131.08314900037004,56.21205200010195],[-131.07660999992356,56.222410000135355],[-131.0627500003044,56.2264589999018],[-131.06114199977614,56.23673599991579],[-131.04927399992647,56.239168000246366],[-131.04287199974732,56.24345399993702],[-131.02575099976417,56.245205999989665],[-131.01597099994342,56.249861000062715],[-131.00773900037652,56.259207000163954],[-131.0041969998051,56.26832799977455],[-130.99789900028134,56.27662000003865],[-131.00066699982756,56.27806800021597],[-131.01254200024823,56.273147999820544],[-131.01842399984537,56.27337499982462],[-131.0218400000201,56.2799549998072],[-131.03760699991827,56.285049000073656],[-131.0400890001325,56.28779099987964],[-131.04130099992733,56.2956090000133],[-131.0394110002651,56.299662000157035],[-131.02808300019058,56.30589700020126],[-131.01446299987262,56.30916500020773],[-131.01231000044464,56.3124280001047],[-131.01317699955965,56.31421099999587],[-131.01916700001013,56.31710100013703],[-131.0417720001055,56.32168800007497],[-131.05534200019474,56.329856999940745],[-131.0939200000526,56.33394499977579],[-131.09920199960015,56.33936099982731],[-131.1046890000854,56.34227200019149],[-131.10959599971417,56.3489749998838],[-131.1144399995938,56.35873199985995],[-131.10788099995412,56.36449699977078],[-131.10498399963816,56.375816999959014],[-131.10189100040196,56.3784399998254],[-131.0877789999894,56.381402999960564],[-131.08054499995706,56.39196600000748],[-131.07880400025772,56.39768200017242],[-131.08734899981908,56.406004999956544],[-131.17346900029415,56.449523999999755],[-131.4720289996542,56.55266600020051],[-131.5810689998689,56.61223100008],[-131.8353269999577,56.59920300021103],[-131.86067100018528,56.702982999945704],[-131.90107199975822,56.75367499992122],[-131.87287799996864,56.80599400021833],[-132.1235680004451,56.8736480000415],[-132.11596399961854,56.89034900003326],[-132.1601860003205,56.90330500014203],[-132.17196299993356,56.902255999898635],[-132.1822089999096,56.898352999802356],[-132.18453700013808,56.89598700007932],[-132.1964910002015,56.89682200018949],[-132.20817499992816,56.89431399998663],[-132.2343920000168,56.881920999918485],[-132.2356230000782,56.87908199985384],[-132.23901999998634,56.87746499986241],[-132.2357510001247,56.869106999755175],[-132.2396850003333,56.86030700002795],[-132.2443960001435,56.85772500001331],[-132.26100199956758,56.85548400013291],[-132.2682339999501,56.84789999976648],[-132.2789770000436,56.84529799984263],[-132.28111199992824,56.8412320001824],[-132.27900200015796,56.834520000151066],[-132.28460400027095,56.81669999989655],[-132.2984229998822,56.81099499981585],[-132.2966620000914,56.80600899979958],[-132.30054500024636,56.80354200021256],[-132.30382599980354,56.79853700013711],[-132.34611899958688,56.782934999949596],[-132.34653200003876,56.77907800007816],[-132.34423599959734,56.7768859997699],[-132.34846799973175,56.77128700022406],[-132.36820800019655,56.77765799990956],[-132.38238900020608,56.77485500006347],[-132.4010759999864,56.77891799987562],[-132.4056949997351,56.7786000000438],[-132.40504199998202,56.77699099997483],[-132.41343000008288,56.77278400019961],[-132.43150699976783,56.7731929998827],[-132.4398349995942,56.77030100021634],[-132.4426790002067,56.766755000025974],[-132.44315100020984,56.76349699976706],[-132.44804699996797,56.760890999767746],[-132.44967899988737,56.7532909999747],[-132.45999799965833,56.744624000185446],[-132.46085399980097,56.740470000022604],[-132.46470400034397,56.7380819998823],[-132.46568699980992,56.73524000012873],[-132.47302899979732,56.72978999987173],[-132.48264999960938,56.72691600022064],[-132.49373699965946,56.728341000137796],[-132.50990199994087,56.72273800013727],[-132.5184089998674,56.71719199998377],[-132.53284199977202,56.71369699975693],[-132.54938199997213,56.71360100003524],[-132.57420099959486,56.72104999996834],[-132.58505099981846,56.6845389999439],[-132.5900350003385,56.68116800010708],[-132.59305899997773,56.67659900006462],[-132.59322800003213,56.66965299979945],[-132.58824100003739,56.661101000243605],[-132.5842630003462,56.65784099975365],[-132.5780450002901,56.64489699981987],[-132.56685500030784,56.62953000011489],[-132.54012600003307,56.619170999902764],[-132.542727000073,56.608686999910745],[-132.54160800016462,56.60575600008036],[-132.51827400014818,56.58621299985138],[-132.60141899959117,56.536937999982285],[-132.61762900007844,56.53119000005786],[-132.6683750002599,56.52311500011386],[-132.68265400017876,56.51953199995972],[-132.70012199959322,56.511842000091605],[-132.71755599957086,56.49966400018676],[-132.72891700015566,56.4940409998426],[-132.75665900003358,56.48438800024194],[-132.78148400040243,56.4819809998582],[-132.8590519998468,56.48473700003949],[-132.88956200016926,56.48371700015463],[-132.9278579999948,56.47871899976669],[-132.98923000009395,56.46515900022218],[-133.01278900024127,56.457345000101554],[-133.0435330000172,56.44163500000373],[-133.16890900021752,56.35520499993856]]]}},{"type":"Feature","id":"AK|Northwest Arctic","properties":{"state":"AK","county":"Northwest Arctic"},"geometry":{"type":"Polygon","coordinates":[[[-165.59198700012237,68.03472799987051],[-165.54535000005166,68.02893100013901],[-165.51640300005158,68.02362100007156],[-165.49945299977261,68.01878199999784],[-164.66492099968903,67.69821599983152],[-164.65522200005915,67.69244799998798],[-164.54901100038833,67.66199399989316],[-164.28127000024895,67.59166600008824],[-164.23031300018022,67.57505400003873],[-164.17542899957567,67.5475989999826],[-164.11665599986665,67.49996700005771],[-164.03874100009264,67.42737800008693],[-164.0045099999969,67.39780799992499],[-163.90564700016125,67.25343699989716],[-163.88253400007775,67.21497599986407],[-163.8957379995708,67.21372300010891],[-163.92440799956142,67.20751199994021],[-163.96246300026087,67.19669599989315],[-164.00271800024396,67.1725539999863],[-163.99123000033586,67.14788300002542],[-163.91138499981838,67.10469500003518],[-163.7815239997636,67.06975999990618],[-163.6176819998584,67.04873200010336],[-163.4877089996507,67.03866500013645],[-163.4043540001454,67.02975500001955],[-163.34052599977127,67.02591499988715],[-163.1498990004131,66.99999999992153],[-163.1298979998324,66.99483799989527],[-163.0494709997069,66.98661099998986],[-162.87684900006371,66.9478280000022],[-162.8479430000715,66.93160700013415],[-162.8320320002333,66.92681300002268],[-162.89309100033802,66.89974299985532],[-162.97841800041957,66.87095200016215],[-163.20324400008644,66.7821969998544],[-163.40354200038365,66.71032400010054],[-163.6262149997242,66.62417400010355],[-163.66745300007156,66.63069399998638],[-163.75611099993904,66.63896799998955],[-163.80509299995668,66.64128600003008],[-163.90078900003795,66.64266700015362],[-164.0617949997266,66.64187200007508],[-164.22099100011891,66.6385000000953],[-164.42429700016189,66.63021699989761],[-164.46144899996472,66.62650899994797],[-164.39594400036364,66.58190399983292],[-164.39588699956394,66.47632400007834],[-164.31893599988763,66.47631899984037],[-164.3189130003214,66.1299439999952],[-164.24419100024105,66.12994600005801],[-164.244151999883,65.78355800013873],[-163.96351600004704,65.78356099989549],[-163.96349799960538,65.61036299994723],[-163.75540700013232,65.61036699990133],[-163.75539100023883,65.43716499997367],[-159.80169199960886,65.43723099990248],[-159.8017000000048,65.52382599991185],[-159.59350599970134,65.52383500009576],[-159.5936349995727,65.78363599996572],[-159.6047950003161,65.78363599996572],[-159.60481299985943,65.95682999999003],[-158.9721750000074,65.95684899993161],[-158.97218500005317,66.13002699992386],[-157.9062950004272,66.13004900017036],[-157.90630999959754,66.47642399996633],[-157.05128399991202,66.47643799992582],[-157.0512660003687,66.30325400016038],[-156.6237570002747,66.30325900005211],[-156.6237699997952,66.47644200016889],[-156.19622399989134,66.47658200002623],[-156.1962570004016,66.38985700015184],[-155.98250399964286,66.38986000004213],[-155.98249899961996,66.30326800014352],[-155.55499299989907,66.30327400008233],[-155.555001000295,66.47645800005921],[-155.51058100012466,66.47645900002959],[-155.51058500032264,66.5630510000914],[-154.8604309995789,66.56306399993142],[-154.8604459996475,66.73624200001152],[-154.21030199984784,66.73625499997597],[-154.21031699991647,66.82284200012428],[-154.14622099975375,66.82284299997734],[-154.14631399964014,67.16917799983172],[-154.30309700031353,67.16917700017135],[-154.303109999834,67.25575899986386],[-154.74890400002536,67.25575300016756],[-154.7489390001855,67.51549499996588],[-154.69047699992274,67.515496000028],[-154.69048899961834,67.60207499988245],[-154.91664900017702,67.6020700000334],[-154.91666099987262,67.68864800012751],[-155.14282499973092,67.68864299985815],[-155.14283700032482,67.77522100014683],[-155.368998999635,67.77521599994643],[-155.3690120000538,67.86179200008685],[-155.3187229998068,67.86179300008368],[-155.31874799992116,68.03494199990723],[-156.23681699998323,68.03492599992906],[-156.2368310002269,68.12149799989204],[-157.15491000033475,68.1214829998352],[-157.15492399968014,68.20805399994339],[-159.6934769995747,68.20799200007617],[-159.69348699962043,68.29456399997981],[-159.9535719999531,68.29456199996507],[-160.15945200027184,68.2945529998965],[-160.15943999967794,68.20798200007113],[-160.17749700016975,68.20798099993698],[-161.0913509998158,68.20796099991288],[-161.0913640002346,68.29453200005489],[-161.456414999933,68.29452600000167],[-161.55731999976686,68.29452099995612],[-161.5573280001628,68.20794899995676],[-162.02326100012883,68.20794000006889],[-162.0232729998244,68.29451099986171],[-162.72220199999816,68.2944960000441],[-162.72219000030262,68.2079260001622],[-164.49946299975792,68.20788999988648],[-164.4994369998187,68.03474799984485],[-165.59198700012237,68.03472799987051]]]}},{"type":"Feature","id":"AK|Juneau","properties":{"state":"AK","county":"Juneau"},"geometry":{"type":"Polygon","coordinates":[[[-135.21787899976215,58.97129699977284],[-135.22182499966627,58.97133700005607],[-135.07263699959861,58.49966799983834],[-134.69542099994962,58.276869999792474],[-134.70970099969335,58.228194000075966],[-134.74295099997295,58.18909800013253],[-134.74768500024769,58.18907600001955],[-134.7459110000381,58.187734000048636],[-134.7501520003933,58.18778899977792],[-134.7505730003428,58.18645500019014],[-134.75565099967582,58.18668100023509],[-134.75404999971857,58.18037699996128],[-134.75591799963954,58.17737799984352],[-134.75541100037464,58.174869000210194],[-134.75886299963605,58.17474700000884],[-134.76122600002464,58.169238000146024],[-134.762525999683,58.17017300003513],[-134.77065299966793,58.168543000229214],[-134.7727280001764,58.166495999833614],[-134.77075899997314,58.1595009998208],[-134.77250700024345,58.157379999936786],[-134.77118599977038,58.151309000203575],[-134.77307600033095,58.150231000202304],[-134.76844099979039,58.13982400013676],[-134.77085299968445,58.138611000094514],[-134.77055599958354,58.13608300010631],[-134.7733919998001,58.13648400011395],[-134.7707020000717,58.13282399987618],[-134.7722789997395,58.13001800006849],[-134.76949799977453,58.12407599980801],[-134.77120599986188,58.12116099989759],[-134.77027000025157,58.116254999901734],[-134.77228200011257,58.11274200012044],[-134.77427200023223,58.11224100003461],[-134.77413300031503,58.10904799995449],[-134.77640999959158,58.10819399992145],[-134.77686200040154,58.099044999795055],[-134.7846810004149,58.09659900000393],[-134.76324999958118,58.0791460002158],[-134.75723200043993,58.07761000005478],[-134.74573100011304,58.06915399993256],[-134.73980299958683,58.06758599990286],[-134.7383659996611,58.06410500008263],[-134.72341600044587,58.057128999834],[-134.72214500020152,58.05373000018326],[-134.71746399963024,58.04934500000675],[-134.71288900026244,58.04918000009687],[-134.70463900025388,58.04218199981579],[-134.69776599989652,58.032035999781904],[-134.67884700031263,58.03388900017891],[-134.67543000031299,58.02947099990096],[-134.66603200008367,58.03239899997753],[-134.6613210002735,58.036777999988914],[-134.65318000004484,58.04048200010401],[-134.64964800041747,58.04553999979615],[-134.63732699993295,58.05657000012338],[-134.62846199980612,58.060991999893595],[-134.58809300002025,58.05969500011976],[-134.57777300042437,58.05411600021057],[-134.5569729996024,58.05559200002458],[-134.55299699956103,58.05995400008076],[-134.55133600022765,58.0665159998632],[-134.560217000248,58.069367999999336],[-134.5672799996778,58.07857599995211],[-134.54768999989915,58.08533100000362],[-134.5443549999153,58.088849000106286],[-134.544180999838,58.093051000115075],[-134.53841300004368,58.098171999840815],[-134.52923599974733,58.09750099983312],[-134.52143400035072,58.09382199994104],[-134.5105509996168,58.09277700004514],[-134.48932600044404,58.09522200000076],[-134.47452100009545,58.09406800020301],[-134.46353899962736,58.097678000047075],[-134.44759299962908,58.09830000019925],[-134.4225670003171,58.10757100005543],[-134.4177640004454,58.11487499977175],[-134.17842299995988,58.15967000022272],[-133.81340099967548,57.83633100003725],[-133.70173000018193,57.791330999999126],[-133.17231100014854,58.1536759998256],[-133.26998200028086,58.22710500022578],[-133.3454330002823,58.27633300013149],[-133.46150400013974,58.387722999964375],[-133.37730500018736,58.43054900020494],[-133.5578050002935,58.52313099989083],[-133.70711800003465,58.612273999986364],[-133.84050400004404,58.729444000177274],[-133.97235699986828,58.767311999945896],[-134.2580719997605,58.86103700001208],[-134.33646600010863,58.92341299991927],[-134.3134900002925,58.96218200013694],[-135.21787899976215,58.97129699977284]]]}},{"type":"Feature","id":"AK|Skagway","properties":{"state":"AK","county":"Skagway"},"geometry":{"type":"Polygon","coordinates":[[[-135.717312000253,59.73005099996745],[-135.72307500002447,59.72839700004386],[-135.37682900010716,59.34633999987454],[-135.03052499956524,59.34634799982308],[-134.98974599970052,59.38712900011547],[-135.10102000043238,59.42753100008645],[-135.07728100036,59.451770000172885],[-135.02756000037556,59.474737999835476],[-135.02890000021688,59.56366000012804],[-135.117833000444,59.623070000158386],[-135.15758999958638,59.62571999991016],[-135.21984399976745,59.66277599984989],[-135.23366800029993,59.69614399978395],[-135.25276500015906,59.69827899999459],[-135.36010800015706,59.73761199992428],[-135.4791619996459,59.79804100010688],[-135.717312000253,59.73005099996745]]]}},{"type":"Feature","id":"AK|Hoonah-Angoon","properties":{"state":"AK","county":"Hoonah-Angoon"},"geometry":{"type":"MultiPolygon","coordinates":[[[[-138.0292970000582,58.808332999850364],[-138.02660399995673,58.797120000203115],[-138.02035499993846,58.786457999800156],[-138.02081500024602,58.78185599992473],[-138.01713399975742,58.77127099998544],[-137.9960400001059,58.74950500018972],[-137.86955199966985,58.69156099983096],[-137.80050700004554,58.65620700008454],[-137.77593799976978,58.64075400017388],[-137.768430000101,58.62715900017162],[-137.76221799989267,58.59650199997176],[-137.72060999964947,58.57085700020714],[-137.67505100037758,58.5548379998202],[-137.63099299970716,58.54818299994205],[-137.60256499956586,58.5417480001595],[-137.5797350002379,58.52800800019762],[-137.5335169995685,58.50938900018749],[-137.49306199956888,58.48607399987702],[-137.45045900016416,58.464323999822284],[-137.41480899968607,58.451135999841036],[-137.3741739997614,58.44091099994838],[-137.359150000028,58.43037799996979],[-137.31583299987253,58.410112000025435],[-137.2806519999228,58.403138000196684],[-137.24753499971263,58.392846999897955],[-137.19678299968334,58.36816099985624],[-137.14958599974594,58.34130699988714],[-137.12029700033742,58.32966299985651],[-137.0723530000373,58.323620000008624],[-137.045135000041,58.33014299994053],[-137.0145000000451,58.344310999949535],[-137.01080299966296,58.33947199984312],[-137.00866299975547,58.333153999801866],[-136.97483800043895,58.296044000226246],[-136.93782899985294,58.26860000004537],[-136.89776899986353,58.25951900015004],[-136.880738000292,58.25078100003442],[-136.85520800029158,58.23084999992658],[-136.85322599966952,58.219160000222594],[-136.84397800012638,58.206759999934356],[-136.81441199981015,58.18879000015262],[-136.79142699977314,58.182711000180475],[-136.76199100005152,58.17940499992988],[-136.75899300035158,58.17646900005669],[-136.7389380002425,58.16606400001938],[-136.71154899964364,58.155668999976434],[-136.65839399994113,58.1456460000327],[-136.6163389998092,58.147229999912454],[-136.59058899970074,58.151966999855816],[-136.55936600024904,58.161922000113115],[-136.54475500006922,58.164447999806086],[-136.51542800012754,58.180582999796556],[-136.51026799988045,58.15346399977875],[-136.54377199970494,58.14433999997955],[-136.6151649996492,58.12071199978758],[-136.65024100001693,58.102629000040444],[-136.65719200019208,58.08447600022368],[-136.66149299992347,58.063817000184784],[-136.6685930000615,58.04850699997191],[-136.67889099991606,58.036292999763255],[-136.67914799983404,58.01426599990018],[-136.66937999970887,57.99855000019126],[-136.65112999977154,57.99377699989147],[-136.65621499967557,57.978469999824625],[-136.64845500011177,57.95832400011269],[-136.6541669998296,57.952778999974306],[-136.66049899968854,57.938870000147034],[-136.6621160004376,57.92030800022376],[-136.65856800001842,57.901455000071564],[-136.64462100036062,57.88376800012875],[-136.61665900037465,57.86921799996921],[-136.5879609998966,57.86324999999854],[-136.57450499961016,57.85797800002404],[-136.5378280001835,57.847709999779106],[-136.46466299967946,57.837290000114535],[-136.45514200032483,57.83111499998976],[-136.02616799981777,57.83653699984439],[-135.9024989998799,58.002545999831476],[-135.89499500040912,58.00240000011634],[-135.87118699984143,57.99556700008642],[-135.84042499962388,57.98419600008868],[-135.77846699971883,57.9489490000566],[-135.66193999975178,57.920091000172526],[-135.6458880003466,57.91423700019421],[-135.6319779996004,57.90627900019376],[-135.61935300024058,57.90121899987608],[-135.5790000003482,57.89459800010404],[-135.54481299973511,57.88389199996825],[-135.51245499958318,57.86816699989661],[-135.4740419995818,57.853936999879274],[-135.42513999993008,57.84328799996485],[-135.38255099987074,57.8203279997861],[-135.3563959997063,57.808750999878505],[-135.33900100008677,57.79222300007812],[-135.3280849997409,57.78446599992337],[-135.31063700041787,57.776932999910436],[-135.27158800038183,57.76603599991717],[-135.2226859998318,57.75775899980972],[-135.17977700010533,57.75684500016364],[-135.14949699993662,57.760897999978305],[-135.0991349998947,57.77141899996755],[-135.0729889999511,57.76392400018705],[-135.05468999961,57.76278200015386],[-135.0360689999519,57.763867000063144],[-135.00857200029634,57.76831799986098],[-134.95136500038447,57.783603999977466],[-134.9304569996075,57.7862910000023],[-134.85383999984202,57.78777500003885],[-134.84486599993525,57.78580799995072],[-134.84089499991674,57.78201300005306],[-134.82837500013892,57.74816699983059],[-134.81714800034675,57.70467100020168],[-134.76957700031554,57.61414400008997],[-134.74026100024454,57.5634300000582],[-134.72428799958377,57.527633000112964],[-134.7144559998845,57.49595200015743],[-134.6960240003723,57.34158699990573],[-134.69655099972866,57.333250000072816],[-134.7007629997716,57.318844999906425],[-134.70866299997581,57.30709000007121],[-134.7409640002263,57.284231000114445],[-134.7543040001618,57.271610000150915],[-134.75922000001142,57.26287800013596],[-134.7599509995823,57.25133899988875],[-134.72147700037985,57.168109000170446],[-134.70813599972112,57.101714000047274],[-134.6846129995588,57.048661000173865],[-134.68162900010253,57.020293000014064],[-134.67329999955294,56.991198999969924],[-134.57218399983188,56.861872999828336],[-134.50629799956602,56.88608399988837],[-134.4758409998453,56.89892600012357],[-134.43807399992426,56.91608400018952],[-134.33531899971283,56.96753900012275],[-134.06314499959757,57.156286000115735],[-134.02832799969593,57.16481299992791],[-134.00361600020332,57.16695299983969],[-133.99007399970316,57.15447099988045],[-133.94842299980223,57.16196699996488],[-133.91679000027173,57.16272999978181],[-133.82810599956665,57.15365699983515],[-133.7765319997299,57.15214099979396],[-133.65881300005952,57.16242699982385],[-133.73861099982307,57.185833000052824],[-133.73861099982307,57.296667000124806],[-133.7047210002092,57.56888899984671],[-133.6989619997374,57.791996999947855],[-133.64797299988163,57.7680310001177],[-133.59586199974447,57.77232500009777],[-133.57544000011262,57.77050700008403],[-133.55587000042541,57.77222099980659],[-133.54935799974314,57.77522499980868],[-133.54764100033324,57.77794000020571],[-133.54896699993085,57.78273600013559],[-133.53113999959285,57.795881000138266],[-133.52208899969318,57.80898999981908],[-133.51227000041274,57.815149999928906],[-133.5004250001293,57.81818799996181],[-133.4930479999818,57.82472599998364],[-133.4820880001533,57.818780999845025],[-133.47048800009225,57.81841600008099],[-133.45224200035287,57.814061999902265],[-133.43787899987018,57.80635500018555],[-133.42677599992655,57.805979000104294],[-133.4215410002347,57.79990900021073],[-133.42228699987422,57.79064300010235],[-133.4187679997673,57.78456399983099],[-133.41059399992673,57.781863999984246],[-133.39577500023276,57.785534000049914],[-133.37843900016438,57.77834399996538],[-133.36478399968632,57.77721299981381],[-133.35345099958894,57.772269999884365],[-133.34352299963024,57.77330599986091],[-133.33753599955278,57.77697599991524],[-133.322130000228,57.7760999998516],[-133.2927449996617,57.79200900003697],[-133.27987699972928,57.794768000109556],[-133.2743769997236,57.785430999872716],[-133.27567499973213,57.7811260002022],[-133.28328600023133,57.772110000137374],[-133.28056200016775,57.767058999805776],[-133.22487599984717,57.771896999946264],[-133.22168499980333,57.764904000031265],[-133.2183580002154,57.76184899992424],[-133.21875999989828,57.75698800007052],[-133.21500300014003,57.754848000002916],[-133.1993640002884,57.75463700020479],[-133.19019500038797,57.75234099979776],[-133.19235600021184,57.75050200000351],[-133.19105999985317,57.74875500009099],[-133.1919079995999,57.74519500017519],[-133.18819699987236,57.74100799984181],[-133.1824469996214,57.740247999822365],[-133.16896699994385,57.74258599979179],[-133.16066500005672,57.73915100001529],[-133.13298400027813,57.74214200018996],[-133.13144199987212,57.7413520001617],[-133.13207899973168,57.7307909999067],[-133.12739600040888,57.729487999834554],[-133.10393000014795,57.72696800008397],[-133.0926470002793,57.734475999761344],[-133.06875199967297,57.742414000156636],[-133.05624600013886,57.73110799976194],[-133.05467500031884,57.72388500018076],[-133.05005099964893,57.7215270001629],[-133.0451110004082,57.72023599983389],[-133.03166099996955,57.7209040000424],[-133.01256900013325,57.71620800012914],[-133.00481200004415,57.71593499988018],[-132.97732999955892,57.72149799989863],[-132.96427199965572,57.73260899994286],[-132.95620599977016,57.74500899997792],[-132.95087800019192,57.745754999920365],[-132.93731399995042,57.73946900020084],[-132.9352009998071,57.736422000061445],[-132.92367100006624,57.73233999991005],[-132.92236800003482,57.73087499992553],[-132.92324199972083,57.7282299999453],[-132.8997660003125,57.729740999762086],[-132.8843199999064,57.72423299997209],[-132.8766039998252,57.71896200000704],[-132.8723640001932,57.71437599990877],[-132.87284000039423,57.71092400008249],[-132.89189399969737,57.70226799996258],[-132.89871400035128,57.68552800010404],[-132.89423299979651,57.683416000100884],[-132.87610000003502,57.685184999843294],[-132.8629099998874,57.682367000182445],[-132.84499600040905,57.66922900005995],[-132.8409960000782,57.663106000078415],[-132.84270199961747,57.65860099988279],[-132.84647299961944,57.65542100013853],[-132.86916099955548,57.64795699995644],[-132.8805890000874,57.640479000051016],[-132.8784910000127,57.628567000225104],[-132.88103099995328,57.62115000011891],[-132.8878499998839,57.61373899980082],[-132.88905500000607,57.610157000193546],[-132.8882599999628,57.60607700017573],[-132.8810650002885,57.60907699987483],[-132.85839499989578,57.606388999829775],[-132.8555520000065,57.60487800007818],[-132.8548620004435,57.59868100014323],[-132.82831200026888,57.58794200018354],[-132.82882399955665,57.58298700002689],[-132.82750299998187,57.58066000017172],[-132.81214600016256,57.576310000220396],[-132.7922619997577,57.57599999998609],[-132.7793579998403,57.58233799994269],[-132.74966100000282,57.58325699993042],[-132.7348899999894,57.581550000050306],[-132.72183299991116,57.57621599983476],[-132.70143999969326,57.57808599983603],[-132.69869399988838,57.579502999908975],[-132.6709150002005,57.580982999848246],[-132.66376099963577,57.58422100023923],[-132.65643600026513,57.58284900011582],[-132.65218700041228,57.5864629997996],[-132.6501959995694,57.59091600008935],[-132.64979600043463,57.594812999940665],[-132.6560179997904,57.60368100015336],[-132.6524560000258,57.60735699990297],[-132.66086300039322,57.61673600004424],[-132.75105799974554,57.69597299981891],[-132.86936700031814,57.839712999820364],[-133.07009800026043,58.00033999981618],[-133.17231100014854,58.1536759998256],[-133.70173000018193,57.791330999999126],[-133.81340099967548,57.83633100003725],[-134.17842299995988,58.15967000022272],[-134.4177640004454,58.11487499977175],[-134.4225670003171,58.10757100005543],[-134.44759299962908,58.09830000019925],[-134.46353899962736,58.097678000047075],[-134.47452100009545,58.09406800020301],[-134.48932600044404,58.09522200000076],[-134.5105509996168,58.09277700004514],[-134.52143400035072,58.09382199994104],[-134.52923599974733,58.09750099983312],[-134.53841300004368,58.098171999840815],[-134.544180999838,58.093051000115075],[-134.5443549999153,58.088849000106286],[-134.54768999989915,58.08533100000362],[-134.5672799996778,58.07857599995211],[-134.560217000248,58.069367999999336],[-134.55133600022765,58.0665159998632],[-134.55299699956103,58.05995400008076],[-134.5569729996024,58.05559200002458],[-134.57777300042437,58.05411600021057],[-134.58809300002025,58.05969500011976],[-134.62846199980612,58.060991999893595],[-134.63732699993295,58.05657000012338],[-134.64964800041747,58.04553999979615],[-134.65318000004484,58.04048200010401],[-134.6613210002735,58.036777999988914],[-134.66603200008367,58.03239899997753],[-134.67543000031299,58.02947099990096],[-134.67884700031263,58.03388900017891],[-134.69776599989652,58.032035999781904],[-134.70463900025388,58.04218199981579],[-134.71288900026244,58.04918000009687],[-134.71746399963024,58.04934500000675],[-134.72214500020152,58.05373000018326],[-134.72341600044587,58.057128999834],[-134.7383659996611,58.06410500008263],[-134.73980299958683,58.06758599990286],[-134.74573100011304,58.06915399993256],[-134.75723200043993,58.07761000005478],[-134.76324999958118,58.0791460002158],[-134.7846810004149,58.09659900000393],[-134.77686200040154,58.099044999795055],[-134.77640999959158,58.10819399992145],[-134.77413300031503,58.10904799995449],[-134.77427200023223,58.11224100003461],[-134.77228200011257,58.11274200012044],[-134.77027000025157,58.116254999901734],[-134.77120599986188,58.12116099989759],[-134.76949799977453,58.12407599980801],[-134.7722789997395,58.13001800006849],[-134.7707020000717,58.13282399987618],[-134.7733919998001,58.13648400011395],[-134.77055599958354,58.13608300010631],[-134.77085299968445,58.138611000094514],[-134.76844099979039,58.13982400013676],[-134.77307600033095,58.150231000202304],[-134.77118599977038,58.151309000203575],[-134.77250700024345,58.157379999936786],[-134.77075899997314,58.1595009998208],[-134.7727280001764,58.166495999833614],[-134.77065299966793,58.168543000229214],[-134.762525999683,58.17017300003513],[-134.76122600002464,58.169238000146024],[-134.75886299963605,58.17474700000884],[-134.75541100037464,58.174869000210194],[-134.75591799963954,58.17737799984352],[-134.75404999971857,58.18037699996128],[-134.75565099967582,58.18668100023509],[-134.7505730003428,58.18645500019014],[-134.7501520003933,58.18778899977792],[-134.7459110000381,58.187734000048636],[-134.74768500024769,58.18907600001955],[-134.74295099997295,58.18909800013253],[-134.70970099969335,58.228194000075966],[-134.69542099994962,58.276869999792474],[-135.07135700003175,58.49891299980334],[-135.0721090004173,58.49706099995558],[-134.99846199986442,58.1313280000913],[-135.25180600008426,58.16632799987118],[-135.4551420002644,58.317996000061015],[-135.45514399991427,58.36799700018679],[-135.44983399987933,58.37207299981091],[-135.44743500040406,58.37989599976944],[-135.44630700027483,58.40561800007667],[-135.4601540003735,58.41951900014998],[-135.46754999988923,58.431231000232266],[-135.46930200035754,58.43874999995628],[-135.46771800011877,58.457937999930756],[-135.47320800007873,58.47210100013347],[-135.4773249996871,58.47632300022309],[-135.4908139995855,58.48445299990475],[-135.5070199998748,58.4996039998484],[-135.49273000008534,58.4996610000798],[-135.4770229995633,58.505318000076166],[-135.46900500025663,58.510819000135804],[-135.44946499980836,58.509923000206506],[-135.4371740003594,58.51422700002475],[-135.43021099959037,58.51276199979178],[-135.42654599989365,58.51408200018911],[-135.41090700004202,58.51002800000309],[-135.41129100018156,58.50706700004823],[-135.40907799958083,58.505013000055165],[-135.40032600033024,58.503598000036845],[-135.39006899958522,58.50484199980727],[-135.37922599993263,58.502402999985556],[-135.3742819995956,58.49963700009248],[-135.36997099981843,58.49436099993498],[-135.35565900028766,58.491005000207934],[-135.33028599974776,58.49527300008861],[-135.32842399967458,58.49867600002792],[-135.31673199955202,58.50439299999137],[-135.31935699988142,58.51125200001006],[-135.32895599995217,58.517334999805264],[-135.3345260002781,58.5257860000401],[-135.35794700033316,58.53389699980124],[-135.36560099959178,58.53470300000616],[-135.3759150002382,58.54126999986749],[-135.36539399990255,58.54839999980833],[-135.3627150000448,58.55252099994129],[-135.37637700019553,58.564250999861514],[-135.3808029996004,58.57199900007006],[-135.39359899956276,58.57691400016863],[-135.39740600044806,58.58053299993148],[-135.40509300021694,58.58010799995527],[-135.41587899996813,58.58657199986604],[-135.4134469999826,58.59185000020803],[-135.3999649997569,58.596690000076876],[-135.39583899992766,58.60277800014963],[-135.4011430001148,58.61327799979163],[-135.40476599997876,58.61669499986853],[-135.40522299991326,58.620593000187064],[-135.4107510004064,58.623627000179084],[-135.41729599980238,58.624431999912964],[-135.42268700002813,58.631415999989],[-135.43280699960746,58.633672000122395],[-135.43690599967252,58.63646200017844],[-135.45391899970065,58.635162000151006],[-135.46620199965201,58.638924000222914],[-135.46915400021953,58.64296100009561],[-135.47696900003496,58.645395999805885],[-135.4793170003549,58.65013900000433],[-135.4887010003405,58.65644800000948],[-135.49937499993868,58.650857000213435],[-135.50651600008467,58.65406999996766],[-135.50704599981407,58.65802600013175],[-135.5124560003064,58.66001300021662],[-135.52994299998747,58.65678400015554],[-135.53319699978053,58.660899000023285],[-135.53788300037468,58.663160000191525],[-135.53885400014508,58.66706700002794],[-135.54411800014924,58.67000000014558],[-135.5433630002889,58.6718760001557],[-135.54689400009136,58.675157999849475],[-135.5388349998785,58.67796599991322],[-135.5431149996935,58.684471999831594],[-135.54024099984207,58.688748000080736],[-135.54524999957812,58.69111399989292],[-135.54695500019074,58.69524199982082],[-135.551000999654,58.69879299983013],[-135.56332600033647,58.700052999849134],[-135.5708120002639,58.697522000200884],[-135.57838500022999,58.69950900021462],[-135.5819429997966,58.7074200000994],[-135.59152299960078,58.71146899997376],[-135.59775300025078,58.70645099986999],[-135.61011499984488,58.71013299992653],[-135.6127810001821,58.70928899979214],[-135.61414199993987,58.706559000219336],[-135.61659900003977,58.70643499996258],[-135.62073900011268,58.71082099976764],[-135.6335330004252,58.71385299999947],[-135.63533799969863,58.71572299977283],[-135.63528400017026,58.72115799979256],[-135.6384350000311,58.723397999955715],[-135.6419249998257,58.72088300006888],[-135.64839899997486,58.72112899990041],[-135.65883900011963,58.718408999998566],[-135.6645459998146,58.71483799978506],[-135.66553400020175,58.710214999881934],[-135.67360299956206,58.71301800004871],[-135.6779999995529,58.71850399985334],[-135.69090900039149,58.72496699978996],[-135.69383799959616,58.72779200014486],[-135.69675800037666,58.73529899990862],[-135.70130699980515,58.737779000203666],[-135.70943100031536,58.73662499978939],[-135.73083499958827,58.72535500002124],[-135.74690000031055,58.72476799983808],[-135.74414699993466,58.733051999886534],[-135.7500069997905,58.73718899984633],[-135.75545400009275,58.7451989999707],[-135.75237100000396,58.7532640002136],[-135.75342299996518,58.75630299999847],[-135.7445720000821,58.759031999924886],[-135.74243399982444,58.76156499997457],[-135.72687899963836,58.76538800018314],[-135.7337389995769,58.768371999969766],[-135.72994099981076,58.776393000154876],[-135.72994500000874,58.78362499985077],[-135.73225300014573,58.787640000071896],[-135.7233479998359,58.789756999862774],[-135.7128149998047,58.79672799982132],[-135.70901600021367,58.80570999999449],[-135.7106310004146,58.80696199986221],[-135.71099700011249,58.811178999801776],[-135.7095119996079,58.81774000006504],[-135.7130020003008,58.82328600001107],[-135.6992530001114,58.832491999906665],[-135.67637500020453,58.838379000048576],[-135.67671400013822,58.841692999952905],[-135.6787109999306,58.843611999910614],[-135.67760999956556,58.84596299991625],[-135.68376300022265,58.85283900009495],[-135.68235200023622,58.85429800014329],[-135.65679200009856,58.85226600021972],[-135.63938900008307,58.856735999858245],[-135.61864699988575,58.8523250000901],[-135.60803100001385,58.85612499992188],[-135.60056799965264,58.86102700001398],[-135.57905899989944,58.86164400010734],[-135.56477099975982,58.87138900010618],[-135.55160200042684,58.875286999858034],[-135.54215599961864,58.87404599983104],[-135.53200900027514,58.869237999885925],[-135.5273460001455,58.87543000003247],[-135.5294569997407,58.88409999986366],[-135.52430499988952,58.8881159999316],[-135.52998800019336,58.88815100013706],[-135.54229600025906,58.89271800021817],[-135.54839999961405,58.896359999977946],[-135.54952699991838,58.899773000019906],[-135.55467200009684,58.9018130000693],[-135.57317999977704,58.9012389998376],[-135.5822030000876,58.89774499982277],[-135.592574999562,58.899485999931834],[-135.60092800040107,58.90363699981629],[-135.60549299972308,58.903989000097575],[-135.6058879997333,58.90966499987427],[-135.60150800035922,58.9159609999889],[-135.6065909997151,58.9195119997886],[-135.6081819996266,58.9231100000603],[-135.59937400029952,58.92696699978534],[-135.5890250003913,58.92738599984202],[-135.592474000178,58.93435599989543],[-135.59068400007487,58.93707299992512],[-135.58584500021814,58.935929999852576],[-135.57745399974425,58.936695999933065],[-135.56820799985093,58.940404999814724],[-135.56594300026995,58.94363400011411],[-135.5665309997257,58.95252100018535],[-135.56399800035612,58.9561469997892],[-135.56605899972257,58.96280600014118],[-135.5702859998341,58.965142999888094],[-135.58526899955964,58.96783900022927],[-135.5882930000972,58.970048999938015],[-135.58815500000495,58.97850899992549],[-135.58634599963526,58.98185299987313],[-135.59309199977096,58.98380700002515],[-135.6013440003277,58.98215199982996],[-135.61831700017285,58.98781999984432],[-135.62631399956317,58.98796800014484],[-135.63723599975677,58.992728000130626],[-135.64368300014178,59.0020690001649],[-135.65569499993148,59.00427400007842],[-135.6545700001753,59.008783000208496],[-135.65585700031318,59.010471000078354],[-135.66139599977868,59.010112999974055],[-135.66744499978037,59.011909999827395],[-135.67032200000483,59.01447299979237],[-135.67010600009476,59.01673100007719],[-135.6745630003601,59.01875700018978],[-135.69563400044538,59.02152000019681],[-135.69357800020347,59.02390599993756],[-135.69429399970574,59.02816499990143],[-135.69608200015904,59.02925800011026],[-135.69833400021955,59.03545299996394],[-135.70633900000573,59.04287999990291],[-135.71796699965589,59.06352799981178],[-135.72309099991799,59.069846999986225],[-135.71853300026865,59.07458600001886],[-135.72112500008777,59.078977000206876],[-135.7190930001353,59.08273999985489],[-135.71310199985987,59.083811999826366],[-135.71683199985398,59.08888799999512],[-135.70950800030826,59.097419000058686],[-135.7103829998192,59.10149100005321],[-135.7045349996589,59.10306699991876],[-135.6986560004348,59.107266999973916],[-135.7279640001099,59.1153139999997],[-135.7474869999414,59.1243300000639],[-135.75136599989838,59.12705200001371],[-135.75156500009004,59.129808000155656],[-135.7620250003263,59.132932999784494],[-135.76302200003596,59.13559300009912],[-135.7765849995542,59.13959599978758],[-135.79143099991066,59.14030999987847],[-135.79572099977142,59.142426000023114],[-135.8147769996227,59.136691999989985],[-135.82428899965478,59.13800600022335],[-135.83518800028222,59.14196799980556],[-135.84110500003945,59.14745400014169],[-135.84219600035877,59.15053000014332],[-135.85121600029626,59.153784000062856],[-135.8646519995929,59.15600399977857],[-135.87058199976894,59.15865200015228],[-135.885623999944,59.15932499983717],[-135.88561499972317,59.161096999925725],[-135.8808389996156,59.16541199991732],[-135.88154300032065,59.168321999968995],[-135.89180400036528,59.17098599994083],[-135.8932079997807,59.174681000107086],[-135.8990500000932,59.17905999983197],[-135.93408200008,59.180744000142184],[-135.96984700018578,59.179740000189916],[-135.99142899973393,59.18421799989691],[-135.99663300036198,59.181545999868646],[-136.01084100013568,59.18680199981477],[-136.01943699975067,59.17819600013772],[-136.03216800031402,59.17583900009117],[-136.042114999641,59.17796599991408],[-136.05100999990503,59.17745000001786],[-136.0567090001024,59.17907200013422],[-136.05576000007332,59.186796999784754],[-136.05833099997602,59.19193799990043],[-136.05512999988647,59.195658000146636],[-136.05145599996888,59.19680200006982],[-136.0575469998034,59.198981000085716],[-136.06364600003383,59.198396000012835],[-136.0738379995832,59.20190500017702],[-136.0894959997014,59.19909400003741],[-136.09850499976824,59.20123400018442],[-136.1010410004092,59.204453000216525],[-136.09686899965092,59.20918200006316],[-136.1071659996806,59.21575400007583],[-136.11150800031817,59.21347500014056],[-136.11200600026055,59.21117399990868],[-136.12154199968376,59.20760799982963],[-136.12415299976945,59.19784900014669],[-136.13065000038316,59.19464600009252],[-136.13354099995303,59.18841500003167],[-136.15791799970984,59.183943999831676],[-136.1584750001018,59.186774999827946],[-136.16575299961676,59.187658999952305],[-136.16288600033633,59.19735899987337],[-136.1644329998669,59.19955199979085],[-136.16860399990193,59.2022379997939],[-136.17584999962986,59.203089000212394],[-136.18612599974313,59.20695299990465],[-136.18974899960708,59.21908100014614],[-136.20914299956715,59.21695200017082],[-136.2202320001654,59.21306900014855],[-136.2351549996164,59.21313799995322],[-136.2461630000238,59.21743299990769],[-136.2630449996324,59.227293999875364],[-136.28309100041895,59.22545200001403],[-136.30955600020474,59.232479000030146],[-136.33216399977485,59.23008800015371],[-136.36070300024423,59.232516000208314],[-136.3703869998055,59.23831099978524],[-136.36640999993918,59.242263999809765],[-136.3654800001767,59.24760900020287],[-136.36972800020462,59.2491759998283],[-136.37956400010185,59.24925600020339],[-136.38628799959793,59.25286300014273],[-136.3936920004079,59.24587300005956],[-136.4098490002934,59.243824999770375],[-136.42381100001984,59.24617800000522],[-136.4422840004382,59.253172000163815],[-136.4471629995796,59.262866999878746],[-136.44548299997965,59.26576599982988],[-136.45883200013594,59.26425800015051],[-136.46644199991195,59.25857799989633],[-136.4743649996824,59.25647799999517],[-136.48970300013343,59.25977499989652],[-136.58444199978973,59.16585399986797],[-136.82872699971398,59.15995900002089],[-136.87673700013627,59.13615399999651],[-136.9696759996437,59.10123399996122],[-137.17564700019904,59.03214200004342],[-137.2828470000819,58.999998000191916],[-137.45172600021056,58.90834900006466],[-137.52611500020498,58.906371000122334],[-137.94569999980527,58.80836499996107],[-138.0292970000582,58.808332999850364]]],[[[-135.92047199980777,59.40419799980285],[-135.91276800032045,59.400176999946204],[-135.90053499969946,59.397947999794354],[-135.87874999976174,59.399512999828175],[-135.86217399957658,59.390389000077036],[-135.85200999961634,59.387351000136306],[-135.8520409995785,59.39510899992063],[-135.86723699973933,59.39510800016295],[-135.8672490003332,59.40236199978408],[-135.88141799974883,59.4023310001975],[-135.88143399964235,59.40954200020469],[-135.9137490001366,59.40955599999116],[-135.91361199986923,59.40421000007637],[-135.92047199980777,59.40419799980285]]]]}},{"type":"Feature","id":"AK|Copper River","properties":{"state":"AK","county":"Copper River"},"geometry":{"type":"Polygon","coordinates":[[[-147.74474699981107,61.38893900016585],[-147.74471699967384,61.33961199981593],[-147.20658499984958,61.33960299984653],[-147.20657900000182,61.29735699978785],[-146.2080080003695,61.29738299981289],[-146.20798499990494,61.210731000197704],[-144.41642000011203,61.21077399992563],[-144.41640900024137,61.124106000195276],[-144.4260979998255,61.12410399990176],[-144.42608699995483,61.03745300004379],[-143.71721499975368,61.03746900014405],[-143.71719999968508,60.864150000209534],[-143.36275399998792,60.864150000209534],[-143.36274800014016,60.77749800010473],[-142.84281000017674,60.77749099981368],[-142.84277599984154,60.60851099984605],[-141.96599299980738,60.60855300018909],[-141.965971999891,60.521890999841055],[-141.79117199980715,60.523035999935935],[-141.79060100006984,60.43523800017883],[-141.21345100017166,60.43526800008714],[-141.21344399960068,60.391675999962665],[-141.00183300019586,60.39168699981873],[-141.00160300004208,61.90404700015123],[-141.83180400025708,61.904053000004566],[-141.83181199975468,62.117178000134516],[-142.01498700041893,62.11764599999877],[-142.01498900006874,62.16398100003695],[-141.97733599995053,62.16398300003033],[-141.97735299966897,62.51055899985081],[-142.12583799975482,62.51055599986526],[-142.1261309996578,62.597192000147615],[-142.3135550001749,62.597192999854194],[-142.3135640003957,62.683827999864306],[-142.50563699990042,62.683822000163495],[-142.50992699976115,62.68136400006468],[-142.5183850001822,62.68158900010419],[-142.53461900006056,62.68550199996748],[-142.55308999993085,62.685471999850414],[-142.56938800028163,62.68794199984504],[-142.5856899999321,62.69459600012563],[-142.59382100011499,62.69027600006691],[-142.598870000034,62.68395899989974],[-142.6134300001602,62.68229099991941],[-142.62995699994156,62.6834400000798],[-142.6263969998268,62.68859199998051],[-142.63122399998795,62.69689600009207],[-142.63586200000324,62.70046200004047],[-142.65045700028955,62.69991699995329],[-142.6737140003131,62.7040010001024],[-142.677113999696,62.70616600010614],[-142.6771720003206,62.708188999967255],[-142.68665500004042,62.71130899993707],[-142.71952299983025,62.713507999952874],[-142.73123300039447,62.7082820001679],[-142.73893400040708,62.69943400010157],[-142.73408899980427,62.696154000191925],[-142.73310499961505,62.69288100010693],[-142.73582100018106,62.68999199989928],[-142.73274300011514,62.686820000178834],[-142.73919200014996,62.684062000026984],[-142.75168500016358,62.6826629999637],[-142.75300499991343,62.67532199980069],[-142.75212500037966,62.66981199988699],[-142.7406960000228,62.66189399980734],[-142.74004900011752,62.66085699984675],[-142.742485000301,62.65781300004358],[-142.74959200011176,62.65708600020213],[-142.7642379995534,62.65915399993299],[-142.77992099978596,62.65766499980186],[-142.79143600035653,62.65424200019615],[-142.79878300036677,62.64561500000068],[-142.80547800044886,62.64299600017666],[-142.80214000009195,62.63921699981535],[-142.8141960002626,62.636082999838216],[-142.8158580003192,62.63055100012847],[-142.8248199996321,62.62786300002677],[-142.82982800044155,62.6236720000127],[-142.83176699960927,62.620185999822446],[-142.82850600014353,62.616894999951306],[-142.82938400002755,62.61416100005305],[-142.838696999868,62.60879499999562],[-142.83662499973258,62.60555599991413],[-142.82898399999445,62.601385999902504],[-142.83155999992005,62.60034900004366],[-142.84091899979126,62.5995339999907],[-142.8527470003563,62.60115099981682],[-142.86201800036397,62.60327399993177],[-142.86805800014486,62.60771699985146],[-142.87489499961885,62.607088999871124],[-142.88202300024432,62.60421899987284],[-142.89948599963597,62.60640500020373],[-142.91705900042908,62.612451999956996],[-142.92794100043974,62.61117900001369],[-142.93176099994722,62.60554099985433],[-142.93373400034844,62.598456000116855],[-142.94597899976665,62.5953980001947],[-142.9633009995913,62.59666200001863],[-142.96880800016802,62.59778100009786],[-142.97363000030631,62.60109600008234],[-142.98143699972582,62.602299999960316],[-142.9977359999015,62.61015799984358],[-143.0034860001525,62.61099499996431],[-143.0061759998809,62.61284400002024],[-143.00600400035177,62.61707000018865],[-143.0153210003902,62.61520600004053],[-143.03157000033718,62.61629900012985],[-143.04088200035278,62.613420000073546],[-143.07317100000938,62.614476999947804],[-143.07851700002934,62.61352099980846],[-143.08092899992337,62.61112599997043],[-143.08929299973477,62.61453599990197],[-143.10499600005883,62.61490499993815],[-143.10792000013896,62.62138099990859],[-143.1145060004411,62.62287600008545],[-143.11752900025544,62.62557600009017],[-143.14187699969997,62.62738500007781],[-143.1513279996327,62.63081299998499],[-143.15446900034615,62.63615100020329],[-143.16073699973268,62.639433999934454],[-143.15937099995207,62.64191100011341],[-143.16006899991098,62.64519000006137],[-143.16737300026355,62.64950399994624],[-143.17360300001525,62.65078500000335],[-143.1708789999516,62.65584400006113],[-143.15520199956686,62.664847999927986],[-143.14491899978088,62.66468300007657],[-143.13048900024933,62.66175899984653],[-143.116082000284,62.6657289998472],[-143.11701000039668,62.667427999912015],[-143.124537000332,62.670529000043445],[-143.12867599968166,62.67485400002527],[-143.12494900006064,62.68502800008562],[-143.1375990004331,62.687763999836015],[-143.1422280002276,62.6903559998252],[-143.1381669997974,62.695400999854265],[-143.13038399976904,62.70008299996177],[-143.11758100013398,62.70335599989744],[-143.10017300009562,62.701294000006634],[-143.09710699972527,62.7034790000757],[-143.09100199964706,62.704639999820394],[-143.09149299991674,62.71220600013021],[-143.08140799959918,62.713920999815244],[-143.07557899970547,62.717128999891465],[-143.07164500039522,62.72288599990166],[-143.07258900040142,62.72539100001679],[-143.06635600027667,62.728821000120234],[-143.06570699982328,62.73116299998389],[-143.0678209997915,62.73277399988114],[-143.0627800002684,62.738142999889114],[-143.0546499999104,62.73724999985813],[-143.03285499992694,62.748343000178046],[-143.03054199976708,62.753125999842126],[-143.02343699960616,62.760402000117146],[-143.0150200000913,62.7646659999088],[-143.00982999970697,62.764888999898474],[-143.00893199973152,62.766691000025325],[-143.0194339998006,62.77424100003147],[-143.03007499978685,62.77463999990401],[-143.0370500002514,62.77126099993335],[-143.0436580002949,62.77047399988785],[-143.06447199956392,62.77173900019117],[-143.07637100027404,62.77531400009395],[-143.0847390002834,62.78258400013474],[-143.09742300009276,62.78640099987014],[-143.1026340003935,62.78950800003375],[-143.11411399990564,62.79204599995658],[-143.11828499994067,62.796786000084566],[-143.12735500010692,62.798135000007164],[-143.13898899960486,62.80340799999583],[-143.1636829995541,62.801398000192684],[-143.1701790003429,62.80331100008496],[-143.17798199956442,62.80832000006564],[-143.1773129999178,62.8137420000965],[-143.20356000014374,62.820853999814794],[-143.20811600014326,62.82541400015363],[-143.20756999962197,62.82909100006649],[-143.1906720001199,62.83266699981715],[-143.18197799969727,62.83046899981842],[-143.17447900024936,62.8325319998677],[-143.16627400044663,62.83266199993643],[-143.16434999955086,62.83456899982315],[-143.16423999994603,62.839875999970054],[-143.16203399991628,62.8420150001674],[-143.16217700003142,62.851831000088545],[-143.15671600038377,62.8539650001019],[-143.15488899957242,62.857617999902374],[-143.14516800020124,62.860656999872866],[-143.13133299979813,62.857402999838115],[-143.12753400020705,62.86166200008086],[-143.12463400041636,62.86854599994744],[-143.12607499964173,62.86984500009],[-143.12366799977053,62.871637999978724],[-143.12508200013005,62.8743879998919],[-143.12299800029905,62.87632899982189],[-143.11114499961965,62.87609800020326],[-143.10575799959184,62.87835800007561],[-143.0967019996693,62.87817000006647],[-143.09486800008358,62.87961399984532],[-143.09391400003162,62.88749800014601],[-143.08509400011064,62.895555000186725],[-143.07432799955262,62.89601000000981],[-143.07147799999063,62.900334999926145],[-143.06307800019422,62.904656999871044],[-143.0597480002332,62.90989200009484],[-143.06708500019772,62.915847999982745],[-143.06043000029862,62.92090699980091],[-143.04309400023027,62.92502200012133],[-143.03759099985152,62.93060200006729],[-143.03223800015888,62.93179100013345],[-143.0317770000264,62.936649000104474],[-143.02910599966629,62.94018800002456],[-143.04171800040393,62.942718000096804],[-143.03753099957706,62.94541600006595],[-143.03906600031036,62.948087000169735],[-143.03831899994765,62.95090699985934],[-143.0321350002267,62.95388400001185],[-143.03180700016367,62.95737599995753],[-143.03385199963657,62.9624820001628],[-143.03741099992644,62.965227999817955],[-143.0383869997197,62.969410000142055],[-143.0307049999737,62.96954400018932],[-143.02322900009202,62.972023999805074],[-143.00520099991255,62.97228700001192],[-143.00049900032315,62.97502200016581],[-142.99623200002864,62.981364999836394],[-143.00171799979069,62.99122600014225],[-143.00183699961633,62.99562300012196],[-143.02732899998193,63.00006499990471],[-143.05404599966283,63.00070000003877],[-143.06220899963276,63.00389000017765],[-143.07658600035919,63.0036989998409],[-143.08704400004734,63.008522999818844],[-143.098875999912,63.00789099981525],[-143.09055700030643,63.015287999828345],[-143.08858599955505,63.01784499995841],[-143.08972799992796,63.02023399999988],[-143.08447200031972,63.025421000191145],[-143.08660899985415,63.03216500005825],[-143.0909790000808,63.035421000106616],[-143.11493499988822,63.039199999871414],[-143.1262610003129,63.043332999889195],[-143.1267829996464,63.04766500010811],[-143.11815799971907,63.05258699996777],[-143.1153349999213,63.056346999974],[-143.11826999987207,63.061686000200346],[-143.1235249996554,63.0660679998887],[-143.12118899992933,63.06955300012691],[-143.1256219999052,63.074549000113855],[-143.12162699959725,63.077494999893474],[-143.12534200042103,63.08791400020268],[-143.12108599999718,63.09299799984461],[-143.13342500002506,63.09941699998269],[-143.14111799964172,63.10983999984875],[-143.14118399976394,63.1119850000315],[-143.1323370000788,63.11697800004188],[-144.5801590000851,63.116930999979026],[-144.58017099978065,63.13116799992705],[-145.1543849999031,63.13114899984691],[-145.15439499994883,63.2177809999715],[-146.11148600028278,63.21776199993438],[-146.11149799997835,63.1995180000236],[-146.11763900004158,63.19959200017637],[-146.1159870000307,63.19715000014768],[-146.12265100015068,63.194614000144995],[-146.12182400032032,63.19363100008471],[-146.12477099996667,63.192565000135495],[-146.1236599995559,63.190599000082045],[-146.12839499965557,63.190328999848276],[-146.1317639999746,63.18747199994819],[-146.14648899995728,63.183106999971855],[-146.16589299996306,63.184044999806545],[-146.17486100002205,63.189757000153804],[-146.17507299973417,63.18270600010245],[-146.18239399980516,63.182956000088566],[-146.19061600022465,63.18037400005029],[-146.21922299956776,63.18474499981853],[-146.23030700014314,63.18288399996364],[-146.24011700010107,63.18549399995838],[-146.30364099980324,63.188494000137204],[-146.3191240000193,63.191000999987764],[-146.340796999804,63.187911999936986],[-146.3407740002378,63.19083000010226],[-146.35150399991252,63.18622999982062],[-146.3834460001378,63.185123000125024],[-146.45468099989833,63.17901100002702],[-146.4665839999081,63.17757999990498],[-146.47139099997779,63.174986999802044],[-146.48811600012584,63.172070999980775],[-146.49431099971744,63.168975000197165],[-146.4942959996488,62.9578640000621],[-146.45013400011962,62.9578640000621],[-146.45012599972372,62.85699100016314],[-146.43689899976613,62.85699100016314],[-146.43688399969753,62.510453000039746],[-146.4239899998259,62.51045400017663],[-146.4239839999781,62.25051100000293],[-146.97980699969793,62.250496999949064],[-146.97981099989588,62.16385200018538],[-146.96097799962737,62.16385200018538],[-146.96095199968812,61.81727200011147],[-146.94260100036678,61.81727200011147],[-146.94255899963565,61.47067499987301],[-147.20660499994108,61.47066299996683],[-147.20659700044348,61.4262649999257],[-147.74475299965883,61.426275999941275],[-147.74474699981107,61.38893900016585]]]}},{"type":"Feature","id":"AK|Chugach","properties":{"state":"AK","county":"Chugach"},"geometry":{"type":"MultiPolygon","coordinates":[[[[-148.94876199974402,59.89271799984662],[-148.60547599989187,59.88429599981281],[-148.43722399957701,59.89281000013225],[-148.21850600036146,59.8756400001946],[-148.10074599978486,59.815696999875605],[-148.03965700044128,59.7690469998438],[-147.956439000305,59.74413099990453],[-147.81938199985277,59.73666999995958],[-147.68724000032356,59.741679999931684],[-147.52084599988387,59.7740789998945],[-147.33482700040375,59.83387399992778],[-147.2809639997983,59.87872600018856],[-147.28094100023205,59.92357300015462],[-147.27112899972596,59.963436999861024],[-147.24173999986004,59.998316999803116],[-147.1615680000027,60.0529930001185],[-147.1019399999759,60.081336999913255],[-147.0025659997791,60.09754499982732],[-146.93927899990337,60.10384800014718],[-146.73430599978093,60.15414199985147],[-146.46570699984906,60.21250100007947],[-146.17930900006655,60.2800560000932],[-145.9765679999131,60.31465200021044],[-145.8243229996959,60.315116999961695],[-145.62169500041867,60.255803000006665],[-145.31768700003315,60.17969099987733],[-145.09797499968434,60.146111999876865],[-144.77601500018562,60.12959199991167],[-144.60727699962396,60.07834699999278],[-144.53968399999397,60.010148999789486],[-144.6417270000028,59.924389000018294],[-144.77779799971773,59.82993500016481],[-144.77810300021457,59.778563000128266],[-144.67676999986023,59.72739499998957],[-144.54218200010177,59.719320999875904],[-144.41050900020255,59.746273999936946],[-144.14407799976726,59.91945199986485],[-144.03358700028144,59.91967099982009],[-143.94667900033411,59.93083399990984],[-143.89332600026486,59.942653000188166],[-143.89332500043997,60.024165999914864],[-143.19351900020715,60.521828000175084],[-141.965971999891,60.521890999841055],[-141.96599299980738,60.60855300018909],[-142.84277599984154,60.60851099984605],[-142.84281000017674,60.77749099981368],[-143.36274800014016,60.77749800010473],[-143.36275399998792,60.864150000209534],[-143.71719999968508,60.864150000209534],[-143.71721499975368,61.03746900014405],[-144.42608699995483,61.03745300004379],[-144.4260979998255,61.12410399990176],[-144.41640900024137,61.124106000195276],[-144.41642000011203,61.21077399992563],[-146.20798499990494,61.210731000197704],[-146.2080080003695,61.29738299981289],[-147.20657900000182,61.29735699978785],[-147.20658499984958,61.33960299984653],[-147.74471699967384,61.33961199981593],[-147.74475299965883,61.426275999941275],[-148.4624709997202,61.42626699996791],[-148.46240299994815,61.1662950000478],[-148.47212300039274,61.1662950000478],[-148.4720649997681,60.84851999980543],[-148.738363000134,60.848545999936036],[-148.73828100011823,60.81966200005549],[-148.74586499995496,60.819663999884305],[-148.74561800008274,60.7330070000916],[-148.65711900022393,60.73297600006005],[-148.6570759996679,60.472957999833916],[-148.6644739997318,60.47295899993969],[-148.66447000043215,60.41518299997675],[-148.56371500038608,60.41517200007628],[-148.5630259997497,60.126313999893064],[-148.57202700031897,60.1263159999563],[-148.57196299984656,60.06133299996782],[-148.58648500033794,60.061336000155904],[-148.58617999984108,59.93858500007388],[-148.64370200029552,59.92415600022065],[-148.94876199974402,59.89271799984662]]],[[[-146.50828000001488,59.39072700013836],[-146.5057550001429,59.378638999789914],[-146.49834000036057,59.36800100017799],[-146.48643200032794,59.35848499981396],[-146.46929100025324,59.35004900019628],[-146.45332199979043,59.3450599998605],[-146.41079399983047,59.33570299979179],[-146.3872320002084,59.334013000183084],[-146.36191200027025,59.335484999875696],[-146.32232799958356,59.34490999997468],[-146.30194199993673,59.34563600022683],[-146.28231600017307,59.34850599990225],[-146.25353599967926,59.35767300019746],[-146.2388609999253,59.36612200009802],[-146.21852999963173,59.383517000193436],[-146.1870300001706,59.390924000162194],[-146.16298899997443,59.40315899985958],[-146.15444500023798,59.41068299993426],[-146.1485889996818,59.41884799994828],[-146.1456019998525,59.427407000028325],[-146.14544600021685,59.43523300013623],[-146.14732699965828,59.442123999795676],[-146.15167099994565,59.44963100008108],[-146.16666600026505,59.462965999784025],[-146.1670849996664,59.472831999820585],[-146.1711260000051,59.48216799984301],[-146.18547799971887,59.49699099998421],[-146.1963789999961,59.50477999993923],[-146.2100090003598,59.51136799984085],[-146.2429240000053,59.51995400000512],[-146.2370509997307,59.53241700007776],[-146.23743400004537,59.544571999980825],[-146.2435979996748,59.55631800012538],[-146.25518400039047,59.566957000216725],[-146.27553099967926,59.57748299989817],[-146.30106700042577,59.58452699998193],[-146.32955400011835,59.587470999936166],[-146.35849199989755,59.58605599989777],[-146.38086500018937,59.581692999922254],[-146.40048400028033,59.5747130000432],[-146.41618199968318,59.56552999999316],[-146.42643000020735,59.555506999903656],[-146.4319679998479,59.544571999980825],[-146.43265400011128,59.53415100011684],[-146.4290610003845,59.523885999784454],[-146.4206439999714,59.51356500006737],[-146.43199100031248,59.50010199999202],[-146.43573899984986,59.487223000210015],[-146.43392299980746,59.47683700018562],[-146.4278339996228,59.46666899979291],[-146.44294299974501,59.460969999922355],[-146.4556159996837,59.45391500011278],[-146.47001699980126,59.44006999988937],[-146.49138900018542,59.423052999998525],[-146.50230100033332,59.40842699993522],[-146.5068310003936,59.39851799983411],[-146.50828000001488,59.39072700013836]]]]}},{"type":"Feature","id":"AK|North Slope","properties":{"state":"AK","county":"North Slope"},"geometry":{"type":"Polygon","coordinates":[[[-166.97174199994745,68.34519899988847],[-166.97210699982045,68.32244799989552],[-166.942040999912,68.30259400006463],[-166.86059000031264,68.28747799996306],[-166.75963299970192,68.29456399997981],[-166.65198299955728,68.28831800006368],[-166.47141399985418,68.26472100007449],[-166.36477600038612,68.24426500008886],[-166.28529999993953,68.22436700012805],[-166.17753699981694,68.18502999985358],[-166.12924799973536,68.15462899992363],[-166.09591899981305,68.11826699986186],[-166.03390999985436,68.09181199992202],[-165.96604199986476,68.07249200000777],[-165.86945000035618,68.05508900008216],[-165.68438000000683,68.03472300004223],[-164.4994369998187,68.03474799984485],[-164.49946299975792,68.20788999988648],[-162.72219000030262,68.2079260001622],[-162.72220199999816,68.2944960000441],[-162.0232729998244,68.29451099986171],[-162.02326100012883,68.20794000006889],[-161.5573280001628,68.20794899995676],[-161.55731999976686,68.29452099995612],[-161.0913640002346,68.29453200005489],[-161.0913509998158,68.20796099991288],[-160.17749700016975,68.20798099993698],[-160.15943999967794,68.20798200007113],[-160.15945200027184,68.2945529998965],[-159.69348699962043,68.29456399997981],[-159.6934769995747,68.20799200007617],[-157.15492399968014,68.20805399994339],[-157.15491000033475,68.1214829998352],[-156.2368310002269,68.12149799989204],[-156.23681699998323,68.03492599992906],[-155.31874799992116,68.03494199990723],[-155.31874399972318,68.0000319999303],[-145.99999999983882,68.00000000008437],[-145.99999999983882,68.4999999998736],[-142.23292200018506,68.50000700003844],[-141.00090099988523,68.49836000013657],[-141.00059100026382,69.64661400002035],[-141.00278200022495,69.7036480001045],[-141.0242170003583,69.70846799990984],[-141.1335889999357,69.72535100010604],[-141.37789599960124,69.74414700003194],[-141.38384400021897,69.74997500014581],[-141.45286299990397,69.77277599997386],[-141.59145299964314,69.8145820001405],[-141.6768769998091,69.83524300011985],[-141.7461099997544,69.8482420000024],[-141.8028639999297,69.8549230000802],[-141.9140159995645,69.8720400001057],[-141.99334800007105,69.89125900014977],[-142.05780699955864,69.90335000009564],[-142.17107600043303,69.93524199992088],[-142.20610000002387,69.94669599985734],[-142.23979399981917,69.95474199995944],[-142.2581409998409,69.96431000013098],[-142.28447500010543,69.97154800008612],[-142.30759099966366,69.97571599997305],[-142.31155800038255,69.97774399993864],[-142.31237500016712,69.98032000011735],[-142.3495060000535,69.99446499986956],[-142.42515799989638,70.01145600008908],[-142.48027299958133,70.03390499992672],[-142.70629500004776,70.08819600013666],[-142.76039100028177,70.0954320000828],[-142.8029100000209,70.10705199988894],[-142.85823599959303,70.11426599991984],[-142.89009699962747,70.1236259999154],[-142.96964199967104,70.1406770000528],[-143.0279320004046,70.1511909998676],[-143.05027399983595,70.15983099990179],[-143.1043879996133,70.16918299997344],[-143.1229599997659,70.18058299994117],[-143.14144999990273,70.18759700005502],[-143.1678849995513,70.19349299993951],[-143.22643300002773,70.20199800007235],[-143.29620599974817,70.20169600004245],[-143.3607870003328,70.19632400007052],[-143.41144700030057,70.18357100005592],[-143.4447140002986,70.18555699987918],[-143.46179000007592,70.19053999986936],[-143.4914180003165,70.19593100008466],[-143.57565900010164,70.1994279999502],[-143.8306190003473,70.17034500010226],[-143.94058500012656,70.1696850000894],[-144.0115880000835,70.15670699985085],[-144.05686100002345,70.13866299996307],[-144.14308299970742,70.13186599992645],[-144.36695600004555,70.0922810001207],[-144.43396799989247,70.0927299999828],[-144.5291040001071,70.07906099996859],[-144.68146800014998,70.015772999955],[-144.8433380003772,70.03957599998166],[-144.9265530001404,70.04002100003781],[-144.98609300030358,70.0703050000895],[-145.0649830000459,70.0876109998789],[-145.27936000024545,70.08895900005682],[-145.33550799962507,70.09870799984982],[-145.366583999662,70.1127289998856],[-145.45011700034078,70.13316300000061],[-145.56455399973075,70.14455000002333],[-145.74185500029543,70.19923700002941],[-145.98178099986367,70.24230700008164],[-146.10401100022602,70.25328900009158],[-146.20606099990752,70.25469399992019],[-146.2491749996734,70.26733999991743],[-146.3779179996447,70.28375000000045],[-146.45694399982946,70.280393000007],[-146.60896999976356,70.28727000014185],[-146.70896300027655,70.28242999986956],[-146.74646700043186,70.29186799996882],[-146.77788200040249,70.31574400000756],[-146.84148300009758,70.33495699990392],[-146.9265220002991,70.35078299994493],[-146.99999999989925,70.35550800002129],[-147.096413000206,70.35860799991285],[-147.17190799969003,70.3501639998772],[-147.1826209996463,70.3697540000394],[-147.22593699997685,70.38898599987404],[-147.27733199971348,70.40251499998213],[-147.32835099970646,70.40743300013828],[-147.37251800015682,70.43053899987744],[-147.45515799998472,70.4457049999165],[-147.56243099966252,70.44658599989417],[-147.61126600026537,70.43647799995648],[-147.62264500039353,70.44714399987375],[-147.63813600010715,70.45489900011067],[-147.65248199997313,70.45970400014558],[-147.70747500035765,70.46963899993543],[-147.7447130003742,70.47198700002288],[-147.7794359996662,70.47186900012194],[-147.77562600020448,70.48491599989916],[-147.77847400011663,70.49166100002094],[-147.7893510001044,70.5001170000641],[-147.80387000022276,70.5081470000494],[-147.81853099973299,70.5200230001073],[-147.89962599968018,70.5420990001084],[-148.0035020003481,70.54557899993043],[-148.05196499960869,70.53883300012414],[-148.0996219998536,70.52399999988798],[-148.1269290004367,70.50134500004842],[-148.1690680002342,70.51774399995529],[-148.2104220000342,70.51824899993308],[-148.23388999994498,70.52891199987711],[-148.29251200004123,70.53745899987301],[-148.4213050002412,70.53286399992051],[-148.50274900016782,70.50432500010513],[-148.5149390002328,70.4897159999375],[-148.51547900000796,70.47747500001432],[-148.48700900003388,70.45331599990187],[-148.5488670003798,70.47297199986946],[-148.6517670003562,70.47816800004232],[-148.71181100030958,70.50766999988817],[-148.78725999976285,70.52537699998074],[-148.9749439996726,70.53370599994393],[-149.0904759995798,70.56541999994798],[-149.18246500013154,70.5745429999884],[-149.21734999980526,70.58293000008857],[-149.29590800018488,70.58764899995079],[-149.40734799969977,70.60382500006615],[-149.67987499999245,70.62149500000564],[-149.71913099971775,70.62193600009209],[-149.79595500007076,70.61187000006295],[-149.9295109999595,70.61476299998117],[-149.99339600023504,70.60419599991073],[-150.03353300021732,70.5876979999866],[-150.11786900043705,70.60618099993194],[-150.2427119996366,70.60433699986994],[-150.32321400010517,70.57855999997099],[-150.34524000006735,70.55323199998442],[-150.4353409997083,70.55784900003889],[-150.50080299965163,70.5488529998598],[-150.6015159998649,70.5512919999953],[-150.65232599962047,70.54485099991614],[-150.79515199969197,70.54835899992877],[-150.8711469996665,70.53553499986218],[-150.9297200002573,70.51428500004327],[-151.04464200006916,70.49762100004645],[-151.189837000377,70.49292400008117],[-151.31497699967747,70.46342600014852],[-151.36925600020956,70.47339299997935],[-151.54889099995222,70.49108499992377],[-151.54771900034038,70.50412299993454],[-151.50332900030728,70.53602299995681],[-151.5167780000227,70.57135500010756],[-151.5462070000716,70.58304399998624],[-151.61274000024275,70.59360400007152],[-152.04636000026267,70.81315599985588],[-152.05815500031744,70.84116499997234],[-152.0807260000776,70.844067000085],[-152.15185100023325,70.8751309998846],[-152.3424259997129,70.90705700002707],[-152.39639899992324,70.9109489998674],[-152.50975699958775,70.93472600004166],[-152.67991399963347,70.9345759999556],[-152.81684499968907,70.96052400009971],[-152.86249300044602,70.96418200007321],[-152.93899100038584,70.96112400000831],[-153.0001130002397,70.9698769998908],[-153.05274999990834,70.96771499993554],[-153.1370350000744,70.97405899988118],[-153.27431000008661,70.97095700013537],[-153.4450780000526,70.94086099990012],[-153.512402999894,70.93594399999256],[-153.7423799995871,70.94505499994523],[-153.89917499995602,70.93621799995832],[-154.43767500002627,71.02355199989873],[-154.49878799965933,71.05536799988177],[-154.62627500035313,71.10072399991478],[-154.82131700014384,71.15896099994058],[-155.00332199994773,71.20007799992],[-155.14646600003655,71.22347700010911],[-155.3001799999665,71.23526100013018],[-155.4588649999977,71.26858999996739],[-155.65793499970826,71.28704299985866],[-155.756215000111,71.28338099998564],[-155.8273610001831,71.32869200003482],[-155.92642800023324,71.35768499991919],[-156.24804700014843,71.40624500009959],[-156.29468400021918,71.40850599998069],[-156.40062600027645,71.43540700008957],[-156.48771999999664,71.43978600002835],[-156.5822519999637,71.42767099988859],[-156.64226099975693,71.39613899989526],[-156.76086700043047,71.37287700012135],[-156.94083000023613,71.31120400010553],[-157.23958399976493,71.15709799986898],[-157.348288000419,71.0879759999834],[-157.53242200025974,71.00755400005357],[-157.81523599963802,70.92727399986903],[-157.9314689998772,70.90215400007398],[-158.17146300011578,70.87104699994718],[-158.33353599983425,70.87203400003503],[-158.45224299989178,70.8849340000018],[-158.55272299957818,70.90282800003575],[-158.6207670001932,70.94556800000228],[-158.67780800042374,70.95924900010067],[-158.73399799963616,70.96311900005409],[-158.90501400019755,70.95537199993151],[-159.07943599998964,70.93275799988116],[-159.23843999986306,70.92028099996126],[-159.5975450003902,70.86471899992937],[-159.7554670001651,70.83052600013265],[-159.8794109995643,70.7771790000362],[-160.04237499958555,70.719861000124],[-160.24455800042048,70.63597500013626],[-160.30395499957027,70.60337099989533],[-160.4142169996255,70.5612980001406],[-160.66514800012632,70.47643699993577],[-160.90786100040563,70.41574199985419],[-161.03809800020403,70.38989799998987],[-161.31513399974224,70.34725600011703],[-161.50494699968885,70.35073199991145],[-161.87021599984544,70.38278499991365],[-161.94865700004925,70.37474200001513],[-162.0001050003876,70.35799100007337],[-162.4652209996707,70.21724300008157],[-162.60590099998694,70.14684699986448],[-162.8188169999713,69.99902800007762],[-163.13356099987934,69.83870199985115],[-163.20627500029667,69.75703099993233],[-163.28777199992675,69.63238400005149],[-163.28958899979406,69.43035699994356],[-163.33319100035487,69.35931999992599],[-163.38058900013374,69.32021900011979],[-163.57189099988457,69.22314599986832],[-163.65079800024367,69.16869199993626],[-163.79233899982714,69.10802099984488],[-163.93306699982392,69.06981500013542],[-164.0203649997586,69.03314999985881],[-164.2793789998635,68.97961699990793],[-164.48091400006987,68.96852800006727],[-164.63867199981328,68.96643900010595],[-164.79558699983278,68.94908400015835],[-165.35704799965058,68.9089390000465],[-165.62085600030463,68.90370800000926],[-166.20015100013316,68.93382300003695],[-166.27833399969577,68.92707000010245],[-166.34742799972386,68.90038599985836],[-166.36611899970217,68.86887500010913],[-166.32731200041374,68.78175599985374],[-166.3412850000108,68.71305100013817],[-166.33329699994306,68.69613300005302],[-166.37123600029156,68.65130200008848],[-166.3614699998162,68.63458600011286],[-166.36766399958293,68.5749940000186],[-166.43491499980442,68.53064199998688],[-166.4439249996962,68.47848600004801],[-166.45783799991713,68.46613499999441],[-166.50287200038082,68.45610900006778],[-166.84998100011344,68.40164399985532],[-166.91291399998687,68.38532599987111],[-166.97156700004527,68.35606000013054],[-166.97174199994745,68.34519899988847]]]}},{"type":"Feature","id":"AK|Haines","properties":{"state":"AK","county":"Haines"},"geometry":{"type":"Polygon","coordinates":[[[-136.4957560003331,59.27513299979875],[-136.48970300013343,59.25977499989652],[-136.4803629996305,59.256991000022275],[-136.4743649996824,59.25647799999517],[-136.46644199991195,59.25857799989633],[-136.45883200013594,59.26425800015051],[-136.44841999958027,59.26624499988895],[-136.44548299997965,59.26576599982988],[-136.4471629995796,59.262866999878746],[-136.4422840004382,59.253172000163815],[-136.42381100001984,59.24617800000522],[-136.4098490002934,59.243824999770375],[-136.3936920004079,59.24587300005956],[-136.38628799959793,59.25286300014273],[-136.37956400010185,59.24925600020339],[-136.36972800020462,59.2491759998283],[-136.3651079997327,59.247203000191135],[-136.36640999993918,59.242263999809765],[-136.37009399990254,59.23751199979389],[-136.36070300024423,59.232516000208314],[-136.33216399977485,59.23008800015371],[-136.30955600020474,59.232479000030146],[-136.28309100041895,59.22545200001403],[-136.2630449996324,59.227293999875364],[-136.2461630000238,59.21743299990769],[-136.2308299995956,59.21266899992585],[-136.2202320001654,59.21306900014855],[-136.20914299956715,59.21695200017082],[-136.18974899960708,59.21908100014614],[-136.18612599974313,59.20695299990465],[-136.17584999962986,59.203089000212394],[-136.16860399990193,59.2022379997939],[-136.1644329998669,59.19955199979085],[-136.16288600033633,59.19735899987337],[-136.16575299961676,59.187658999952305],[-136.1584750001018,59.186774999827946],[-136.15791799970984,59.183943999831676],[-136.13354099995303,59.18841500003167],[-136.13065000038316,59.19464600009252],[-136.12415299976945,59.19784900014669],[-136.12154199968376,59.20760799982963],[-136.11200600026055,59.21117399990868],[-136.11150800031817,59.21347500014056],[-136.1071659996806,59.21575400007583],[-136.09686899965092,59.20918200006316],[-136.1010410004092,59.204453000216525],[-136.09850499976824,59.20123400018442],[-136.0894959997014,59.19909400003741],[-136.0738379995832,59.20190500017702],[-136.06364600003383,59.198396000012835],[-136.0575469998034,59.198981000085716],[-136.05145599996888,59.19680200006982],[-136.05512999988647,59.195658000146636],[-136.05833099997602,59.19193799990043],[-136.05576000007332,59.186796999784754],[-136.0567090001024,59.17907200013422],[-136.05100999990503,59.17745000001786],[-136.042114999641,59.17796599991408],[-136.03216800031402,59.17583900009117],[-136.01943699975067,59.17819600013772],[-136.01084100013568,59.18680199981477],[-135.99663300036198,59.181545999868646],[-135.99142899973393,59.18421799989691],[-135.96984700018578,59.179740000189916],[-135.93408200008,59.180744000142184],[-135.8990500000932,59.17905999983197],[-135.8932079997807,59.174681000107086],[-135.89180400036528,59.17098599994083],[-135.88154300032065,59.168321999968995],[-135.8808389996156,59.16541199991732],[-135.88561499972317,59.161096999925725],[-135.885623999944,59.15932499983717],[-135.87058199976894,59.15865200015228],[-135.8646519995929,59.15600399977857],[-135.85121600029626,59.153784000062856],[-135.84219600035877,59.15053000014332],[-135.84110500003945,59.14745400014169],[-135.83518800028222,59.14196799980556],[-135.82428899965478,59.13800600022335],[-135.8147769996227,59.136691999989985],[-135.79572099977142,59.142426000023114],[-135.79143099991066,59.14030999987847],[-135.7765849995542,59.13959599978758],[-135.76302200003596,59.13559300009912],[-135.7620250003263,59.132932999784494],[-135.75156500009004,59.129808000155656],[-135.75136599989838,59.12705200001371],[-135.7474869999414,59.1243300000639],[-135.7279640001099,59.1153139999997],[-135.6986560004348,59.107266999973916],[-135.7045349996589,59.10306699991876],[-135.7103829998192,59.10149100005321],[-135.70950800030826,59.097419000058686],[-135.71683199985398,59.08888799999512],[-135.71310199985987,59.083811999826366],[-135.7190930001353,59.08273999985489],[-135.72112500008777,59.078977000206876],[-135.71853300026865,59.07458600001886],[-135.72309099991799,59.069846999986225],[-135.71796699965589,59.06352799981178],[-135.70633900000573,59.04287999990291],[-135.69833400021955,59.03545299996394],[-135.69608200015904,59.02925800011026],[-135.69429399970574,59.02816499990143],[-135.69357800020347,59.02390599993756],[-135.69563400044538,59.02152000019681],[-135.6745630003601,59.01875700018978],[-135.67010600009476,59.01673100007719],[-135.67032200000483,59.01447299979237],[-135.66744499978037,59.011909999827395],[-135.66139599977868,59.010112999974055],[-135.65585700031318,59.010471000078354],[-135.6545700001753,59.008783000208496],[-135.65569499993148,59.00427400007842],[-135.64368300014178,59.0020690001649],[-135.63723599975677,58.992728000130626],[-135.62631399956317,58.98796800014484],[-135.61831700017285,58.98781999984432],[-135.6013440003277,58.98215199982996],[-135.59309199977096,58.98380700002515],[-135.58634599963526,58.98185299987313],[-135.58815500000495,58.97850899992549],[-135.5882930000972,58.970048999938015],[-135.58526899955964,58.96783900022927],[-135.5702859998341,58.965142999888094],[-135.56605899972257,58.96280600014118],[-135.56399800035612,58.9561469997892],[-135.5665309997257,58.95252100018535],[-135.56594300026995,58.94363400011411],[-135.56820799985093,58.940404999814724],[-135.57745399974425,58.936695999933065],[-135.58584500021814,58.935929999852576],[-135.59068400007487,58.93707299992512],[-135.592474000178,58.93435599989543],[-135.5890250003913,58.92738599984202],[-135.59937400029952,58.92696699978534],[-135.6081819996266,58.9231100000603],[-135.6065909997151,58.9195119997886],[-135.60150800035922,58.9159609999889],[-135.6058879997333,58.90966499987427],[-135.60549299972308,58.903989000097575],[-135.60092800040107,58.90363699981629],[-135.592574999562,58.899485999931834],[-135.5822030000876,58.89774499982277],[-135.57317999977704,58.9012389998376],[-135.55467200009684,58.9018130000693],[-135.54952699991838,58.899773000019906],[-135.54839999961405,58.896359999977946],[-135.54229600025906,58.89271800021817],[-135.52998800019336,58.88815100013706],[-135.52411699956855,58.88769599980848],[-135.5294569997407,58.88409999986366],[-135.5273460001455,58.87543000003247],[-135.53200900027514,58.869237999885925],[-135.54215599961864,58.87404599983104],[-135.55160200042684,58.875286999858034],[-135.56477099975982,58.87138900010618],[-135.57905899989944,58.86164400010734],[-135.60056799965264,58.86102700001398],[-135.60803100001385,58.85612499992188],[-135.61864699988575,58.8523250000901],[-135.63938900008307,58.856735999858245],[-135.65679200009856,58.85226600021972],[-135.67619600010437,58.854706999943986],[-135.68348700003816,58.853598000136856],[-135.67760999956556,58.84596299991625],[-135.6787109999306,58.843611999910614],[-135.67671400013822,58.841692999952905],[-135.67637500020453,58.838379000048576],[-135.6992530001114,58.832491999906665],[-135.70727700016417,58.82601100016028],[-135.7122859999002,58.824076999974395],[-135.71297200016355,58.82231300006813],[-135.70935199977433,58.81691800008692],[-135.71099700011249,58.811178999801776],[-135.7106310004146,58.80696199986221],[-135.70901600021367,58.80570999999449],[-135.7128149998047,58.79672799982132],[-135.7233479998359,58.789756999862774],[-135.73225300014573,58.787640000071896],[-135.72994500000874,58.78362499985077],[-135.72994099981076,58.776393000154876],[-135.7337389995769,58.768371999969766],[-135.72687899963836,58.76538800018314],[-135.74243399982444,58.76156499997457],[-135.7445720000821,58.759031999924886],[-135.75342299996518,58.75630299999847],[-135.75237100000396,58.7532640002136],[-135.75545400009275,58.7451989999707],[-135.7500069997905,58.73718899984633],[-135.74414699993466,58.733051999886534],[-135.74711100019775,58.724895000189484],[-135.73083499958827,58.72535500002124],[-135.70943100031536,58.73662499978939],[-135.7029930001512,58.73795299986787],[-135.69675800037666,58.73529899990862],[-135.69383799959616,58.72779200014486],[-135.69090900039149,58.72496699978996],[-135.6779999995529,58.71850399985334],[-135.67360299956206,58.71301800004871],[-135.66553400020175,58.710214999881934],[-135.6645459998146,58.71483799978506],[-135.65883900011963,58.718408999998566],[-135.64839899997486,58.72112899990041],[-135.6419249998257,58.72088300006888],[-135.6384350000311,58.723397999955715],[-135.63528400017026,58.72115799979256],[-135.63533799969863,58.71572299977283],[-135.6335330004252,58.71385299999947],[-135.62073900011268,58.71082099976764],[-135.61659900003977,58.70643499996258],[-135.61414199993987,58.706559000219336],[-135.6127810001821,58.70928899979214],[-135.61011499984488,58.71013299992653],[-135.59775300025078,58.70645099986999],[-135.59152299960078,58.71146899997376],[-135.5819429997966,58.7074200000994],[-135.57838500022999,58.69950900021462],[-135.57015600013779,58.69752299992615],[-135.56332600033647,58.700052999849134],[-135.551000999654,58.69879299983013],[-135.54838000042088,58.696736000036914],[-135.54524999957812,58.69111399989292],[-135.54024099984207,58.688748000080736],[-135.5431149996935,58.684471999831594],[-135.5388349998785,58.67796599991322],[-135.54689400009136,58.675157999849475],[-135.5433630002889,58.6718760001557],[-135.54411800014924,58.67000000014558],[-135.53885400014508,58.66706700002794],[-135.53788300037468,58.663160000191525],[-135.53319699978053,58.660899000023285],[-135.52994299998747,58.65678400015554],[-135.5124560003064,58.66001300021662],[-135.50704599981407,58.65802600013175],[-135.50651600008467,58.65406999996766],[-135.49937499993868,58.650857000213435],[-135.4887010003405,58.65644800000948],[-135.4793170003549,58.65013900000433],[-135.47696900003496,58.645395999805885],[-135.46915400021953,58.64296100009561],[-135.46620199965201,58.638924000222914],[-135.45391899970065,58.635162000151006],[-135.43690599967252,58.63646200017844],[-135.43280699960746,58.633672000122395],[-135.42268700002813,58.631415999989],[-135.41729599980238,58.624431999912964],[-135.4107510004064,58.623627000179084],[-135.40522299991326,58.620593000187064],[-135.40476599997876,58.61669499986853],[-135.4011430001148,58.61327799979163],[-135.39583899992766,58.60277800014963],[-135.3999649997569,58.596690000076876],[-135.4134469999826,58.59185000020803],[-135.41587899996813,58.58657199986604],[-135.40509300021694,58.58010799995527],[-135.39740600044806,58.58053299993148],[-135.39359899956276,58.57691400016863],[-135.3808029996004,58.57199900007006],[-135.37637700019553,58.564250999861514],[-135.3627150000448,58.55252099994129],[-135.36539399990255,58.54839999980833],[-135.3759150002382,58.54126999986749],[-135.36560099959178,58.53470300000616],[-135.35794700033316,58.53389699980124],[-135.3345260002781,58.5257860000401],[-135.32895599995217,58.517334999805264],[-135.31935699988142,58.51125200001006],[-135.31673199955202,58.50439299999137],[-135.32842399967458,58.49867600002792],[-135.33028599974776,58.49527300008861],[-135.35565900028766,58.491005000207934],[-135.36997099981843,58.49436099993498],[-135.3742819995956,58.49963700009248],[-135.37922599993263,58.502402999985556],[-135.39006899958522,58.50484199980727],[-135.40032600033024,58.503598000036845],[-135.40907799958083,58.505013000055165],[-135.41129100018156,58.50706700004823],[-135.41090700004202,58.51002800000309],[-135.42654599989365,58.51408200018911],[-135.43021099959037,58.51276199979178],[-135.4371740003594,58.51422700002475],[-135.44946499980836,58.509923000206506],[-135.46900500025663,58.510819000135804],[-135.4770229995633,58.505318000076166],[-135.49273000008534,58.4996610000798],[-135.5070199998748,58.4996039998484],[-135.4908139995855,58.48445299990475],[-135.4773249996871,58.47632300022309],[-135.47320800007873,58.47210100013347],[-135.46771800011877,58.457937999930756],[-135.46930200035754,58.43874999995628],[-135.46754999988923,58.431231000232266],[-135.4601540003735,58.41951900014998],[-135.44630700027483,58.40561800007667],[-135.44743500040406,58.37989599976944],[-135.44983399987933,58.37207299981091],[-135.45514399991427,58.36799700018679],[-135.4551420002644,58.317996000061015],[-135.25180600008426,58.16632799987118],[-134.99846199986442,58.1313280000913],[-135.0721090004173,58.49706099995558],[-135.07135700003175,58.49891299980334],[-135.22182499966627,58.97133700005607],[-134.31358099963077,58.96219900003434],[-134.40714699985026,58.979209999804866],[-134.38187899979064,59.03876299983001],[-134.447123999999,59.089223999857865],[-134.483392999895,59.13160200011901],[-134.5655680002908,59.131123000156684],[-134.67911699975105,59.19227399979902],[-134.70071799956577,59.249009999851936],[-134.95990400009805,59.28092700019949],[-135.03052499956524,59.34634799982308],[-135.37682900010716,59.34633999987454],[-135.72307500002447,59.72839700004386],[-135.95264500001176,59.66216600011106],[-136.1929039996659,59.64002700015451],[-136.3539360001921,59.59982699993668],[-136.23983000033996,59.559412000195515],[-136.23850600039214,59.52432600004419],[-136.30502199994655,59.46451799983995],[-136.36824299970002,59.44895999994303],[-136.4771559996931,59.46582400000009],[-136.47737900017418,59.376232999887065],[-136.4692479999913,59.284079000099126],[-136.4957560003331,59.27513299979875]],[[-135.91953500037258,59.40346099992857],[-135.91361199986923,59.40421000007637],[-135.9137490001366,59.40955599999116],[-135.88143399964235,59.40954200020469],[-135.88141799974883,59.4023310001975],[-135.8672490003332,59.40236199978408],[-135.86723699973933,59.39510800016295],[-135.8520409995785,59.39510899992063],[-135.85200999961634,59.387351000136306],[-135.86217399957658,59.390389000077036],[-135.87874999976174,59.399512999828175],[-135.90053499969946,59.397947999794354],[-135.91276800032045,59.400176999946204],[-135.91953500037258,59.40346099992857]]]}},{"type":"Feature","id":"AK|Kusilvak","properties":{"state":"AK","county":"Kusilvak"},"geometry":{"type":"Polygon","coordinates":[[[-166.28642899989364,61.60310399986653],[-166.28861300018207,61.580809000002354],[-166.28075399998573,61.56288199998556],[-166.25409400020624,61.52225199979841],[-166.23164200027176,61.49700300015658],[-166.19448999957064,61.45986699999659],[-166.1835549998565,61.454531000150396],[-166.11766100009308,61.430145000025696],[-166.05054799996378,61.40088899986909],[-166.03129999959359,61.39529899979117],[-166.03259799960213,61.37843699983535],[-166.0237590003129,61.36106900004799],[-166.01755399977725,61.35196599982605],[-165.99863199982028,61.33551599983899],[-165.99600599966598,61.32639599999455],[-165.99038699983456,61.316434999874254],[-165.97945600031838,61.30850600016927],[-165.953513999691,61.29409299997123],[-165.9399620000434,61.27588099981054],[-165.9230560001454,61.26483799997376],[-165.9032699996498,61.25694500003757],[-165.83756099983432,61.23872100011209],[-165.83374999964937,61.22702899990615],[-165.82285699976805,61.21708500007194],[-165.8018009997514,61.20318999981115],[-165.78688099977504,61.198114999797426],[-165.7433949995652,61.125192999784744],[-165.71685000031175,61.0964549999388],[-165.68632699957047,61.07258000014571],[-165.66365000040338,61.057808999791334],[-165.60676099961054,61.040012999957376],[-165.53878200019116,61.0267800000124],[-165.41666999982954,61.01248000004919],[-165.34660199965802,61.015441999948386],[-165.2901510003297,61.03405999993946],[-165.2683770002626,61.044070000025116],[-165.25837700033387,61.05064300014019],[-165.2460099998186,61.053511999826966],[-165.23655800006097,61.05008999993524],[-165.25478600025696,61.03465199984002],[-165.26180400037924,61.02151300016213],[-165.2747319996878,61.01465500021618],[-165.29353599964398,60.999712999835026],[-165.30113700009744,60.99024299994067],[-165.3034159999221,60.97905999999269],[-165.30214999970062,60.966439999946225],[-165.29798000038878,60.958980000138276],[-165.29322900039563,60.95439400017126],[-165.2743469997233,60.94636299997422],[-165.27604499976493,60.93775899997081],[-165.27071999966137,60.930013000145834],[-165.2541619999179,60.91710800001681],[-165.1571140002997,60.91736300018585],[-165.133570000221,60.92021699994417],[-165.12299799983174,60.921932000069866],[-165.09710899980615,60.93022099985647],[-165.06591999979128,60.942225999940966],[-165.00051399992446,60.963635000143576],[-164.99178400041518,60.94820099993828],[-164.95886899987136,60.949937999969904],[-164.93827800018508,60.9533770002115],[-164.88592900039652,60.96709699993898],[-164.8412079999273,60.97194399993336],[-164.83472700010543,60.97480000021013],[-164.80941399984,60.978499999871325],[-164.79761899978524,60.98248700009053],[-164.790568000051,60.98133599997795],[-164.77883400009563,60.976174000112216],[-164.76884900023552,60.97473900016344],[-164.75529500003978,60.97872699986825],[-164.74706199974963,60.977858999783116],[-164.73827299979078,60.972698000076846],[-164.7300510002696,60.970679999873404],[-164.72416100027658,60.97239100000099],[-164.72059000029114,60.97724999978839],[-164.72820300044017,60.98154799987177],[-164.7270159998614,60.98412199984811],[-164.71640699966218,60.98438699990388],[-164.70231000021658,60.98207600004651],[-164.69293999957637,60.97834699997832],[-164.68475999988803,60.97233100006158],[-164.67595800040868,60.96945499982505],[-164.67588100041579,60.976887999844884],[-164.64231899996668,60.97939300011496],[-164.61658499975172,60.979048999987995],[-164.61556700012568,60.951888000112426],[-164.60332000015933,60.94356599979753],[-164.59864399961089,60.94212499978813],[-164.58960600013003,60.942586000116876],[-164.57627799989012,60.945789999807275],[-164.52991100015612,60.94079600007761],[-164.49687699978662,60.948990999993136],[-164.46744400043804,60.95175899995276],[-164.45089699966692,60.95741999991713],[-164.4403079995592,60.95795099995444],[-164.43043999987495,60.95536200011256],[-164.41813500018228,60.948726999957614],[-164.4116250000481,60.95041399989267],[-164.40313200036528,60.96525299994395],[-164.39006600006616,60.972349000186036],[-164.35702099982598,60.97765500000666],[-164.33936000006761,60.9784320000098],[-164.31652399999356,60.97319100014284],[-164.3017820002925,60.97483199997348],[-164.29346000031387,60.97852299999663],[-164.2856630000418,60.98591600006985],[-164.27088799983045,60.98870900001195],[-164.23972700030305,60.98711899978567],[-164.2248900001674,60.992197999982736],[-164.22128900004475,60.99504099990483],[-164.22060399960634,60.999606999896436],[-164.22681199961667,61.00282900016535],[-164.219664999623,61.00691000005772],[-164.1851840001803,61.01227300007365],[-164.17754599991693,61.017208999809526],[-164.15470200034522,61.02262499978945],[-164.14827500005177,61.039419000089985],[-164.15117300019264,61.04594599995926],[-164.1504760000586,61.05467800010509],[-164.14572800043848,61.065205999790024],[-164.1463059998485,61.07468200015771],[-164.15399900036348,61.07808799979165],[-164.18999600027288,61.07153899980719],[-164.20072500012267,61.07592999984614],[-164.21178100021058,61.08226200012248],[-164.21436200015904,61.088030999844065],[-164.20254199998996,61.09431899992147],[-164.1964129996223,61.103421999790015],[-164.19946200027422,61.10976100021032],[-164.22846399962756,61.12103500011255],[-164.21910800012938,61.13685400018777],[-164.20187400016826,61.151613000181065],[-164.1949759996966,61.153285999921636],[-164.17918600023222,61.151781999806985],[-164.16683999963337,61.15423799996209],[-164.15671000000827,61.15298200020022],[-164.1447070004394,61.14618199983538],[-164.13078199962456,61.1412090001204],[-164.13089299995266,61.12774199998467],[-164.1214820002029,61.12699999989599],[-164.07722699988898,61.14347699995137],[-164.08006899995334,61.1600429999563],[-164.01764499989298,61.19288599991733],[-163.99826900037456,61.192026999920664],[-163.96720000001037,61.20176000003974],[-163.92087400028427,61.210691999981194],[-163.91348899974082,61.22240300020437],[-163.91645200017905,61.23697200021174],[-163.92378199957255,61.248144999896795],[-163.94762100010237,61.25528099990427],[-163.96235500030585,61.24995400018866],[-163.97213900032452,61.24424499988662],[-163.98176699980928,61.243286000112896],[-163.97922400039397,61.25273900006577],[-163.9791719996171,61.26181500009105],[-163.9905819997074,61.284427000049114],[-163.98169099964127,61.291677000136296],[-163.9770440003035,61.30369100011101],[-163.9955240003946,61.31305899990756],[-164.00863099980327,61.323181999792766],[-164.0047409999756,61.338047999913556],[-163.9929330004004,61.350701999816906],[-163.9948759997661,61.36533299999437],[-163.99276000014802,61.37176299998827],[-163.98513799977815,61.372003000132416],[-163.93359800027656,61.36526999981321],[-163.89812299970072,61.369764999838615],[-163.87626199959496,61.368976000067654],[-163.84999600000077,61.361312999814075],[-163.82212500025145,61.35591299989416],[-163.7850760003808,61.36709700004795],[-163.7577889998892,61.362200000147176],[-163.70761599999312,61.349682000033475],[-163.6903510000699,61.34993700008031],[-163.6818049997853,61.34678799998739],[-163.67080499977385,61.33944399996082],[-163.6553900002282,61.33582699994828],[-163.62733399963258,61.33592299985992],[-163.58511899966706,61.339126999933825],[-163.56203099969795,61.34775600013415],[-163.54162300030976,61.34955900015503],[-163.52412400003482,61.35509800001007],[-163.52083799955645,61.364480999879476],[-163.54218200035152,61.38175400013265],[-163.54262400021736,61.393169000022475],[-163.5314119995955,61.40145400020207],[-163.4971269999714,61.40362900003999],[-163.4682739996827,61.409152000086436],[-163.46286200043886,61.412924999881376],[-163.46132400023077,61.41753200020973],[-163.46443499990866,61.422478000169406],[-163.48634000039533,61.43302200020162],[-163.47052300026846,61.43976699979051],[-163.4477650000122,61.446783000160295],[-163.432507999752,61.456270000090534],[-163.42886599962148,61.462280000129766],[-163.4397119996471,61.4799120001849],[-163.43125800032232,61.4841070001221],[-163.42413899991772,61.485632000162816],[-163.41548499967809,61.48668100003875],[-163.4077400001829,61.48386199988811],[-163.40885800026635,61.46858400017273],[-163.39708199957988,61.46325600017362],[-163.3592610001305,61.474442000064755],[-163.34735999977056,61.47367899998567],[-163.32696200042813,61.46443300005884],[-163.29507799992913,61.45579399991389],[-163.26753500024282,61.45307700021153],[-163.22961799963562,61.45274100015532],[-163.17135399973964,61.44907100007152],[-163.137346000125,61.45749100017824],[-163.10042100010293,61.474374000179445],[-163.0619989998807,61.47993099986077],[-162.99767900031028,61.48289000005732],[-162.96020000026928,61.482486000004286],[-162.9149649999642,61.48573500019873],[-162.86815800001415,61.49259099992404],[-162.84719900008184,61.498736000035],[-162.83231000006768,61.505028999954696],[-162.79783600029768,61.521288000139826],[-162.77427999962507,61.53486199991944],[-162.75398000019197,61.542666000115716],[-162.73675299990356,61.54096200000428],[-162.71753800004362,61.536897000099906],[-162.6252680001828,61.54501400014823],[-162.59937400013436,61.54887099998041],[-162.56177600026768,61.550414999831254],[-162.50576100005912,61.55642599980446],[-162.48007799989784,61.5527300000188],[-162.46838099975238,61.543333999922105],[-162.47616299995582,61.5327899999548],[-162.47001600004484,61.5244039999215],[-162.4761889998951,61.50395899983276],[-162.44141200017643,61.49941200015905],[-162.39863800016917,61.49916000007489],[-162.3687320000943,61.50387600005612],[-162.3578559999314,61.50954800010938],[-162.32829399981307,61.51837599993138],[-162.30427600008147,61.516663999798],[-162.26640000038046,61.51015800018245],[-162.22187399990491,61.50985599987871],[-162.17211899958528,61.504772000207325],[-162.12648099977235,61.497289000192545],[-162.05567000033437,61.48158800004288],[-162.01343799975209,61.477056999958435],[-162.0026820001381,61.478979999887834],[-161.95992900004723,61.481011999999005],[-161.90032799978468,61.480316999975315],[-161.73844599986185,61.5180699998852],[-161.69705799972672,61.53008699988253],[-161.66306299963256,61.53363000012963],[-161.59922699976082,61.5332709998236],[-161.56980500028294,61.53743000005513],[-161.5373480003968,61.543930000037754],[-161.50971600012372,61.55135600018827],[-161.4799280000496,61.561895999911535],[-161.44961100007097,61.56883800001941],[-161.32663699971891,61.58043500003014],[-161.2754930000525,61.588040999909445],[-161.12260400030306,61.60001100002323],[-161.0842220002638,61.61545500011604],[-161.02733699966888,61.65353199980989],[-160.95396100017595,61.68566900016277],[-160.86926799958084,61.71369000007546],[-160.77524399960194,61.738526999879234],[-160.7233650001667,61.74673000017896],[-160.68357200014094,61.75157000004738],[-160.64685999965587,61.753685999984064],[-160.59773299987327,61.760155999978174],[-160.5255280001673,61.780101999829924],[-160.46092099964338,61.8002249998928],[-160.40397999987033,61.812525000094084],[-160.35013999972935,61.819070999857374],[-160.30482900015457,61.81951700020464],[-160.26534300027552,61.8176149999795],[-160.21433099995522,61.8106150000183],[-160.2026299996118,61.81032199992143],[-160.19086800006738,61.82171799980532],[-160.18666000022236,61.831692999942824],[-160.1877449997956,61.83521200001121],[-160.2085680001838,61.8373649998853],[-160.22004100002326,61.840746999839276],[-160.25351300006065,61.842546999804846],[-160.25474400012203,61.84619100006816],[-160.24390800014214,61.849287999906316],[-160.2471719999809,61.856013000054546],[-160.25278099976654,61.85778900000213],[-160.26503399958068,61.856250000199736],[-160.28719299961227,61.848960999822],[-160.3219540003357,61.846511999910874],[-160.39769099966907,61.85122299988649],[-160.43794800020027,61.85833200003912],[-160.46947699997372,61.86934799991915],[-160.48285500044236,61.876675000207726],[-160.50205699988348,61.89244799989731],[-160.5174110002281,61.91047000019297],[-160.528203999652,61.92644000008999],[-160.53467100012844,61.94594000001335],[-160.9159530002305,61.94594300005551],[-160.91596400010116,62.20586599992471],[-161.04816500007993,62.205868999949494],[-161.0481759999506,62.55240999983895],[-160.99620100025584,62.55242399984805],[-160.99621499960122,62.89893599985297],[-160.94343700036558,62.89893899997516],[-160.94343999984028,62.99926900015983],[-160.85799599958284,62.99927100019151],[-160.85798999973508,63.01195299992452],[-162.00176900009404,63.01191899986974],[-162.00179800040632,63.09853599993446],[-162.19244300020617,63.098556000087335],[-162.1925029995823,63.185184000187085],[-162.3830760003104,63.18519499995208],[-162.3830820001582,63.27181600018128],[-162.59251599984563,63.271834999847215],[-162.6718130001921,63.31282500018],[-162.7002870003641,63.291174999942555],[-162.73951700015013,63.26892499983169],[-162.8064410001335,63.265993999920305],[-162.87086100016134,63.25355899989626],[-162.91690999987802,63.230798999989645],[-162.9376970002812,63.215101999854056],[-162.9546790003472,63.18989399993814],[-162.958127000309,63.17679099980429],[-162.97786000020275,63.165923000103454],[-163.02617799969838,63.15346800009509],[-163.06433700015486,63.131126999866815],[-163.10279199998908,63.11306199983896],[-163.11870200000237,63.101558000014094],[-163.25247899982406,63.09245399995269],[-163.34981600004554,63.12368699989193],[-163.45516600044914,63.174954999882864],[-163.47758400004847,63.18234299998716],[-163.58471000031147,63.2058030001856],[-163.61340299986833,63.22867999994983],[-163.65810099987303,63.24971699992796],[-163.70582900026307,63.26103900019926],[-163.73734200014297,63.266195999863115],[-163.7718479997,63.276227999924586],[-163.8236240001014,63.28383800008435],[-163.85974200038464,63.28614200015385],[-163.8706250002202,63.28422700010445],[-163.93294299997538,63.30017299988916],[-164.01576199990345,63.313955000031484],[-164.0512559998476,63.317355000179106],[-164.12890600020606,63.31530200010445],[-164.25004699989893,63.30345200019481],[-164.3954609995916,63.27989299985293],[-164.4956730003877,63.251158999865815],[-164.60928299994734,63.19952299979906],[-164.69217800004338,63.14486100006145],[-164.72774399995754,63.12465000015139],[-164.7468209997252,63.11039800000859],[-164.74380200010881,63.09323099981189],[-164.7507759998502,63.09067699993794],[-164.772227999702,63.09014800000311],[-164.83031699969578,63.08225000018863],[-164.88021599995545,63.065445000134446],[-164.8997899998406,63.05232199990698],[-164.90673599999286,63.04489500007948],[-164.90299799960286,63.033169999817424],[-164.8929690002601,63.019144000169206],[-164.91061400012495,63.00515500016704],[-164.9125249997036,63.000005000118726],[-164.90704700033749,62.984195999878416],[-164.89662599956097,62.979504000198055],[-164.90053200018045,62.97354599987466],[-164.9029349998537,62.956998000153874],[-164.8955329995918,62.9486360001845],[-164.90193200029626,62.944459000064654],[-164.9179970001202,62.9282510000897],[-164.92098899997242,62.92103600011051],[-164.92213399982006,62.91250099992299],[-164.9158839999769,62.902606999798564],[-164.92226799971436,62.899227000044526],[-164.93689399996282,62.8861670000535],[-164.93927200042,62.877516000119954],[-164.98115000010162,62.87136100013087],[-164.99653299986025,62.866582999993064],[-165.01938700037599,62.85199199989027],[-165.02876700016358,62.84315900013848],[-165.03376699967882,62.83660600015175],[-165.03627099963435,62.828905000181386],[-165.03814399957818,62.82064700008149],[-165.02313999993623,62.80410900018335],[-165.01501899979914,62.80040300001183],[-165.01875899983892,62.79241400013323],[-165.01689299956783,62.78443500017225],[-165.00940400016563,62.77787499986589],[-165.00254599987693,62.77474299990564],[-164.9867029998108,62.7607400001838],[-165.0026420001364,62.75706100006934],[-165.0218879999585,62.75621500001918],[-165.03871699986362,62.74993800004566],[-165.05305199985892,62.74225100017878],[-165.06301499997772,62.73398100000904],[-165.09045999975478,62.73939499996862],[-165.12599999972966,62.74051699983774],[-165.16524799995736,62.73593599990693],[-165.22188800032987,62.72246600004931],[-165.24732399972066,62.70989400013217],[-165.25901500001834,62.69220000012976],[-165.2551310000385,62.67225399988746],[-165.24571600009074,62.66228999980071],[-165.24809500037284,62.64803300000545],[-165.23930100039112,62.6340819998138],[-165.21309099997515,62.61443100009128],[-165.27697399970253,62.609214000174646],[-165.31160599965622,62.59546999986814],[-165.33868700028353,62.57603799993716],[-165.35077000021832,62.54778900018874],[-165.34620900019593,62.52669899982261],[-165.3695380001895,62.51068800018816],[-165.38361500044195,62.496961999847414],[-165.3884130002908,62.48526299979846],[-165.37957999995106,62.46960600001194],[-165.41873000026945,62.44043100016625],[-165.43869199959377,62.41186999993617],[-165.44886999979775,62.39102199986706],[-165.52588499994647,62.353439999894725],[-165.62127200023124,62.29178400017017],[-165.6593789999109,62.26424900005245],[-165.6689029996386,62.2508109999528],[-165.7216139998254,62.222621000053955],[-165.7395659998369,62.204852000027046],[-165.77063900039906,62.19842499981836],[-165.7924689996443,62.19032299994434],[-165.8135330000569,62.1762420001618],[-165.82059800003486,62.1662279998187],[-165.84859400035603,62.16093299997434],[-165.87458200011588,62.15023299980468],[-165.89259000020385,62.13815199987743],[-165.9018100001579,62.119275999938964],[-165.9483860001293,62.12467499989517],[-165.98568500024518,62.12613799990496],[-166.00576600029353,62.1234439999159],[-166.04921300014533,62.10802199986948],[-166.09621599991397,62.07345300014686],[-166.12605199966865,62.03872299989262],[-166.12981799964774,62.02529700018815],[-166.11831399984612,62.009698999820266],[-166.09649399974828,61.99833800016421],[-166.07594599971975,61.98305000014214],[-166.07749300014862,61.97389900017994],[-166.08202999988157,61.96359399996614],[-166.09485000013333,61.94665899999456],[-166.10690200010606,61.90574299997697],[-166.11251400026475,61.87314399991343],[-166.1436899998608,61.8632189999749],[-166.17176300017485,61.85216600015556],[-166.1977629996302,61.83427300005763],[-166.2297299999699,61.798331000015715],[-166.2375509996331,61.78056500011429],[-166.23515499963256,61.764300999851436],[-166.2379459996433,61.740861999798085],[-166.25729000027295,61.709577000044945],[-166.26212699958157,61.69326399979882],[-166.26024500031525,61.65872500011664],[-166.26524200035573,61.64697200001096],[-166.27993399982807,61.622010000188865],[-166.28642899989364,61.60310399986653]]]}},{"type":"Feature","id":"AK|Ketchikan Gateway","properties":{"state":"AK","county":"Ketchikan Gateway"},"geometry":{"type":"Polygon","coordinates":[[[-132.26810400025374,55.63385499994431],[-132.27723899981902,55.633801999861156],[-132.0238800004289,55.453876999954524],[-132.01316400009958,55.43175699976458],[-131.9413639995512,55.312825999949155],[-131.85500299995005,55.0886150001231],[-131.7583000001134,55.09286200003579],[-131.72036699961268,55.097358999876185],[-131.70360899985266,55.102153999890206],[-131.6902909996585,55.10937900002377],[-131.68537700035697,55.11445800012444],[-131.67703100008893,55.13986999988204],[-131.66211799978532,55.174912000081484],[-131.648375000342,55.22795099998707],[-131.63831099994087,55.246441999816334],[-131.62181000009878,55.25848100023894],[-131.62265399964755,55.261981999862],[-131.62116900004128,55.26499100012703],[-131.6255919999714,55.26872800021499],[-131.6255719998799,55.27386399982971],[-131.61816299994538,55.27848999999684],[-131.60191300017345,55.27911899981808],[-131.57636200025667,55.29365300008495],[-131.55990300024735,55.29375799999502],[-131.54597699960766,55.29037200024088],[-131.53819899960217,55.28764800007693],[-131.53641400042022,55.28544199994711],[-131.5323010001115,55.28513099995726],[-131.5173819999601,55.27469299986784],[-131.51238499991962,55.27445800005596],[-131.50213700029374,55.277132000206386],[-131.48639999963453,55.27429900013482],[-131.4821540001547,55.27011900024929],[-131.4828019998849,55.26768299982146],[-131.48066500035046,55.2637379998622],[-131.46267099960787,55.25477100025523],[-131.46043199996618,55.25060999979983],[-131.46096099987068,55.241612000047105],[-131.45446199960716,55.23697999974734],[-131.4494999997268,55.231658000074205],[-131.4505359997945,55.22966799996558],[-131.4487530002624,55.22889499981329],[-131.40605399969988,55.224247999820435],[-131.3860539998424,55.21581899990038],[-131.37869199976353,55.20998300009696],[-131.37258199966243,55.209095000190985],[-131.35155800033112,55.2013689998279],[-131.34939499995912,55.19811800020262],[-131.3398119997819,55.19628700003762],[-131.32886799984692,55.19715400017554],[-131.3175180000311,55.193371000034794],[-131.3069149996797,55.1932209997835],[-131.3007760001646,55.19066200019404],[-131.29514100043968,55.18516100015574],[-131.29388699991378,55.181495999859266],[-131.2972200002478,55.17658199979296],[-131.3043239996855,55.173598999952866],[-131.31148800029598,55.1732190002185],[-131.30972800033007,55.17031000024575],[-131.31318899981233,55.165402999744806],[-131.31360599956383,55.16196900007903],[-131.32439899988606,55.155094000102444],[-131.33773200014883,55.15406100020881],[-131.33614600026021,55.1511860001146],[-131.33692399968675,55.14767099996963],[-131.34588699972286,55.1430829999765],[-131.33960599991755,55.138070999853575],[-131.33609600003152,55.1248899997875],[-131.33630500026885,55.11884799983667],[-131.34251199955602,55.10956900006875],[-131.3434120000796,55.1044080002359],[-131.34201399961364,55.101155000183105],[-131.34085799989532,55.082027000030294],[-131.33756499974425,55.07863499999967],[-131.33589400036516,55.071485999943036],[-131.3377430000195,55.05449000003386],[-131.34021299963985,55.05001899993187],[-131.34249300018777,55.037668999957354],[-131.34607300039403,55.033337999792494],[-131.35395299960842,55.02876199983152],[-131.35673399957344,55.02530399977938],[-131.3559159999639,55.022149000111256],[-131.3589499996489,55.02094900016193],[-131.36306499960745,55.01351799979691],[-131.37637000028116,55.0062240002427],[-131.3749369996551,55.004419000086195],[-131.3754089996582,55.00188399989034],[-131.37768699965795,54.99871599989569],[-131.38168899963858,54.9967599999676],[-131.39558799961583,54.99657099995601],[-131.4011629999646,54.99934300004225],[-131.4040400001891,55.00366199989478],[-131.4318630002579,55.00126599992947],[-131.44900400033256,55.002419000097476],[-131.45754800006898,55.00453799981801],[-131.46815200024534,55.0021130001754],[-131.48327100041328,55.00177099986426],[-131.52922399987048,55.00752099981303],[-131.58680300022633,54.98008400018549],[-131.5898200001929,54.98275200016614],[-131.68796300032832,54.98072500017084],[-131.70181799992463,54.970387000019684],[-131.81624599999208,54.967993000064006],[-131.79428699997706,54.94401700019295],[-131.76233899990396,54.686840000174946],[-131.20307400007016,54.69131700015598],[-131.0537239996208,54.68722099995414],[-130.7265949996541,54.66992299984258],[-130.64790999995117,54.64890599996634],[-130.64155800000074,54.68066300008231],[-130.64310700007948,54.6946809998578],[-130.6286399998397,54.724731999743966],[-130.6257209997824,54.73807300004623],[-130.65903800000916,54.76305799976114],[-130.62887400019142,54.78271999999741],[-130.56820300042423,54.792152999797565],[-130.45938800034043,54.848465000221026],[-130.42271600003832,54.87337299978614],[-130.34453699977536,54.918813000082345],[-130.27332799995412,54.9739640000152],[-130.1875620003797,55.06284100020169],[-130.18088599966586,55.09125100022946],[-130.1524299999355,55.12461599987034],[-130.1461249998407,55.14284199999254],[-130.10284200002044,55.19260199991237],[-129.97416699982122,55.281918999996],[-129.97664900003548,55.30037099980075],[-130.02110699984064,55.337916000039385],[-130.0412160003764,55.451725000056776],[-130.08985299971422,55.49797799995073],[-130.12790400021572,55.58103499976813],[-130.11165699991852,55.68290099975818],[-130.147757999585,55.71490300001774],[-130.15159800008226,55.76743700003434],[-130.16020000044335,55.77092899994001],[-130.18072900020533,55.78404400001718],[-130.1922189997632,55.7887739998717],[-130.19351500012195,55.7945989999627],[-130.20021000020404,55.804698000233],[-130.20677600041472,55.806911999923194],[-130.2126599996617,55.81147899994613],[-130.2358720003777,55.81527700016661],[-130.26468700013328,55.841360999769734],[-130.27583899958236,55.84622499975328],[-130.28171900042798,55.852024999918584],[-130.29256299990556,55.857348000084365],[-130.29847999966276,55.867111999757086],[-130.2903519998529,55.87442800021844],[-130.2886730000779,55.887005999980566],[-130.3026420003753,55.89957599991882],[-130.3084789997666,55.9087209998847],[-130.3119590004137,55.909535000145944],[-130.32784900033553,55.90364499984617],[-130.33296600002663,55.904218999935516],[-130.34096699961486,55.91396999977295],[-130.34775100028372,55.91912899980886],[-130.36005099995353,55.924121000022964],[-130.3710529996148,55.93078700020601],[-130.37078300017637,55.9371559998133],[-130.38336900007644,55.93819499975296],[-130.38834400037564,55.94209799998656],[-130.38418300038632,55.94953399992565],[-130.38468800000138,55.956165000200905],[-130.36709599984,55.96377200004275],[-130.34909799979775,55.968579999994084],[-130.33893399983748,55.96844200017088],[-130.33023299974218,55.96614699993315],[-130.32253400027776,55.96709900007727],[-130.31993900008555,55.97008399999705],[-130.32526599983893,55.975497999887224],[-130.32411599996843,55.981669000140066],[-130.29705500033094,55.99646599999034],[-130.28610100035024,55.997737999809004],[-130.27339800027434,55.989694000117474],[-130.25941999975603,55.98525799996665],[-130.25447899979207,55.98876500012195],[-130.24617400043024,55.989206999967735],[-130.24520799978438,55.99166300015128],[-130.24775899959562,55.996804999803736],[-130.24319599992342,55.99555199979275],[-130.21876800011296,55.99997099997896],[-130.2212870001371,56.002863999983845],[-130.2303380000368,56.00465499982806],[-130.23289800006881,56.00803299999346],[-130.2402070004443,56.01034400024954],[-130.25025599987848,56.01669300009655],[-130.25208899963934,56.019753999955554],[-130.25140199955106,56.02823600004925],[-130.2538479997803,56.030339000158854],[-130.27566299985529,56.03715699980775],[-130.28500900020603,56.04274199982228],[-130.28929599969373,56.04732100001738],[-130.28882799988858,56.05033800002886],[-130.2920180001075,56.05619900022652],[-130.2904709996786,56.05995999976103],[-130.28202700039958,56.0671440000681],[-130.2811980000211,56.07201500000088],[-130.28313500043734,56.07821399983342],[-130.28030699971836,56.08152100013146],[-130.25636900035263,56.09680499998915],[-130.24621899973775,56.09641100013104],[-130.35009000038283,56.128541999901614],[-130.42600599981634,56.14156100021184],[-130.4678700001526,56.2430539999174],[-130.54053199979307,56.24745099977217],[-130.62330999971323,56.26687800007236],[-130.78198100039904,56.3668440001158],[-131.08734899981908,56.406004999956544],[-131.07880400025772,56.39768200017242],[-131.08054499995706,56.39196600000748],[-131.0877789999894,56.381402999960564],[-131.10384700018645,56.377237000132126],[-131.10788099995412,56.36449699977078],[-131.1144399995938,56.35873199985995],[-131.11228100031803,56.35286000009813],[-131.1046890000854,56.34227200019149],[-131.09920199960015,56.33936099982731],[-131.0939200000526,56.33394499977579],[-131.05534200019474,56.329856999940745],[-131.0417720001055,56.32168800007497],[-131.01916700001013,56.31710100013703],[-131.01317699955965,56.31421099999587],[-131.01231000044464,56.3124280001047],[-131.01446299987262,56.30916500020773],[-131.02808300019058,56.30589700020126],[-131.0394110002651,56.299662000157035],[-131.0414530002633,56.29260399994036],[-131.03760699991827,56.285049000073656],[-131.0218400000201,56.2799549998072],[-131.01842399984537,56.27337499982462],[-131.01254200024823,56.273147999820544],[-131.00066699982756,56.27806800021597],[-130.99832000023082,56.27762599983691],[-130.99847699969132,56.274470000199905],[-131.0041969998051,56.26832799977455],[-131.00773900037652,56.259207000163954],[-131.01597099994342,56.249861000062715],[-131.02175999965414,56.24661199987057],[-131.04287199974732,56.24345399993702],[-131.04927399992647,56.239168000246366],[-131.06114199977614,56.23673599991579],[-131.0627500003044,56.2264589999018],[-131.07660999992356,56.222410000135355],[-131.08314900037004,56.21205200010195],[-131.0942139997805,56.20458400000135],[-131.1023380002907,56.201428999822426],[-131.10849500024747,56.19351500004479],[-131.11478100007562,56.19797500006936],[-131.12478500020234,56.200269999863984],[-131.14364000021214,56.198360000076214],[-131.14789300026294,56.195687999959226],[-131.14491599958106,56.19075600017568],[-131.14984200037475,56.187851999876514],[-131.16005599966542,56.18639399992124],[-131.17770599955313,56.189258000106726],[-131.19103299996812,56.188574999794696],[-131.21277500024814,56.1838730001],[-131.2258239999305,56.174703000038114],[-131.23783999991818,56.17079499985229],[-131.24048500033902,56.17261399978701],[-131.2431159996179,56.182558000159034],[-131.24760899986822,56.185547000156284],[-131.24987099997446,56.189897000065486],[-131.24781599955747,56.19823999986551],[-131.2533580002943,56.20685000000674],[-131.25693199975444,56.208002000238444],[-131.26411999975605,56.20724700008938],[-131.27310799990653,56.203005999935655],[-131.2885879997495,56.20401699976339],[-131.29210100000859,56.19964700022077],[-131.291384999608,56.19375199980338],[-131.29863799990693,56.19173600016434],[-131.31608600012828,56.193281000219706],[-131.31557300011727,56.18785800002108],[-131.3208389997713,56.1818960001097],[-131.32663500005302,56.17869700016724],[-131.3399680003158,56.18262899985567],[-131.34171099966494,56.17769299975036],[-131.35587300030625,56.16609099983362],[-131.35814200008514,56.15721299989855],[-131.3697620002377,56.14982799979227],[-131.38180599981447,56.1486339999394],[-131.39288500036693,56.13975999990466],[-131.39956899968004,56.1378950001124],[-131.411658000361,56.13885700002021],[-131.4235289996854,56.144571000233775],[-131.43500800027093,56.14181300009191],[-131.4373590000656,56.13977699983931],[-131.43995699973254,56.13108300005637],[-131.4339210001496,56.124127999869835],[-131.42832200040968,56.12253500008229],[-131.42786799994994,56.11878699992433],[-131.42137899973216,56.113353999860045],[-131.4218730003749,56.11086499986013],[-131.42665699998003,56.106496000191804],[-131.42599099980816,56.104963999916905],[-131.40583399959183,56.094774999932206],[-131.40397499989174,56.08856400001089],[-131.39996000039062,56.084279999905476],[-131.3810350000606,56.08009200024117],[-131.3809639999155,56.07584799981567],[-131.3692259997622,56.06990999975031],[-131.3697289997274,56.06722400015761],[-131.37474900023244,56.06408299978532],[-131.37413800031214,56.06128100011065],[-131.37564600038297,56.05880199987087],[-131.3859490002604,56.05394799989971],[-131.37581999956194,56.046076000086664],[-131.38144500013945,56.043565000243575],[-131.3815830002317,56.03992199992439],[-131.37749099983935,56.03186100008066],[-131.36928799968646,56.02553100004256],[-131.36431699958524,56.017943000023536],[-131.37185600011446,56.01325200003326],[-131.37998700029735,56.01341899976688],[-131.39675799957786,56.0224809999216],[-131.41319099964784,56.02635100019575],[-131.45168599966505,56.02291200024854],[-131.47108100034833,56.023183000089674],[-131.48740499974008,56.01775999982909],[-131.4974080000419,56.01838599980132],[-131.49960499985076,56.02082999991138],[-131.49701100038183,56.0237990002337],[-131.4979660002587,56.0301449999738],[-131.5144679999257,56.03093500020177],[-131.51957700011917,56.033875000207196],[-131.52805999975627,56.03540300010038],[-131.530377999939,56.03902800006306],[-131.52500299960673,56.04908900013658],[-131.52701299981788,56.05316099997718],[-131.54087900018314,56.055834000143086],[-131.5518950000881,56.060985000211694],[-131.56351400041575,56.058918000094884],[-131.57381100044543,56.064574000064376],[-131.58499200020682,56.066510999868235],[-131.59023899959425,56.07027100016843],[-131.59317600009317,56.07630700018069],[-131.60079000006712,56.08165100013947],[-131.60239400039742,56.08877399977506],[-131.61747900023016,56.08594099992461],[-131.63876000037774,56.09155900000828],[-131.648624999689,56.09890999977139],[-131.6512020003378,56.103895000019676],[-131.66943300000852,56.10065999994497],[-131.68571200009276,56.09523399982511],[-131.68672600041918,56.09263299991997],[-131.68996599996848,56.09159999981848],[-131.68813599968237,56.08974400017527],[-131.6759499998154,56.086829999771126],[-131.67549600025393,56.08314700002664],[-131.68039500038515,56.07881999999277],[-131.67998299975818,56.07683800000459],[-131.66637000001123,56.07676499993201],[-131.66483500017623,56.07483100011543],[-131.6642219997078,56.067502000117955],[-131.66710599960496,56.06421099998264],[-131.6759499998154,56.06291900023969],[-131.6777459997663,56.06160899990641],[-131.6777390000936,56.05823700012094],[-131.68236700006312,56.05373799991813],[-131.6889170003803,56.0531340001806],[-131.6915109998492,56.050457000147354],[-131.7005690003199,56.05476799986632],[-131.71226700029024,56.05253900008915],[-131.71827600010897,56.06108699997936],[-131.73263200002071,56.06458399981099],[-131.73797300001775,56.06335099995841],[-131.74488099963688,56.06480400010039],[-131.748986000448,56.06190199989811],[-131.7702750000932,56.05654799995048],[-131.79081200025112,56.05696499975504],[-131.79650200022763,56.05308400011729],[-131.80321300020321,56.05140800010431],[-131.8085469996293,56.05546900011639],[-131.8232249997563,56.05457099987248],[-131.8293649999946,56.05646500022477],[-131.83315199989008,56.05301600006758],[-131.83054900020034,56.04957899985076],[-131.82406900020337,56.04616700020059],[-131.82280899982968,56.04121600011245],[-131.82438300002275,56.03691200012708],[-131.83119299973256,56.03392000024184],[-131.84487599979974,56.03859400004631],[-131.86038800032804,56.03632100005356],[-131.8645660000358,56.02981300011189],[-131.8718460000989,56.02675000004732],[-131.87596600008035,56.021980000124394],[-131.87266799990635,56.01358099982594],[-131.8768430001394,56.009983000224516],[-131.88099900010582,55.998764000122954],[-131.87921200037573,55.99286099976903],[-131.89409600036703,55.98856300009936],[-131.90560099999357,55.97906100025056],[-131.90505799984535,55.974037000065884],[-131.90062800024253,55.96935699976757],[-131.8891650004488,55.96386599982929],[-131.88550999989948,55.95814000006916],[-131.87162599999087,55.95109199990816],[-131.87194300018328,55.94887799984112],[-131.8784139999594,55.94373900022641],[-131.87800100040585,55.937018999895216],[-131.8818979999062,55.93224400010632],[-131.89401000015332,55.92130800007725],[-131.9104470004213,55.91564700009036],[-131.92112699986728,55.917075000029556],[-131.93450100013794,55.915916000059774],[-131.93830399992697,55.91439300000853],[-131.93777400019755,55.91133400022309],[-131.94194299968444,55.909684000103496],[-131.95786199991858,55.9079289997923],[-131.96426800029568,55.89666500005805],[-131.95803500017092,55.89201699996867],[-131.95799800036102,55.884414000233676],[-131.96340399975708,55.88239200010409],[-131.97723300031242,55.8818500000659],[-131.9862769996411,55.879773000005656],[-131.99263600016252,55.87723800011831],[-131.99595899955253,55.87371900011697],[-132.0076930004062,55.869737000024756],[-132.0052959996824,55.86042399977866],[-132.00623999968863,55.85797299991791],[-132.01103699971256,55.85478800023975],[-132.01072000041847,55.853473000190746],[-131.99271599963012,55.84015499988803],[-131.97225999966307,55.82930100009659],[-131.95805500026242,55.81557600004145],[-131.95652799992504,55.812198999774054],[-131.94422599970707,55.8072920000701],[-131.94324099969302,55.80110700022865],[-131.93563500011496,55.79843099979244],[-131.93585900042095,55.79549799987215],[-131.93844000036944,55.79424000019164],[-131.93905100028968,55.786525000068856],[-131.93531000042495,55.78070500011414],[-131.9513869999445,55.776490000167634],[-131.95505900021223,55.76745699977137],[-131.97490599990888,55.75593699996928],[-131.9791699998303,55.751959000195015],[-131.97784699970742,55.74276800008422],[-131.9741490003987,55.736614000097596],[-131.97938400009056,55.72814400001007],[-131.9843579996665,55.7256700001637],[-131.98155199958717,55.71973199995398],[-131.9786090001388,55.717345999897965],[-131.9681930002834,55.713930000054305],[-131.9666509998774,55.70610999986823],[-131.96274400033133,55.70075699986165],[-131.97337799974656,55.69642999978651],[-131.98115199955407,55.69572399998325],[-131.98578799991952,55.68846599980388],[-132.00889299960713,55.68705299995105],[-132.02069500023288,55.69385100012978],[-132.0330819999413,55.694963999814455],[-132.04186300040254,55.69879000019517],[-132.04379300024775,55.702761000108104],[-132.05397899994932,55.70984000007762],[-132.05882500037706,55.71093000005635],[-132.07348099986444,55.70924800022033],[-132.07311500016652,55.70669899981896],[-132.08872700025398,55.69735499986444],[-132.09015699960867,55.69311199985635],[-132.0876700002699,55.68211199983784],[-132.0914539997923,55.678697000107405],[-132.08970800007012,55.67217300021265],[-132.09148700030258,55.669607000133475],[-132.0911779996078,55.66070299986228],[-132.09278600013604,55.65958699996355],[-132.10320700001427,55.65800700022391],[-132.12001099980503,55.65227400007141],[-132.13078599968557,55.65276800017516],[-132.14159900009926,55.64990100019154],[-132.15045599983017,55.64970400005246],[-132.16939600022883,55.64219199994192],[-132.17256100033336,55.63799500018005],[-132.1827439996619,55.63428199991226],[-132.26810400025374,55.63385499994431]]]}},{"type":"Feature","id":"AK|Sitka","properties":{"state":"AK","county":"Sitka"},"geometry":{"type":"Polygon","coordinates":[[[-136.45514200032483,57.83111499998976],[-136.40750000014853,57.74989999982403],[-136.34863299982987,57.678070000096255],[-136.23789999959644,57.53449999981519],[-136.04680000041023,57.271799999872144],[-135.86410000012216,56.996700000207476],[-135.8598999997748,56.9924000000305],[-135.7867999995681,56.94129999998415],[-135.19980000042736,56.50639999979912],[-134.8460080003082,56.233954999847825],[-134.81506299979253,56.21585899996498],[-134.72079500031444,56.17434399994023],[-134.668433999932,56.14841399988123],[-134.66843200028217,56.28333599976432],[-134.46574200018236,56.28282900007299],[-134.46465599988593,56.36015099996499],[-134.47501599966478,56.55752600012086],[-134.52273999985684,56.75066800017861],[-134.54723999963736,56.82981199980226],[-134.67329999955294,56.991198999969924],[-134.68162900010253,57.020293000014064],[-134.6846129995588,57.048661000173865],[-134.70813599972112,57.101714000047274],[-134.72147700037985,57.168109000170446],[-134.7599509995823,57.25133899988875],[-134.75922000001142,57.26287800013596],[-134.7543040001618,57.271610000150915],[-134.7409640002263,57.284231000114445],[-134.70866299997581,57.30709000007121],[-134.7007629997716,57.318844999906425],[-134.69655099972866,57.333250000072816],[-134.6960240003723,57.34158699990573],[-134.7144559998845,57.49595200015743],[-134.72428799958377,57.527633000112964],[-134.74026100024454,57.5634300000582],[-134.76957700031554,57.61414400008997],[-134.81714800034675,57.70467100020168],[-134.82837500013892,57.74816699983059],[-134.8391809999816,57.778076000141006],[-134.84355200003318,57.78479199990607],[-134.85383999984202,57.78777500003885],[-134.9304569996075,57.7862910000023],[-134.95136500038447,57.783603999977466],[-135.00857200029634,57.76831799986098],[-135.0360689999519,57.763867000063144],[-135.05468999961,57.76278200015386],[-135.0729889999511,57.76392400018705],[-135.0991349998947,57.77141899996755],[-135.14949699993662,57.760897999978305],[-135.17977700010533,57.75684500016364],[-135.2226859998318,57.75775899980972],[-135.27158800038183,57.76603599991717],[-135.31063700041787,57.776932999910436],[-135.3280849997409,57.78446599992337],[-135.33900100008677,57.79222300007812],[-135.3563959997063,57.808750999878505],[-135.38255099987074,57.8203279997861],[-135.42513999993008,57.84328799996485],[-135.4740419995818,57.853936999879274],[-135.51245499958318,57.86816699989661],[-135.54481299973511,57.88389199996825],[-135.5790000003482,57.89459800010404],[-135.61935300024058,57.90121899987608],[-135.6319779996004,57.90627900019376],[-135.6458880003466,57.91423700019421],[-135.66193999975178,57.920091000172526],[-135.77846699971883,57.9489490000566],[-135.84042499962388,57.98419600008868],[-135.88097900025602,57.998828999986266],[-135.8986340001666,58.00251300011421],[-135.9024989998799,58.002545999831476],[-136.02616799981777,57.83653699984439],[-136.45514200032483,57.83111499998976]]]}},{"type":"Feature","id":"AK|Anchorage","properties":{"state":"AK","county":"Anchorage"},"geometry":{"type":"Polygon","coordinates":[[[-150.40994200012744,61.168173999896766],[-150.42416300031994,61.16629299982625],[-150.24653799989014,61.0796409998218],[-150.0692380000487,61.07963600008882],[-149.35939900027512,60.9063300002048],[-149.1819420000748,60.906316999849196],[-149.0637420001805,60.877420000125724],[-149.03407999960478,60.84853399997936],[-149.03404799981774,60.81964799993656],[-149.03783899991117,60.81964799993656],[-149.0377410000019,60.73298699991882],[-148.74561800008274,60.7330070000916],[-148.74586499995496,60.819663999884305],[-148.73828100011823,60.81966200005549],[-148.738363000134,60.848545999936036],[-148.4720649997681,60.84851999980543],[-148.47212300039274,61.1662950000478],[-148.46240299994815,61.1662950000478],[-148.4624709997202,61.42626699996791],[-149.18006199956002,61.426249999820136],[-149.1800409996436,61.455139999850374],[-149.24039500011668,61.45514200018788],[-149.24044899964505,61.48402499979635],[-149.359440000283,61.48402499979635],[-149.74836899997095,61.397370999898726],[-149.89762200033593,61.26738699988535],[-149.9874950003713,61.224064000127726],[-150.40994200012744,61.168173999896766]]]}},{"type":"Feature","id":"AK|Dillingham","properties":{"state":"AK","county":"Dillingham"},"geometry":{"type":"MultiPolygon","coordinates":[[[[-161.36492800041995,58.74643200008712],[-161.36504899989544,58.73936399981605],[-161.19818300035098,58.73933700002385],[-161.34183999955246,58.607090999845425],[-161.29981499955778,58.61807499999859],[-161.25384299983398,58.634665999806955],[-161.2339779996957,58.64345299999929],[-161.17703699992262,58.60706799984679],[-161.184927999906,58.58753399976955],[-161.1867730002607,58.573297000009596],[-161.1773420004195,58.542567000184214],[-161.16850999990461,58.524908000159606],[-161.15891800040487,58.51238299991334],[-161.14095799999748,58.50334000008374],[-161.09579399983744,58.490026999871546],[-161.06752999972767,58.489806000002716],[-161.01559699986572,58.50306200019495],[-160.9648270002931,58.49568800008284],[-160.9334359997136,58.49610899999988],[-160.90181200040394,58.50220900021934],[-160.87414999999362,58.5100659999906],[-160.84309700042124,58.52435000021994],[-160.80177299986016,58.55142800002798],[-160.789772999766,58.5644180000481],[-160.7897450001769,58.5744239997965],[-160.78726799998554,58.58156999996226],[-160.74682300003167,58.62568600010718],[-160.70002799977718,58.672073999811566],[-160.68914199956853,58.69026300005904],[-160.66318399994594,58.719133000025],[-160.6497960003299,58.73679500011133],[-160.62658100013914,58.760807000136644],[-160.6016279997238,58.79332300007469],[-160.59640499972753,58.80442600008214],[-160.59349999991392,58.821727999788855],[-160.59809000024865,58.834240000021474],[-160.6087150003414,58.84362100011406],[-160.3430870003453,58.88054199985524],[-160.3412529998612,58.87471700016682],[-160.3269299995615,58.85842100015701],[-160.3336809997201,58.8483140002146],[-160.32667600001656,58.83475099983569],[-160.3105330003748,58.812625999821336],[-160.29760099997,58.79914999988489],[-160.27344900034404,58.78873100006201],[-160.2340000002749,58.773956000221496],[-160.20876200035252,58.770121999908454],[-160.17223800018846,58.76932900021872],[-160.15076500042022,58.77199599977765],[-160.12714500017353,58.78007499981377],[-160.1130129996695,58.7866140000829],[-160.08915300012163,58.806303000012996],[-160.06563400015722,58.78970699979776],[-160.05278499959311,58.78396899983415],[-160.0382520001294,58.770373999815156],[-160.02821500039073,58.76407199987219],[-160.0144279996682,58.75978600013613],[-160.00436499999026,58.7446119998752],[-159.97499200001783,58.73074499981699],[-159.93908100032215,58.71790599992827],[-159.89386100008568,58.7150359999126],[-159.85781399994755,58.72203599988343],[-159.81171900020013,58.73544999998298],[-159.7481030004364,58.76030499997697],[-159.71886199981014,58.776667000065146],[-159.70169399997133,58.79639700014937],[-159.69315400043283,58.792799000177645],[-159.6756519997848,58.78948299988845],[-159.64693199956545,58.78607900018892],[-159.61112399980195,58.78222399998051],[-159.58084399963323,58.78254999987694],[-159.55296500038625,58.780515999910115],[-159.54468500024043,58.77841899976926],[-159.4047279999975,58.665956999908076],[-159.15138799997567,58.41577299987622],[-159.16217999957465,58.40356200020672],[-159.16237600029152,58.395230999976455],[-159.15984100037383,58.38519399992024],[-159.14838799972753,58.37030200008932],[-159.13303599993108,58.36002900002836],[-159.10787599982652,58.34754099984792],[-159.07885000018373,58.33925699983163],[-159.04767200003957,58.33433599988433],[-159.01872199966647,58.334139999858365],[-158.99190500042644,58.34060299987843],[-158.9706400001724,58.34852499998803],[-158.9655130004356,58.35280499986182],[-158.94125200013136,58.34701199994346],[-158.91168099979225,58.34290899990263],[-158.8766739999198,58.34192599984694],[-158.83979400010355,58.34366400002078],[-158.81032900006963,58.34715100019474],[-158.77268299962412,58.35492800016609],[-158.7447240000112,58.36372500012224],[-158.7201120000777,58.37606200022509],[-158.70224100025706,58.38837999993391],[-158.689543000204,58.401682000182106],[-158.6718380000647,58.4034250001652],[-158.6544889995776,58.407288000195685],[-158.6382139996913,58.413246999768255],[-158.62473300018883,58.42203300008472],[-158.61435499996833,58.43370699996064],[-158.60466700020913,58.44633199997176],[-158.60523499957336,58.455591999876596],[-158.21303200000094,58.54260400014741],[-158.1894159999522,58.5404899998813],[-158.14787499965612,58.54378000013046],[-158.07201899959878,58.49182400005927],[-158.0021549996417,58.615919000166166],[-158.0021549996417,58.64152800017446],[-157.8230909996364,58.685311000100604],[-157.79583800037832,58.69469400005023],[-157.76745600026774,58.707923999927885],[-157.69942500007153,58.729186000108555],[-157.55060299970177,58.75451400013093],[-157.53659099974664,58.769065000181165],[-157.49804800004887,58.7797839999045],[-157.42953099960587,58.79107099999854],[-157.40475600036407,58.80114200014019],[-157.3979790002662,58.80673500010406],[-157.38196600032077,58.80870699994016],[-157.3531320002986,58.817729000125496],[-157.32212400003374,58.83281800009303],[-157.28982299978324,58.83667499992162],[-157.25333600032735,58.8359789999638],[-157.24139599960938,58.837557999784885],[-157.23643200007916,58.83989100021806],[-157.2048999999327,58.843307999875606],[-157.1962919997238,58.846248999923745],[-157.19630599996754,59.08612199989326],[-157.27522099982426,59.086120999803995],[-157.2752330004181,59.25948199999154],[-157.1068079998509,59.25948300007386],[-157.1068139996987,59.34616199995907],[-156.76996500018575,59.34616600018359],[-156.76997100003356,59.43284300016704],[-156.67548300044743,59.432844000181895],[-156.67548900029522,59.51952100004469],[-156.50534499977,59.51952299996154],[-156.50534899996796,59.606198999882814],[-156.16506599983867,59.606201999997786],[-156.1650680003868,59.69287700004069],[-156.00014500020802,59.692879000094194],[-156.0000859997585,60.906189999859585],[-157.16742000006684,60.90618300017564],[-157.16742799956444,60.9928390001561],[-157.208251999635,60.992847000134304],[-157.52233199991932,60.99283399978754],[-157.52232500024664,60.90617800015084],[-157.69977499987593,60.90617499978613],[-157.6997599998073,60.819515000033874],[-157.87720799978678,60.819515000033874],[-157.87722399968027,60.906171999857975],[-158.94192599980084,60.90616199980412],[-158.94191900012817,60.819503000127426],[-159.01510999967317,60.819503000127426],[-159.01510399982536,60.73284300015172],[-159.1906610003177,60.73284100016872],[-159.19065700011973,60.64618099996329],[-159.36621500043697,60.64617899986901],[-159.36620600021615,60.472855999952394],[-159.43450199982792,60.472854000177236],[-159.43449699980505,60.38619000004029],[-159.6082039999198,60.3861879998098],[-159.6081960004222,60.21285599996297],[-159.78190600001165,60.212853999805965],[-159.7819019998137,60.1261870001022],[-159.845532999646,60.126186000066674],[-159.84552400032348,59.95284799985951],[-160.0174299995661,59.95284600005882],[-160.01742299989343,59.77950399983277],[-160.2485100001724,59.77950099982925],[-160.24850299960138,59.60615399994397],[-160.41864700012664,59.606152000167505],[-160.41863999955564,59.43279999995805],[-160.47535400044632,59.4327989999419],[-160.47529599982164,59.34612199997835],[-160.64371899984076,59.34611999986357],[-160.643716000366,59.259440000181065],[-160.81214000021,59.25943800001389],[-160.81213299963903,59.0860770000017],[-160.86470499990867,59.0860770000017],[-160.86470300025883,58.99939399983866],[-161.03144800032777,58.999392999998584],[-161.03144099975677,58.8397519998204],[-161.03926099959506,58.83578599977257],[-161.04642900040346,58.8345640000874],[-161.06421700038342,58.82602300001794],[-161.36493099989468,58.82602100004194],[-161.36492800041995,58.74643200008712]]],[[[-160.09758999972792,58.59991399987448],[-160.09456299971563,58.58733699986994],[-160.08937400005453,58.57896399983832],[-160.07319299987958,58.5645739998818],[-160.05905200005304,58.54782599999023],[-160.00853500020037,58.53468399999289],[-160.00455999998394,58.53725999978692],[-159.9726150002839,58.536246999887325],[-159.9213209999313,58.543963999807765],[-159.8965320004458,58.55371800015118],[-159.88046300042384,58.56297099987569],[-159.86812299967278,58.572543999774425],[-159.86344700002266,58.57868600006584],[-159.8625790001844,58.58567599998538],[-159.86429899996736,58.60268599994754],[-159.86768099980688,58.61051700006858],[-159.88529200023487,58.63144200005401],[-159.89461599994598,58.63993000020238],[-159.90528200004658,58.64670599995896],[-159.91419800022703,58.65022999997072],[-159.94058099999708,58.65632199993837],[-159.985525999874,58.66405199987977],[-160.00464500037273,58.665601999769514],[-160.0174560004037,58.659559000207096],[-160.0639989998648,58.64656100012071],[-160.0748759998526,58.63988599987715],[-160.08819099967374,58.621693999769086],[-160.09758999972792,58.59991399987448]]],[[[-160.5440579995888,58.687838000224254],[-160.5443200004279,58.67432599987177],[-160.5394749998251,58.664336000004866],[-160.52873900030258,58.65416400006981],[-160.49146600012597,58.633461000169724],[-160.4753390003777,58.62719200017141],[-160.45360899979326,58.623065999969434],[-160.43310099994764,58.622245999902425],[-160.4013169999061,58.62498399982184],[-160.38762700016622,58.62764599989529],[-160.39486000037368,58.621270999772555],[-160.40112399956223,58.61257399994063],[-160.41429000031874,58.586934000170864],[-160.40777000013884,58.56731399989302],[-160.396861000364,58.5539189998658],[-160.36761899991282,58.54198900013597],[-160.33360600027532,58.53567800009419],[-160.30102899984027,58.53575799991016],[-160.25876100017132,58.544569000003484],[-160.22559700010544,58.56553899988737],[-160.2154359996199,58.57831400007993],[-160.21285999969433,58.584850999847575],[-160.21346700031495,58.59316800008048],[-160.21215800043578,58.59504599985893],[-160.17982200002513,58.61001800006899],[-160.16840100006425,58.618562000043234],[-160.16114699994043,58.62604000005385],[-160.15408600016042,58.63710900011288],[-160.15197600039014,58.653364000186265],[-160.15273100025047,58.65819900008306],[-160.12254700034123,58.67282700018856],[-160.11031299989534,58.68159999991506],[-160.0969729999599,58.69728300016386],[-160.09626499995522,58.70533900000611],[-160.10191399992385,58.724811999953545],[-160.1165550002409,58.73902199981139],[-160.13761799993028,58.74889800012007],[-160.18767399965046,58.756283999995546],[-160.21408400008303,58.75547700001825],[-160.2377040003297,58.76604800022239],[-160.26391300002248,58.77175299976786],[-160.29678800038334,58.77627900021821],[-160.32324099957526,58.77505799989408],[-160.3331889996255,58.78177099988752],[-160.34939099971683,58.78880800017445],[-160.36763999982924,58.79409700001536],[-160.41603900041397,58.7984449999198],[-160.45222700011914,58.79185400004002],[-160.47204700005153,58.783686999907374],[-160.49037200033192,58.773631000080314],[-160.50429700024839,58.76142999986381],[-160.5204599999817,58.74099700006013],[-160.52578599991014,58.73023699989082],[-160.52542500023512,58.7085710000464],[-160.53092400041592,58.706266000083275],[-160.5374930001013,58.700268000110384],[-160.5440579995888,58.687838000224254]]]]}},{"type":"Feature","id":"AK|Kenai Peninsula","properties":{"state":"AK","county":"Kenai Peninsula"},"geometry":{"type":"Polygon","coordinates":[[[-150.5727780001022,59.282299000141684],[-150.53196300025246,59.29285399979293],[-150.45645600017457,59.30868799983025],[-149.62129999975184,59.52751600013647],[-149.46750399980613,59.73376699987462],[-149.26962499997396,59.84542000013066],[-148.98020199982898,59.893720999959804],[-148.94876199974402,59.89271799984662],[-148.64370200029552,59.92415600022065],[-148.58617999984108,59.93858500007388],[-148.58648500033794,60.061336000155904],[-148.57196299984656,60.06133299996782],[-148.57202700031897,60.1263159999563],[-148.5630259997497,60.126313999893064],[-148.56371500038608,60.41517200007628],[-148.66447000043215,60.41518299997675],[-148.6644739997318,60.47295899993969],[-148.6570759996679,60.472957999833916],[-148.65711900022393,60.73297600006005],[-149.0377410000019,60.73298699991882],[-149.03783899991117,60.81964799993656],[-149.03404799981774,60.81964799993656],[-149.03407999960478,60.84853399997936],[-149.0637420001805,60.877420000125724],[-149.1819420000748,60.906316999849196],[-149.35939900027512,60.9063300002048],[-150.0692380000487,61.07963600008882],[-150.24653799989014,61.0796409998218],[-150.42416300031994,61.16629299982625],[-150.77906699977652,61.07963900018933],[-150.97401700040402,61.166287000027275],[-150.97401400003093,61.25294000001009],[-151.33280200036566,61.252936000191404],[-151.33278399992403,61.42623899979544],[-153.48557499988502,61.42615299993733],[-153.48558400010583,61.16619299985041],[-153.44087699988035,61.166195999975606],[-153.44088600010116,60.81957800012583],[-153.39728400043865,60.81958099987684],[-153.39727600004272,60.47294800010279],[-153.5284409999538,60.472939000032234],[-153.52839200044826,60.12628100017421],[-153.65697999971053,60.12627700004335],[-153.6569770002358,59.77960699994038],[-153.78306999976334,59.77959699980777],[-153.78306800011353,59.69292599995693],[-153.95319800039508,59.692918000206774],[-153.9531809997783,59.51956899983865],[-154.12332699995338,59.51955199988145],[-154.12332100010556,59.43288699987816],[-154.41202799984998,59.43288199981006],[-154.41201299978135,59.259524000209396],[-154.74886100036767,59.25951800018145],[-154.7488339997052,59.086158999944494],[-154.6951049998923,59.086158999944494],[-154.69503600029535,58.739431000176864],[-154.64255799973702,58.739431000176864],[-154.64254500021653,58.65274699993406],[-153.81707599972813,58.65275999997385],[-153.81707599972813,58.73944599991988],[-153.63902699987415,58.73945000006779],[-153.6394029996178,58.855028999884624],[-153.25015199971455,58.8550360002137],[-153.1816800003757,58.90407699995566],[-153.18408600042198,58.90572900000743],[-153.02118000012703,59.0024520000159],[-151.8553799998288,59.077616999803624],[-151.49114000006722,59.0958560001267],[-151.44417300028357,59.09968700016307],[-151.37471900040535,59.11066900017859],[-151.31615199966237,59.1253390000371],[-151.25528699972645,59.137764000099075],[-150.99219399964804,59.18083700020906],[-150.80106199977652,59.23182499977067],[-150.71096899963314,59.250223999782904],[-150.59124300012468,59.27907899980382],[-150.5727780001022,59.282299000141684]]]}},{"type":"Feature","id":"AK|Bethel","properties":{"state":"AK","county":"Bethel"},"geometry":{"type":"MultiPolygon","coordinates":[[[[-159.36620700004104,60.49432000013917],[-159.36621500043697,60.64617899986901],[-159.19065700011973,60.64618099996329],[-159.1906610003177,60.73284100016872],[-159.01510399982536,60.73284300015172],[-159.01510999967317,60.819503000127426],[-158.94191900012817,60.819503000127426],[-158.94192599980084,60.90616199980412],[-157.87722399968027,60.906171999857975],[-157.87720799978678,60.819515000033874],[-157.6997599998073,60.819515000033874],[-157.69977499987593,60.90617499978613],[-157.52232500024664,60.90617800015084],[-157.52233199991932,60.99283399978754],[-157.16742799956444,60.9928390001561],[-157.16742000006684,60.90618300017564],[-153.44088399955302,60.906235999866105],[-153.44087699988035,61.166195999975606],[-153.48558400010583,61.16619299985041],[-153.48557499988502,61.42615299993733],[-153.00173599993826,61.42617200018615],[-153.00167200036415,62.29262199997098],[-153.0701200003119,62.29264399985274],[-153.07012299978663,62.20601500009734],[-153.3950089999136,62.20599000014219],[-153.3950089999136,62.119346999911734],[-153.76187099963153,62.1193349998925],[-153.76187499982944,62.032688999910164],[-157.06385200026875,62.03263399995559],[-157.0638639999643,62.119271000129864],[-158.53136100013805,62.119263999891636],[-158.53135100009234,62.03261999992065],[-159.2650350002435,62.03259800015361],[-159.2650369998933,61.94595699982581],[-160.53467100012844,61.94594000001335],[-160.528203999652,61.92644000008999],[-160.50908199967844,61.90064000012477],[-160.50205699988348,61.89244799989731],[-160.48285500044236,61.876675000207726],[-160.46947699997372,61.86934799991915],[-160.43794800020027,61.85833200003912],[-160.39769099966907,61.85122299988649],[-160.3636739998336,61.848609999979764],[-160.3219540003357,61.846511999910874],[-160.28719299961227,61.848960999822],[-160.26503399958068,61.856250000199736],[-160.25278099976654,61.85778900000213],[-160.2471719999809,61.856013000054546],[-160.24390800014214,61.849287999906316],[-160.25474400012203,61.84619100006816],[-160.25351300006065,61.842546999804846],[-160.22004100002326,61.840746999839276],[-160.2085680001838,61.8373649998853],[-160.1877449997956,61.83521200001121],[-160.18666000022236,61.831692999942824],[-160.19086800006738,61.82171799980532],[-160.2026299996118,61.81032199992143],[-160.21433099995522,61.8106150000183],[-160.26534300027552,61.8176149999795],[-160.30482900015457,61.81951700020464],[-160.35013999972935,61.819070999857374],[-160.40397999987033,61.812525000094084],[-160.46092099964338,61.8002249998928],[-160.5255280001673,61.780101999829924],[-160.59773299987327,61.760155999978174],[-160.64685999965587,61.753685999984064],[-160.68357200014094,61.75157000004738],[-160.7233650001667,61.74673000017896],[-160.77524399960194,61.738526999879234],[-160.86926799958084,61.71369000007546],[-160.95396100017595,61.68566900016277],[-161.02733699966888,61.65353199980989],[-161.0842220002638,61.61545500011604],[-161.12260400030306,61.60001100002323],[-161.2754930000525,61.588040999909445],[-161.32663699971891,61.58043500003014],[-161.44961100007097,61.56883800001941],[-161.4799280000496,61.561895999911535],[-161.50971600012372,61.55135600018827],[-161.5373480003968,61.543930000037754],[-161.56980500028294,61.53743000005513],[-161.59922699976082,61.5332709998236],[-161.66306299963256,61.53363000012963],[-161.69705799972672,61.53008699988253],[-161.73844599986185,61.5180699998852],[-161.90032799978468,61.480316999975315],[-161.95992900004723,61.481011999999005],[-162.0026820001381,61.478979999887834],[-162.01343799975209,61.477056999958435],[-162.05567000033437,61.48158800004288],[-162.12648099977235,61.497289000192545],[-162.17211899958528,61.504772000207325],[-162.22187399990491,61.50985599987871],[-162.26640000038046,61.51015800018245],[-162.30427600008147,61.516663999798],[-162.32829399981307,61.51837599993138],[-162.3578559999314,61.50954800010938],[-162.3687320000943,61.50387600005612],[-162.39863800016917,61.49916000007489],[-162.44141200017643,61.49941200015905],[-162.4761889998951,61.50395899983276],[-162.47001600004484,61.5244039999215],[-162.47616299995582,61.5327899999548],[-162.46838099975238,61.543333999922105],[-162.48007799989784,61.5527300000188],[-162.50576100005912,61.55642599980446],[-162.56177600026768,61.550414999831254],[-162.59937400013436,61.54887099998041],[-162.6252680001828,61.54501400014823],[-162.71753800004362,61.536897000099906],[-162.73675299990356,61.54096200000428],[-162.75398000019197,61.542666000115716],[-162.77427999962507,61.53486199991944],[-162.79783600029768,61.521288000139826],[-162.83231000006768,61.505028999954696],[-162.84719900008184,61.498736000035],[-162.86815800001415,61.49259099992404],[-162.9149649999642,61.48573500019873],[-162.96020000026928,61.482486000004286],[-162.99767900031028,61.48289000005732],[-163.0619989998807,61.47993099986077],[-163.10042100010293,61.474374000179445],[-163.137346000125,61.45749100017824],[-163.17135399973964,61.44907100007152],[-163.22961799963562,61.45274100015532],[-163.26753500024282,61.45307700021153],[-163.29507799992913,61.45579399991389],[-163.32696200042813,61.46443300005884],[-163.34735999977056,61.47367899998567],[-163.3592610001305,61.474442000064755],[-163.39708199957988,61.46325600017362],[-163.40885800026635,61.46858400017273],[-163.4077400001829,61.48386199988811],[-163.41548499967809,61.48668100003875],[-163.42413899991772,61.485632000162816],[-163.43125800032232,61.4841070001221],[-163.4397119996471,61.4799120001849],[-163.42886599962148,61.462280000129766],[-163.432507999752,61.456270000090534],[-163.4477650000122,61.446783000160295],[-163.47052300026846,61.43976699979051],[-163.48634000039533,61.43302200020162],[-163.46443499990866,61.422478000169406],[-163.46132400023077,61.41753200020973],[-163.46286200043886,61.412924999881376],[-163.4682739996827,61.409152000086436],[-163.4971269999714,61.40362900003999],[-163.5314119995955,61.40145400020207],[-163.54262400021736,61.393169000022475],[-163.54218200035152,61.38175400013265],[-163.52083799955645,61.364480999879476],[-163.52412400003482,61.35509800001007],[-163.54162300030976,61.34955900015503],[-163.56203099969795,61.34775600013415],[-163.58511899966706,61.339126999933825],[-163.62733399963258,61.33592299985992],[-163.6553900002282,61.33582699994828],[-163.67080499977385,61.33944399996082],[-163.6818049997853,61.34678799998739],[-163.6903510000699,61.34993700008031],[-163.70761599999312,61.349682000033475],[-163.7577889998892,61.362200000147176],[-163.7850760003808,61.36709700004795],[-163.82212500025145,61.35591299989416],[-163.84999600000077,61.361312999814075],[-163.87626199959496,61.368976000067654],[-163.89812299970072,61.369764999838615],[-163.93359800027656,61.36526999981321],[-163.98513799977815,61.372003000132416],[-163.99276000014802,61.37176299998827],[-163.9948759997661,61.36533299999437],[-163.9929330004004,61.350701999816906],[-164.0047409999756,61.338047999913556],[-164.00863099980327,61.323181999792766],[-163.9955240003946,61.31305899990756],[-163.9770440003035,61.30369100011101],[-163.98169099964127,61.291677000136296],[-163.9905819997074,61.284427000049114],[-163.9791719996171,61.26181500009105],[-163.97922400039397,61.25273900006577],[-163.98176699980928,61.243286000112896],[-163.97213900032452,61.24424499988662],[-163.96235500030585,61.24995400018866],[-163.94762100010237,61.25528099990427],[-163.92378199957255,61.248144999896795],[-163.91645200017905,61.23697200021174],[-163.91348899974082,61.22240300020437],[-163.92087400028427,61.210691999981194],[-163.96720000001037,61.20176000003974],[-163.99826900037456,61.192026999920664],[-164.01764499989298,61.19288599991733],[-164.08006899995334,61.1600429999563],[-164.07722699988898,61.14347699995137],[-164.1214820002029,61.12699999989599],[-164.13089299995266,61.12774199998467],[-164.13078199962456,61.1412090001204],[-164.1447070004394,61.14618199983538],[-164.15671000000827,61.15298200020022],[-164.16683999963337,61.15423799996209],[-164.17918600023222,61.151781999806985],[-164.1949759996966,61.153285999921636],[-164.20187400016826,61.151613000181065],[-164.21910800012938,61.13685400018777],[-164.22846399962756,61.12103500011255],[-164.19946200027422,61.10976100021032],[-164.1964129996223,61.103421999790015],[-164.20254199998996,61.09431899992147],[-164.21436200015904,61.088030999844065],[-164.21178100021058,61.08226200012248],[-164.20072500012267,61.07592999984614],[-164.18999600027288,61.07153899980719],[-164.15399900036348,61.07808799979165],[-164.1463059998485,61.07468200015771],[-164.14572800043848,61.065205999790024],[-164.1504760000586,61.05467800010509],[-164.15117300019264,61.04594599995926],[-164.14827500005177,61.039419000089985],[-164.15470200034522,61.02262499978945],[-164.17754599991693,61.017208999809526],[-164.1851840001803,61.01227300007365],[-164.219664999623,61.00691000005772],[-164.22681199961667,61.00282900016535],[-164.22060399960634,60.999606999896436],[-164.22128900004475,60.99504099990483],[-164.2248900001674,60.992197999982736],[-164.23972700030305,60.98711899978567],[-164.27088799983045,60.98870900001195],[-164.2856630000418,60.98591600006985],[-164.29346000031387,60.97852299999663],[-164.3017820002925,60.97483199997348],[-164.31652399999356,60.97319100014284],[-164.33936000006761,60.9784320000098],[-164.35702099982598,60.97765500000666],[-164.39006600006616,60.972349000186036],[-164.40313200036528,60.96525299994395],[-164.4116250000481,60.95041399989267],[-164.41813500018228,60.948726999957614],[-164.43036500043019,60.955341999901684],[-164.4403079995592,60.95795099995444],[-164.45089699966692,60.95741999991713],[-164.46744400043804,60.95175899995276],[-164.49687699978662,60.948990999993136],[-164.52991100015612,60.94079600007761],[-164.57627799989012,60.945789999807275],[-164.58960600013003,60.942586000116876],[-164.59864399961089,60.94212499978813],[-164.60332000015933,60.94356599979753],[-164.61556700012568,60.951888000112426],[-164.61658499975172,60.979048999987995],[-164.64231899996668,60.97939300011496],[-164.67588100041579,60.976887999844884],[-164.67595800040868,60.96945499982505],[-164.68475999988803,60.97233100006158],[-164.69293999957637,60.97834699997832],[-164.70231000021658,60.98207600004651],[-164.71640699966218,60.98438699990388],[-164.7270159998614,60.98412199984811],[-164.72820300044017,60.98154799987177],[-164.72059000029114,60.97724999978839],[-164.72416100027658,60.97239100000099],[-164.7300510002696,60.970679999873404],[-164.73827299979078,60.972698000076846],[-164.74706199974963,60.977858999783116],[-164.75529500003978,60.97872699986825],[-164.76884900023552,60.97473900016344],[-164.77883400009563,60.976174000112216],[-164.790568000051,60.98133599997795],[-164.79761899978524,60.98248700009053],[-164.80941399984,60.978499999871325],[-164.83472700010543,60.97480000021013],[-164.8412079999273,60.97194399993336],[-164.88592900039652,60.96709699993898],[-164.93827800018508,60.9533770002115],[-164.95886899987136,60.949937999969904],[-164.99178400041518,60.94820099993828],[-165.00051399992446,60.963635000143576],[-165.06591999979128,60.942225999940966],[-165.09710899980615,60.93022099985647],[-165.12299799983174,60.921932000069866],[-165.133570000221,60.92021699994417],[-165.1571140002997,60.91736300018585],[-165.2541619999179,60.91710800001681],[-165.24649500024054,60.91280299985374],[-165.23707400044498,60.9105129998083],[-165.232342999645,60.903913000016644],[-165.2234800000663,60.8964500001899],[-165.19346600003635,60.88525599984345],[-165.17935500034704,60.88209699988559],[-165.1705229998322,60.87692799991202],[-165.17753099990875,60.858865000169274],[-165.17748999990087,60.847965999939596],[-165.17043599979354,60.83992200005145],[-165.1575069997618,60.82929799985916],[-165.1680239998995,60.81841299978279],[-165.17562899965262,60.80722599981536],[-165.17617500017388,60.79632600021911],[-165.15914000040442,60.77652399986349],[-165.14097300030775,60.76618399998581],[-165.1438770002964,60.758729000002056],[-165.13917800018177,60.75011500006329],[-165.1298019996938,60.74035599990693],[-165.1233689995525,60.736627000068964],[-165.14675299979768,60.72545299989298],[-165.1601730000991,60.71485300010088],[-165.16424100020197,60.70767500002451],[-165.1846870001233,60.70454199996305],[-165.22204800016345,60.69537299997849],[-165.24243200016048,60.6833339999114],[-165.24590199986358,60.675005000025024],[-165.2913699997972,60.66554199987359],[-165.32279300016373,60.65175100019371],[-165.3332469996539,60.6457280000988],[-165.34019100015635,60.63826800020345],[-165.3757420000019,60.63622499998489],[-165.41069600017093,60.63217300019601],[-165.4455790001948,60.623522999985425],[-165.47509699993216,60.606551999859434],[-165.47911599963123,60.60166200012063],[-165.47907499962335,60.59764900008827],[-165.50444999981312,60.57867500006455],[-165.5182629995766,60.56601599997671],[-165.52038999996358,60.551965999865054],[-165.51383100032396,60.53963700005296],[-165.50144899974006,60.52618000020547],[-165.46746200004182,60.50271699990912],[-165.44822200006755,60.49499800018714],[-165.44345799965558,60.48468899993783],[-165.42653000001624,60.47438300018654],[-165.4055569998402,60.465514999871914],[-165.387518999615,60.45950700011522],[-165.369522000296,60.45809500011636],[-165.33357499971697,60.459266000060815],[-165.3085619999255,60.448094999914545],[-165.28823200035512,60.44264499995366],[-165.2702540004044,60.44179399993985],[-165.2395559997609,60.44322600022044],[-165.23541099966513,60.425150000118],[-165.2063719996036,60.405068000188486],[-165.17678600009415,60.381244999991445],[-165.1414469999607,60.35797900019219],[-165.09866000043297,60.334709000043034],[-165.0017130001988,60.293820999887444],[-164.97191599990387,60.277019000023344],[-164.94314399980598,60.271021999900725],[-164.89539200002483,60.258153999944525],[-164.85112900021332,60.24898999990314],[-164.8039990002231,60.24323499997763],[-164.74881000001997,60.24031300015629],[-164.7111190002669,60.207939000142765],[-164.68886200032605,60.19217399994742],[-164.65859600040108,60.17553300014359],[-164.62427900009163,60.16459399991563],[-164.59738599978533,60.158237999863694],[-164.57474399988004,60.13300900012221],[-164.54868099977713,60.11062799991196],[-164.5214500002604,60.091964999919355],[-164.48822599992002,60.0549619999631],[-164.44573499977,60.0305110001872],[-164.43208199984008,60.026170999942806],[-164.4286260003807,60.02787099981658],[-164.39007500028697,60.01085300016153],[-164.34283200031885,60.00293100006782],[-164.36433199985123,59.99922300017388],[-164.42026900024197,59.978100000142234],[-164.43485899960712,59.96890599984327],[-164.44965800010792,59.95333800002738],[-164.43521400033268,59.92674799998687],[-164.4208009996212,59.90697399979078],[-164.4156959996257,59.884866999818044],[-164.3465449996962,59.84835499998986],[-164.33667500036208,59.82960299986827],[-164.31315200019978,59.806286000172975],[-164.27462700004537,59.778310999927186],[-164.23096299956023,59.753062000198945],[-164.1932290001495,59.737295000145046],[-164.15083799955855,59.722377000086915],[-164.13443899982371,59.71742200014647],[-164.12479500044546,59.71627599984622],[-164.11106799999737,59.694078999775286],[-164.0807760001331,59.67051299994934],[-164.01329999978066,59.63775900000851],[-163.97624500006225,59.63432700000923],[-163.94791700037837,59.63582900020272],[-163.9197169998427,59.640464000146935],[-163.84707100009575,59.61792699988161],[-163.81194899969728,59.62083400012661],[-163.76096099966645,59.63971600007712],[-163.75115400008156,59.646476999888726],[-163.74462899987873,59.65477699998701],[-163.7399490000307,59.66864899995278],[-163.74890100019616,59.686421999892396],[-163.78779700007132,59.709192000062],[-163.81367500022628,59.71694200002849],[-163.8473260003639,59.71845100006162],[-163.8803039997586,59.715964999917205],[-163.8911539999822,59.713795000006634],[-163.89689199963928,59.71464199978043],[-163.9203489996794,59.72631600000365],[-163.95286099981706,59.7359159999424],[-163.96600099973602,59.7471180000689],[-163.98342600039115,59.75243299998567],[-163.99973999973716,59.75496500009385],[-163.99799099964193,59.76045199996799],[-163.99370599980406,59.7637600001837],[-163.98239000032345,59.76146500011881],[-163.784373000399,59.74056899995122],[-163.70770300003178,59.74112599994627],[-163.6474199997038,59.743609000169634],[-163.5820160003851,59.75163499986829],[-163.4285230003881,59.7608690001547],[-163.33002899972504,59.76966199985541],[-163.22780199959323,59.78585100004389],[-163.16515199957706,59.79128900006025],[-163.14586300009728,59.795641999799486],[-163.1056669996654,59.778240999835134],[-163.02558600004463,59.76754199987234],[-162.98599300003548,59.7694129998476],[-162.9747810003119,59.77283200012526],[-162.9472240003819,59.76828799996524],[-162.8686609999794,59.780380999846294],[-162.82609000036172,59.800659999935455],[-162.8158870000434,59.81282999999364],[-162.81546799974373,59.82770700009571],[-162.8180479998673,59.840275999936146],[-162.76253999982194,59.857454999909216],[-162.7075590000313,59.88017500006918],[-162.69837500006224,59.891815999902335],[-162.6064109996249,59.88830100014702],[-162.56263800025812,59.89682599978266],[-162.51453499994938,59.8903729999735],[-162.44984799995785,59.88461600010613],[-162.45197699999468,59.876338999842794],[-162.44166099969846,59.844078000129954],[-162.4113830000779,59.82325599995998],[-162.36434099995122,59.81086899981043],[-162.33879199968422,59.80988500021705],[-162.31761900038998,59.8124889998075],[-162.2976620001902,59.811738000055364],[-162.25731799962034,59.80618899991554],[-162.2278380004161,59.806499999803336],[-162.19443300032586,59.812190999860036],[-162.18665500032037,59.81890800014478],[-162.1783290001438,59.81484199981615],[-162.16065499996665,59.79979600006333],[-162.13850599998085,59.77239199982226],[-162.11499100021445,59.756149000074764],[-162.10685699965848,59.75420600003218],[-162.09824400032508,59.73370800011639],[-162.07489000021715,59.7176369998207],[-162.06832499983142,59.71642600018282],[-162.0648760000447,59.700030999923754],[-162.0426059996851,59.67072900002082],[-162.01269899978527,59.64564500009021],[-162.0030560002319,59.644654000203566],[-161.87126600015688,59.52479099987667],[-161.89478000009836,59.507564999775305],[-161.90009699980598,59.49804999995817],[-161.90340500002569,59.48761200012141],[-161.91013199989482,59.479975000127695],[-161.91444900041807,59.469288999888235],[-161.941382000009,59.45789299990108],[-161.9585370003274,59.447811000146366],[-161.9792810001745,59.44432599991534],[-162.00194800019418,59.437447000176036],[-162.01402399955802,59.43213400002828],[-162.05361200044263,59.408990000158894],[-162.06132299960265,59.39795800019056],[-162.06475499967087,59.36003199980438],[-162.08281899983535,59.35072700015554],[-162.1115580003213,59.33292900012641],[-162.13211499967235,59.30619899987737],[-162.16660400040928,59.27507500004749],[-162.17100600042298,59.2475679999709],[-162.1638109998504,59.224461000074484],[-162.10219799972683,59.128751999852895],[-162.0730840002205,59.09998400020164],[-162.04682000027617,59.079083000188746],[-162.01681499956874,59.06023599984435],[-162.00767599980554,59.0552860000686],[-162.0011310004096,59.07022600002516],[-161.95334600011813,59.03270299982181],[-161.92707200012805,59.00080100006964],[-161.90247400043825,58.97760200010003],[-161.88585399987218,58.95375899984778],[-161.8817649998529,58.94414599997349],[-161.88250999966746,58.930521000097954],[-161.88810699975758,58.897729000181904],[-161.88878999964788,58.88150500006901],[-161.88720100028453,58.87128000020111],[-161.8817930003403,58.85750399981034],[-161.8575270000132,58.830433999888086],[-161.85850000033176,58.8222070000685],[-161.85658999967973,58.81521099982129],[-161.85120100000208,58.8079830000273],[-161.86353400018214,58.801562999868935],[-161.88915899971883,58.784299999779826],[-161.89424299979797,58.777659000205276],[-161.89822999970997,58.76813900003384],[-161.89784399992058,58.76204299990891],[-161.92298200028384,58.754561000231824],[-161.93315899976457,58.748271999984496],[-161.94825100016834,58.73247000005357],[-161.95040399959635,58.728935999908735],[-161.9491659998623,58.72432900017623],[-161.96302800002957,58.72623300010122],[-162.00198099980616,58.727096000015244],[-162.02081700044772,58.72632899988625],[-162.03800299982993,58.7220959999035],[-162.07314399959662,58.72440900003963],[-162.09104299990472,58.72273499981032],[-162.12848099993775,58.71307100013401],[-162.16852199966056,58.71027600004212],[-162.18511999958704,58.706140999771975],[-162.2154220003954,58.695032000198196],[-162.22376899959002,58.68991200013424],[-162.22627599991864,58.68554400014114],[-162.25039099973466,58.67687399977662],[-162.26898499962857,58.66755700002888],[-162.27400199976054,58.66028499987276],[-162.27534099977697,58.653819000000304],[-162.28073500037578,58.64629800005703],[-162.27765099956375,58.63288399979585],[-162.27041099968363,58.622125999944096],[-162.24646499992198,58.60662399985732],[-162.2302860002952,58.5985509998181],[-162.19897799955638,58.58998200020312],[-162.1717420000167,58.58994400016788],[-162.14920999971628,58.576108999992016],[-162.13221699977962,58.57137600011502],[-162.08176500022432,58.56489900023162],[-162.04307600003835,58.56833199988154],[-162.01736299973985,58.561665999880276],[-161.9986130002103,58.56107800010308],[-161.97153900015405,58.567736000115566],[-161.96359299991906,58.56642400008254],[-161.9301729997602,58.56626800005677],[-161.90904599959842,58.57273899999717],[-161.87071600033596,58.570412999996094],[-161.8636449996119,58.5687259998715],[-161.8650520002987,58.56608700006589],[-161.86429400006534,58.54584400003841],[-161.85503800012629,58.53216899993589],[-161.8446349997914,58.52331700012866],[-161.81756800030615,58.50572600013052],[-161.80217200012873,58.50173699979493],[-161.7671579996853,58.49693900020388],[-161.74924000000902,58.49601899977723],[-161.72792600024945,58.498854000190995],[-161.71642099972462,58.49650300022053],[-161.67646600021553,58.50064100010149],[-161.65871199967242,58.50043700021714],[-161.64024900019808,58.50232600011473],[-161.61701999976364,58.50677400011369],[-161.5980069995701,58.51275499982863],[-161.5869820003426,58.51841899984674],[-161.5723469998733,58.53523999980037],[-161.57149900012658,58.54375499992141],[-161.52134999962163,58.551643000105216],[-161.48986600005406,58.56189499992047],[-161.46885799971795,58.57434800008347],[-161.46144999960833,58.58008599981933],[-161.45783199976725,58.585965999936995],[-161.41835799958372,58.59598500008955],[-161.35345700023032,58.60358500017644],[-161.34183999955246,58.607090999845425],[-161.19818300035098,58.73933700002385],[-161.36504899989544,58.73936399981605],[-161.36493099989468,58.82602100004194],[-161.06421700038342,58.82602300001794],[-161.04642900040346,58.8345640000874],[-161.03926099959506,58.83578599977257],[-161.03144099975677,58.8397519998204],[-161.03144800032777,58.999392999998584],[-160.86470300025883,58.99939399983866],[-160.86470499990867,59.0860770000017],[-160.81213299963903,59.0860770000017],[-160.81214000021,59.25943800001389],[-160.643716000366,59.259440000181065],[-160.64371899984076,59.34611999986357],[-160.47529599982164,59.34612199997835],[-160.47535400044632,59.4327989999419],[-160.41863999955564,59.43279999995805],[-160.41864700012664,59.606152000167505],[-160.24850299960138,59.60615399994397],[-160.2485100001724,59.77950099982925],[-160.01742299989343,59.77950399983277],[-160.0174299995661,59.95284600005882],[-159.84552400032348,59.95284799985951],[-159.845532999646,60.126186000066674],[-159.7819019998137,60.1261870001022],[-159.78190600001165,60.212853999805965],[-159.6081960004222,60.21285599996297],[-159.6082039999198,60.3861879998098],[-159.43449699980505,60.38619000004029],[-159.43450199982792,60.472854000177236],[-159.36620600021615,60.472855999952394],[-159.36620700004104,60.49432000013917]]],[[[-167.5582280001506,60.22435699981382],[-167.5602960000881,60.205956000092044],[-167.53635100015134,60.178245000167074],[-167.51696499968892,60.17283900017535],[-167.51517200011105,60.16425799991469],[-167.5054409997958,60.1569680001196],[-167.4924330001214,60.15202199997631],[-167.47324099982768,60.148905000201474],[-167.47173299975682,60.136016999920955],[-167.4645780002655,60.12465200017631],[-167.45307699993865,60.11623299990511],[-167.43644999969985,60.10876099995182],[-167.44171399970404,60.10208000007372],[-167.4429690000549,60.09545299977806],[-167.44076899987294,60.056461999857646],[-167.434833999674,60.045657999881975],[-167.41798999970027,60.03416299977963],[-167.40081600001363,60.02612200012622],[-167.3855799996698,60.02120699997974],[-167.3584820002224,60.01848599988869],[-167.32414900001945,60.01845700005974],[-167.31080200041126,60.00747199998735],[-167.29340500024355,59.999185999923355],[-167.22273000034969,59.993852999839106],[-167.19258800027325,59.974556000086345],[-167.13784199976095,59.94403300010397],[-167.10291199988137,59.936948999777016],[-167.04204000027278,59.93575700020485],[-166.9406220004279,59.91190799996842],[-166.90461399974956,59.89805100018304],[-166.86812800011862,59.88125800005297],[-166.85085200032472,59.87105600020639],[-166.8415069997989,59.86154199990403],[-166.82890500000528,59.85233000017421],[-166.78651400031268,59.84265700019276],[-166.7483719995746,59.83820400021314],[-166.7367830002825,59.83830099983342],[-166.6890160004327,59.81533800000919],[-166.6543429995728,59.80239199996961],[-166.62612600021703,59.7970609999545],[-166.56422299966522,59.79611099995907],[-166.50796599960736,59.79874900003758],[-166.4617069998284,59.79593300004003],[-166.42967099989175,59.8016359998498],[-166.36639499988667,59.77966099979075],[-166.32185400024085,59.77314100021409],[-166.30057700029118,59.76007400015283],[-166.291254000405,59.747196000161246],[-166.27386700028302,59.73384700020937],[-166.2421140002036,59.71709499982002],[-166.19661299975968,59.70338400000972],[-166.17694900036122,59.69981899988744],[-166.0997169995792,59.69405100001882],[-166.0578930003242,59.69553500018121],[-166.0124539998046,59.70538399984875],[-165.96481699965116,59.72297100011009],[-165.92160400015106,59.747129999955696],[-165.878050999994,59.77600900010614],[-165.83718900028865,59.79750900005966],[-165.82485899958328,59.80674599984731],[-165.80303699983565,59.80910400000561],[-165.77327300005095,59.820465000147095],[-165.73902199986375,59.841350999940985],[-165.6990299996464,59.83507900013307],[-165.65782200033462,59.83626300011647],[-165.6252609997931,59.84640300018523],[-165.6021479997096,59.84768700000316],[-165.56038300000588,59.852868000161095],[-165.49547000005856,59.870183999870235],[-165.46090599987687,59.89500500019499],[-165.44519099985726,59.91643799977844],[-165.4387069996624,59.93179899986919],[-165.43913000016,59.93603599986501],[-165.4120040002252,59.9541419999108],[-165.40253900004876,59.96785900012578],[-165.40245799985792,59.97044800008325],[-165.45188000009162,59.990417999995856],[-165.45321499991005,59.99920900004754],[-165.46235899969614,60.009589999948666],[-165.47967700022113,60.021614000164654],[-165.4974960001632,60.02788700013592],[-165.539364999624,60.03497900020964],[-165.54698100014613,60.04730299998545],[-165.55337999995223,60.05416300007762],[-165.56662199997837,60.05873099982038],[-165.564990000059,60.06417900007089],[-165.56735699974723,60.07020300017837],[-165.57317300012042,60.07506299994939],[-165.5663609998625,60.080236999858855],[-165.56019100038526,60.089439999876696],[-165.55746099957554,60.09919400017004],[-165.55871500010147,60.106372000216794],[-165.5639670004101,60.112661999901626],[-165.55967599982614,60.133331999864716],[-165.562060999956,60.140209000086905],[-165.56846200031023,60.14592899992922],[-165.57715500000958,60.150784999934544],[-165.57554300018168,60.15854100017875],[-165.57622699989693,60.165712000081285],[-165.5791979998327,60.171723999856894],[-165.5884980001527,60.17887600006046],[-165.57037000041416,60.19785499992683],[-165.56707399989003,60.20762100005588],[-165.5666000002371,60.21564999981752],[-165.57548899975504,60.23169300017437],[-165.5883009996109,60.241413999999196],[-165.57070799962466,60.25895599986732],[-165.57020100035973,60.26412100014094],[-165.57437499986952,60.27329700014995],[-165.56528700015994,60.28306999988941],[-165.5613760004159,60.29226299996843],[-165.56151899963268,60.30172599980138],[-165.57450799993887,60.32119899994096],[-165.5861940002137,60.32977599983211],[-165.600196999948,60.33892699994022],[-165.6170469997695,60.34490100003598],[-165.63271199956043,60.34830200006123],[-165.64948299973923,60.34882299982468],[-165.6473949997103,60.362310000085756],[-165.653928000309,60.37175999978626],[-165.67148399958702,60.38346199985262],[-165.69307600007923,60.39314699978328],[-165.73846500037018,60.40560899989579],[-165.75933899991364,60.4063980001837],[-165.78246500041593,60.404873000136476],[-165.8164239996268,60.39612200015536],[-165.82844600036057,60.39004999981151],[-165.84773599966525,60.39857400021098],[-165.8762120003854,60.40274500006104],[-165.89938499984507,60.40320199994365],[-165.94949599981683,60.393776000134984],[-165.9609700003795,60.38969799996776],[-165.98136600007211,60.37408699996531],[-165.98670799989412,60.378654000123234],[-165.99725599999394,60.383756999950094],[-166.0095320002726,60.38770399989569],[-165.998309999605,60.400395999985314],[-165.9997680003454,60.4112850001405],[-166.00579800008055,60.419572999986585],[-166.0306889996733,60.43894000018544],[-166.05419199974415,60.469490999996054],[-166.08487799979372,60.48593799986173],[-166.12133400018575,60.50091000001559],[-166.15243199996394,60.51074699989049],[-166.2085889995644,60.50518599980812],[-166.22928800010402,60.49930500020032],[-166.24932700031954,60.49112700011887],[-166.27093300015716,60.47862100019322],[-166.2758180000446,60.46911899979587],[-166.2763319998805,60.4516129999919],[-166.2976330001196,60.44742899989384],[-166.31644899977135,60.43896600004154],[-166.3340330004351,60.42906599979306],[-166.34982299989952,60.41774499996419],[-166.3714920003846,60.42388200016929],[-166.38782800037023,60.42661399998733],[-166.4028689998221,60.42619500019938],[-166.41719700014465,60.436109999839715],[-166.44362400029567,60.44448399986158],[-166.4780060000041,60.44875800011992],[-166.505784999692,60.447639000092956],[-166.52883900022425,60.44427000012304],[-166.56064800038018,60.4299020000064],[-166.57019399984915,60.42291900020083],[-166.59377300008796,60.41924500018994],[-166.62012099969795,60.41294700014818],[-166.64054499987793,60.40384200009321],[-166.66630800040517,60.38578500013349],[-166.70119200025394,60.38914299996199],[-166.73933699956845,60.38786100009692],[-166.76329599974886,60.3812759998204],[-166.800517000047,60.362763000148284],[-166.81260500000468,60.350582999875854],[-166.84468100012427,60.34503099999281],[-166.87340800001633,60.33120300012305],[-166.8859529999085,60.31755499992651],[-166.90470599981106,60.312159000169146],[-166.91872299978905,60.30452999977832],[-166.9297560003108,60.29549699988837],[-166.94377800031165,60.278103000148796],[-166.96797599996836,60.27750300020744],[-166.9890910004346,60.27378500017729],[-167.01806500019882,60.26623499986737],[-167.04471900013053,60.277915999923124],[-167.06994600018223,60.284746999926675],[-167.10257499959752,60.290037000209566],[-167.12054599987556,60.291224999967405],[-167.137656999813,60.28811099990069],[-167.15345800004638,60.28243099979083],[-167.1791179997431,60.28665699984324],[-167.20518900024194,60.288283000112685],[-167.2259549998304,60.287973000142976],[-167.25510600004498,60.28381700016879],[-167.27680899996693,60.28893400009918],[-167.30982999991764,60.290718000117735],[-167.33671999985089,60.28742599989034],[-167.35258999968121,60.283166999991316],[-167.37111599980304,60.27568799978262],[-167.39183600025908,60.27507300020789],[-167.4117830004131,60.27159400009372],[-167.43770000002783,60.26284799996156],[-167.4735959996549,60.26483400014101],[-167.50807399962284,60.26310900017691],[-167.52940300034928,60.255283000218675],[-167.54049500042223,60.24934900002146],[-167.55079900012458,60.2405540000847],[-167.5582280001506,60.22435699981382]]],[[[-172.88569299998002,60.208802999995996],[-172.89036100013254,60.182123999799295],[-172.88101800015485,60.1687850000125],[-172.84832000024429,60.14877799995648],[-172.8296350001138,60.14210900011197],[-172.79954099971795,60.13880400003288],[-172.76178800004058,60.14067700002321],[-172.69419299986248,60.15461000002896],[-172.6806620001313,60.1599100000309],[-172.65570200004325,60.17848399997919],[-172.63432399981127,60.200742999803374],[-172.63748499971788,60.21929399999374],[-172.64921899967328,60.23689499990815],[-172.67340999965728,60.24978400001835],[-172.6985739999598,60.25837399996193],[-172.7315449996818,60.262160999852945],[-172.7735859995701,60.255490000207544],[-172.7969410004012,60.24882099993538],[-172.8156249998085,60.23992799979123],[-172.86700899967445,60.22214199980648],[-172.88569299998002,60.208802999995996]]],[[[-173.2322309999754,60.654339999842016],[-173.2368299996326,60.645583000150864],[-173.23223000015045,60.636826999927145],[-173.1816260002592,60.60617799988878],[-173.17702599987874,60.59961099983878],[-173.16782500019124,60.593045000151214],[-173.14482300043585,60.58209999982292],[-173.14022300005539,60.5755329997815],[-173.1540230002984,60.56458599992452],[-173.16322200033608,60.538315999984],[-173.1564569999338,60.52214000018431],[-173.16526299961106,60.51429200017933],[-173.17052199959235,60.496484000043644],[-173.16781799962024,60.481079999992126],[-173.15827100032638,60.46749200001309],[-173.1448689995683,60.45710099985333],[-173.09528800022426,60.44179500011957],[-173.0673909996373,60.43990499989166],[-172.98590300022803,60.411848000122376],[-172.93145200016684,60.38968399985997],[-172.93097099994287,60.3705250000802],[-172.92535999960907,60.35258100021487],[-172.91022799992066,60.339623000190905],[-172.8777700002096,60.32630899980619],[-172.84794500032558,60.31838299983286],[-172.82013300012744,60.31615400017647],[-172.8023819999574,60.31864999990518],[-172.7444210000101,60.30103100006181],[-172.71537500027583,60.296219000039436],[-172.67935599972682,60.27802599984476],[-172.6524800000373,60.26975100021368],[-172.59612500007015,60.25862199995093],[-172.56501300004822,60.2580859998021],[-172.53422700043953,60.265261999777316],[-172.52296399976402,60.27109499987379],[-172.49604000039392,60.27422099980614],[-172.4538399995987,60.27061299996219],[-172.40752599956812,60.27876400000444],[-172.38839899957176,60.27549800015598],[-172.37918799983854,60.26071399980201],[-172.3615839999816,60.252006000000875],[-172.33310999980955,60.24452800017953],[-172.29550899956982,60.238830000036025],[-172.2675330002385,60.24449800003946],[-172.24670700037558,60.241228999836714],[-172.2169009998598,60.24460399996553],[-172.18948799986984,60.25081599990883],[-172.16678400004022,60.26070700011192],[-172.16286900009823,60.2644499999926],[-172.143520000344,60.27145199983098],[-172.1203779999482,60.28733700021683],[-172.10876700001648,60.30342799999097],[-172.10909000005665,60.31401200013099],[-172.12202499993617,60.32701300003134],[-172.1450390002855,60.34015200011534],[-172.16805100008665,60.34891200007629],[-172.2232789997495,60.36423999993734],[-172.24168799969547,60.37299900006573],[-172.26009800036468,60.37956899985434],[-172.27850700031067,60.38832799995589],[-172.29231400022636,60.39927799986742],[-172.3061210001421,60.4058479998026],[-172.3199289998827,60.41679800019275],[-172.34754299971416,60.42774699990756],[-172.3935699996895,60.43650600004672],[-172.43959199964203,60.43650500014739],[-172.46260299961824,60.43869399990371],[-172.49947900013487,60.43211000009748],[-172.53002100024437,60.43574099982696],[-172.68784000008714,60.48012000016981],[-172.7602549998554,60.514181000119784],[-172.79574700014976,60.53864699997152],[-172.81532699988264,60.55785200017234],[-172.81964100003285,60.59597800009712],[-172.8150409996524,60.60254500010051],[-172.81964100003285,60.61348999998047],[-172.82884199972034,60.6222459998106],[-172.83804300030616,60.62881300015779],[-172.86104500006155,60.63756800003347],[-172.8886460003725,60.64413499979775],[-172.943848999921,60.65069999986929],[-172.95305200015662,60.694481000070304],[-172.9622529998441,60.70980500009555],[-172.98976200009355,60.73181099983101],[-173.01247299959581,60.74037199997441],[-173.05906799983376,60.74774800006856],[-173.10040900011327,60.745166000093334],[-173.15863200000138,60.728770000111965],[-173.17703199972652,60.720012999851164],[-173.19083199996956,60.70687799994835],[-173.1908310001446,60.68936599993659],[-173.21843099973233,60.67623100007665],[-173.2322309999754,60.654339999842016]]]]}},{"type":"Feature","id":"AK|Yukon Koyukuk","properties":{"state":"AK","county":"Yukon Koyukuk"},"geometry":{"type":"Polygon","coordinates":[[[-147.9789010002853,65.20989199987908],[-147.55777099990596,65.20989499997118],[-147.51675600003966,65.224266000026],[-147.49694500032808,65.23424900014315],[-147.4701519995809,65.24062400016487],[-147.45535999965108,65.2405349998254],[-147.42365500015057,65.24796300005453],[-147.40053500039437,65.25058300014481],[-147.3706369998171,65.26103500005308],[-147.35022000020808,65.26314600004507],[-147.33875400004132,65.27104100015211],[-147.3298090004469,65.27339999999894],[-147.2915250003169,65.27615400007488],[-147.27911500014392,65.27976199991097],[-147.26504899976212,65.27731100005073],[-147.23147100031778,65.27843200014884],[-147.21558800006866,65.2765760001723],[-147.19785199996727,65.28086999983466],[-147.18718099984378,65.28143899990081],[-147.15306899957372,65.2880789998347],[-147.13681399977898,65.28479300003302],[-147.13214499980154,65.28164099993748],[-147.12661899985656,65.27434700004176],[-147.11962500002372,65.2724749999071],[-147.08705900035764,65.28203100006465],[-147.05432000043925,65.28247600002337],[-147.04312100023617,65.28086000006043],[-147.03866599962066,65.28576099992152],[-147.0317990000094,65.2881969999343],[-147.03128199980048,65.2899469998561],[-147.01299599987814,65.28359600012026],[-147.00850400035102,65.27840500013261],[-146.99877600040887,65.27862699986315],[-146.9796059998565,65.28208299992137],[-146.94352299973335,65.27052299985864],[-146.92989499991776,65.26875399982283],[-146.90934299969126,65.2714959998368],[-146.90349000040644,65.27438900004488],[-146.90314200025188,65.28337500002206],[-146.86924699971684,65.28852899983201],[-146.83904100006632,65.28815900006171],[-146.83083700008848,65.29048600011546],[-146.82067300012818,65.29651299984036],[-146.8099929997839,65.29456899986089],[-146.79302900015952,65.29451800005317],[-146.79197499965017,65.29791100018423],[-146.78360599981588,65.30624900013105],[-146.76164599997597,65.30417600005092],[-146.74512900024035,65.31003200005516],[-146.73964299958004,65.31010700011474],[-146.72467800029617,65.30371300018246],[-146.71867600015014,65.30863900012329],[-146.7202300002517,65.31212599991666],[-146.7247979999468,65.3138500001208],[-146.71847500030867,65.31860900006934],[-146.70647100001656,65.31776299985991],[-146.68937099994977,65.32018799983103],[-146.67698800043928,65.32739500010764],[-146.66418900010387,65.33046799993723],[-146.633810000201,65.33348799990911],[-146.6174630003447,65.34232800004966],[-146.60320799981702,65.3428840000484],[-146.58365200037355,65.33932599987776],[-146.574476999727,65.34186799996387],[-146.54865399982364,65.34500299994843],[-146.52864399992038,65.35882300017596],[-146.5248429997812,65.36369099999219],[-146.5236309999864,65.3688580001813],[-146.50810099991472,65.37301999994975],[-146.49025600003336,65.38282499981496],[-146.4878089999792,65.38582699994285],[-146.4881129997528,65.3894490000982],[-146.50394800032132,65.39289099989487],[-146.50802599957163,65.39626000005002],[-146.50913199995955,65.40760899987586],[-146.50784800019474,65.41292500006911],[-146.52469100034358,65.4134569998621],[-146.5268289997029,65.41511999995522],[-146.52841399976663,65.42267600006949],[-146.508382999947,65.43310900002876],[-146.50351300012815,65.43100899981793],[-146.4968559996809,65.43100899981793],[-146.490374999859,65.42626600007847],[-146.47646699966097,65.42870399982121],[-146.46496600023244,65.43445399983246],[-146.45359700015004,65.43349100013882],[-146.44349099991607,65.43473199986767],[-146.43125800019345,65.43100899981793],[-146.43037100008863,65.42781799998518],[-146.4233000002629,65.42056999983141],[-146.41981799996591,65.41895100008894],[-146.3970399996182,65.41842100003798],[-146.3912939995652,65.41929199992194],[-146.38580399960517,65.42298699991183],[-146.37860499973294,65.42516899985792],[-146.37133300006576,65.42427199996304],[-146.36426899991272,65.43123199997825],[-146.3438520003037,65.43118699992294],[-146.309733000361,65.42771099985207],[-146.30216399969459,65.43444799982065],[-146.28635400013872,65.44012899991343],[-146.26263099995987,65.44235399999937],[-146.24298500010468,65.44015399988237],[-146.22360600021324,65.44422500006907],[-146.21258299973726,65.44926200001987],[-146.21191800028862,65.45109899996643],[-146.20570400043047,65.45299599997102],[-146.18783400043475,65.45228399996306],[-146.17243999990717,65.44921000003659],[-146.16939600017645,65.44625600017125],[-146.1688160002183,65.43962999993146],[-146.16403300043805,65.43504400013013],[-146.1681609999171,65.42895000008592],[-146.16724399967507,65.42652600010854],[-146.14315599962322,65.42214500002284],[-146.11922199955717,65.41540699985416],[-146.11553599994403,65.4086829998182],[-146.11934899977874,65.40398699987979],[-146.06110099977633,65.40438099990422],[-146.0532690002425,65.40175599991292],[-146.03528700009375,65.40778800011724],[-146.01183199970347,65.40707499982206],[-145.99847199967653,65.40975300009063],[-145.98703999984494,65.40844299989683],[-145.9828839998785,65.40228800012366],[-145.9752659997066,65.39918300007794],[-145.97330999992212,65.39413200010338],[-145.97827400035064,65.38828199987051],[-146.006109000115,65.37303400011132],[-146.00469099955754,65.3686969999798],[-146.0069950003949,65.36647500012918],[-146.0063919999722,65.36323400013178],[-146.00789900021812,65.35943399987595],[-146.0172110002337,65.35653399994149],[-146.0222430004343,65.35654600006737],[-146.03338700038577,65.35989299986198],[-146.05185099968503,65.35672299988255],[-146.06647399956043,65.34816500001575],[-146.0971660003561,65.33465000015073],[-146.1117399998277,65.32508800015191],[-146.1389989998319,65.31519300008368],[-146.13451800017543,65.30632499984108],[-146.10866000011194,65.3027779998591],[-146.11062000009437,65.29894999989739],[-146.10268499973006,65.29110900002894],[-146.10754000037866,65.28457399987366],[-146.1291029996602,65.2780399999837],[-146.12426299997855,65.27740300006506],[-146.10557899967299,65.26870500018393],[-146.08813100034993,65.26459399999634],[-146.07813399989593,65.26413100007838],[-146.0740270003333,65.26160999990789],[-146.0801800000921,65.25394800013522],[-146.08102799983885,65.24994199987188],[-146.07990800010555,65.24798099990093],[-146.066091999969,65.24480700000727],[-146.06217200000413,65.2413529998673],[-146.04256799998174,65.23929999987101],[-146.03279499983375,65.23608800001864],[-146.01876399961205,65.22819100004546],[-145.99589300027623,65.22875100007941],[-145.98942300032502,65.22688700001422],[-145.9814240003866,65.22305700018002],[-145.97059500007936,65.21437499983126],[-145.95957599980133,65.21118099985296],[-145.9498729999735,65.20548299982285],[-145.9117849996621,65.20541400005234],[-145.90207599998652,65.20698299985358],[-145.88956799990424,65.20578700006553],[-145.88695400034382,65.21026800011211],[-145.8783009999291,65.215356000028],[-145.86118900016677,65.21362900010752],[-145.83458499956546,65.204573999937],[-145.8282710001482,65.19889499992158],[-145.81722199973296,65.19421199996711],[-145.80390899956163,65.1964620001145],[-145.78156200010744,65.18907800001865],[-145.77184900023389,65.19091999990725],[-145.75850500010043,65.18917100009375],[-145.7512230003875,65.18553000013033],[-145.7310600003234,65.1826360001619],[-145.69950700026052,65.18599699994243],[-145.6894260001409,65.18907800001865],[-145.67728999960434,65.18487700008686],[-145.67570299989083,65.1821699998693],[-145.67934400019644,65.17544800014899],[-145.67664799972195,65.17232100018856],[-145.66634700039262,65.16648100013383],[-145.6684859995769,65.16377699983813],[-145.6763570003671,65.16097900017479],[-145.67570299989083,65.15985900011641],[-145.64455200040916,65.15357499989629],[-145.63882999974726,65.15304499994512],[-145.63444299980216,65.1550980001143],[-145.6357490002066,65.14959099981978],[-145.63416300031798,65.1464170001779],[-145.62800100033837,65.14258900010957],[-145.62795100010965,65.1401399999781],[-145.6338820001106,65.13680200000175],[-145.65955400040124,65.1334410001084],[-145.67075600007902,65.12914699993549],[-145.6751239997576,65.12454499982937],[-145.67215600019486,65.12158599995864],[-145.67290299965924,65.11822500017901],[-145.67561000000438,65.11589100014407],[-145.7246189997862,65.10216899996843],[-145.74132800004074,65.1022619998808],[-145.7502020003884,65.09959099993948],[-145.7574249996518,65.09479099981475],[-145.7589269998748,65.08870200013452],[-145.76920800001096,65.08538099995175],[-145.77869699957853,65.08000300011342],[-145.7764830000512,65.07438900016467],[-145.77063099969297,65.07035599989604],[-145.71027799994312,65.07747300017832],[-145.69421200029421,65.07662200018302],[-145.6886789997782,65.07313699989488],[-145.67607699998464,65.07192299988208],[-145.67476999975526,65.06884300018764],[-145.6771030000066,65.06585599984442],[-145.68606500021778,65.06370899984441],[-145.6856919999489,65.06128199992237],[-145.65918000030743,65.05138700008376],[-145.66162200033872,65.04736899981299],[-145.65824700017185,65.04317200018522],[-145.65862000044075,65.0410249998465],[-145.65507299984648,65.03607700004822],[-145.65031199980754,65.03430300000188],[-145.64452399992174,65.03448999993036],[-145.62800100033837,65.0402780000012],[-145.61521299987362,65.03757099995671],[-145.60103299968898,65.04343099982391],[-145.58571400040282,65.047465999973],[-145.57451199982668,65.04606600011483],[-145.55602900026088,65.04718600004648],[-145.5432750001313,65.04625500011322],[-145.52326299967993,65.04802600009889],[-145.52139599958392,65.0506399998706],[-145.52219099962724,65.05464099987526],[-145.51943599960148,65.06268199989884],[-145.52076299992234,65.06580999998819],[-145.5131570003443,65.06539700016583],[-145.4917110003403,65.07071000016985],[-145.48835000041717,65.06417499993536],[-145.48480299982285,65.06342900009071],[-145.4651059999141,65.066415999924],[-145.4546309996092,65.06484000011434],[-145.4407419996777,65.06669600009326],[-145.43758400014417,65.06913099982604],[-145.44120799983304,65.07285700004255],[-145.4310820004059,65.076249000183],[-145.42431199998074,65.08517900001809],[-145.40564199991883,65.08321899983984],[-145.39555999997435,65.08583299990728],[-145.38071799981583,65.07976500011684],[-145.36755500033067,65.07677800010893],[-145.36793699992208,65.07406199999704],[-145.37250299996737,65.06949600007877],[-145.36895600027137,65.06706899986492],[-145.3615809997737,65.06622900001784],[-145.34971499957388,65.06994899984278],[-145.34188399986493,65.06781600011698],[-145.32461399991885,65.06669600009326],[-145.31817800030282,65.07005300008609],[-145.30267699964512,65.07182999989733],[-145.29119499958483,65.06753599998196],[-145.2850309999554,65.07056900016579],[-145.2747659997128,65.06753599998196],[-145.2434450003518,65.0714570001597],[-145.23260799964868,65.07162599981923],[-145.22594400042703,65.06921600018647],[-145.2078340002318,65.07519099984177],[-145.2010189996008,65.08116499999879],[-145.18057600005253,65.08816600003158],[-145.1770279996333,65.09105999983959],[-145.16162599960816,65.09703499993795],[-145.14360900019764,65.10095499994982],[-145.14230199996825,65.09806099994728],[-145.1372610004452,65.09591399988219],[-145.122324999677,65.09666099982371],[-145.11775100013415,65.0984350000458],[-145.10057499989938,65.09656799999438],[-145.0862919997826,65.09834099990495],[-145.0826520002002,65.10515599996548],[-145.0715430004088,65.106555999913],[-145.05866100023272,65.1129969999757],[-145.04219399982753,65.1169979999879],[-145.03206500002736,65.11706299981633],[-145.02482000012435,65.11897700011428],[-145.0221610003581,65.12018500005324],[-145.02225400024452,65.12401299994175],[-145.01087400029147,65.12452700018204],[-144.99695600004767,65.13185400013292],[-144.98920800017942,65.13250800008431],[-144.98351400000496,65.13698800009412],[-144.97245000041937,65.13606099997274],[-144.94131999995582,65.12634599986994],[-144.91583500016122,65.1257859998919],[-144.89870900015515,65.13829099985087],[-144.8775479996582,65.13626399981543],[-144.87043699964948,65.13160399993755],[-144.8493589998915,65.12387899984314],[-144.85034800010357,65.11875400009897],[-144.82589699982853,65.12070399989703],[-144.79214100010896,65.1126090000447],[-144.76159999982437,65.103557999972],[-144.75280099981978,65.09945100010042],[-144.71041000012715,65.093881999811],[-144.7079620002481,65.10560300002064],[-144.70280000035117,65.10728500010032],[-144.68488699979943,65.10614300007659],[-144.66657699958765,65.09807500012862],[-144.64436599967758,65.09650299997351],[-144.6117370002623,65.08765800008933],[-144.60328499968904,65.08490599997772],[-144.5952909997735,65.0781570000932],[-144.57917499989588,65.07957900009187],[-144.56475899970974,65.07743599982246],[-144.54005100041508,65.06805899982568],[-144.52430500043334,65.07627099984694],[-144.49766700039518,65.08169499984899],[-144.4845629995629,65.07972999997128],[-144.46706900020916,65.07219499988678],[-144.46002000012473,65.06071100004849],[-144.4567300003467,65.05915399988099],[-144.4436780002913,65.0584360000171],[-144.4322449997365,65.06860399994288],[-144.4204930002378,65.07316800004499],[-144.41295000040896,65.07271900015994],[-144.41124099959836,65.07539600005649],[-144.40462900025526,65.07599899983386],[-144.3926850002376,65.08029299982236],[-144.36707800024428,65.0825540001754],[-144.36518699985882,65.08640899983409],[-144.3575200001814,65.08536400007823],[-144.33897800016607,65.08680600009376],[-144.3360950000938,65.08949199994818],[-144.336750000395,65.09316099982827],[-144.32993599958888,65.0957169998582],[-144.32900800037453,65.09972399995502],[-144.33183600019518,65.10482399995594],[-144.33137699971257,65.10770699982342],[-144.32344899991926,65.11157199984248],[-144.31873200026126,65.11183400015814],[-144.31481099957315,65.10948199988535],[-144.2993419996008,65.11083600005988],[-144.28263099969647,65.1164859999214],[-144.27902700009912,65.1136030001819],[-144.26889599975078,65.11177800000466],[-144.24469499972102,65.11871399983217],[-144.2315909997871,65.1137339999149],[-144.2166520004425,65.11137600007073],[-144.20557899973784,65.11720700006794],[-144.2004300002597,65.11610899989218],[-144.19111999989397,65.11858099992004],[-144.1723610001436,65.11406199994926],[-144.1573569996034,65.11435000006267],[-144.1508540000402,65.11182800005284],[-144.14911699964054,65.10854700003674],[-144.14661100003516,65.10796900004443],[-144.13720299976012,65.10952300010062],[-144.12846200038018,65.1196969999164],[-144.1202130001965,65.11947100013914],[-144.09760200025335,65.11275199993781],[-144.0911819996325,65.11235900015993],[-144.085355000287,65.11407900001245],[-144.07248900000442,65.1146019998228],[-144.0672009997108,65.11936899988106],[-144.05671799990833,65.11891099998778],[-144.04551399968236,65.11556900001914],[-144.01220700039968,65.11070600002925],[-144.00397499993446,65.11111400015565],[-143.9942779999544,65.1183210001414],[-143.9824190003256,65.12012800008831],[-143.97363899968926,65.11930400002367],[-143.96597299983677,65.11458599994506],[-143.95094099970746,65.11019400010669],[-143.93283999973303,65.10886300014633],[-143.927971999564,65.10377500002879],[-143.92882299968377,65.1022030001693],[-143.91108400010762,65.10188300013967],[-143.89966700034466,65.09316099982827],[-143.88408000037157,65.09106800004994],[-143.89573599961082,65.08785399990805],[-143.8974939999269,65.08657299997968],[-143.8984220000396,65.08169499984899],[-143.90392200004527,65.07822500014487],[-143.90372899970146,65.0744880001251],[-143.92207499989823,65.06583899999735],[-143.92017500019026,65.06099099996082],[-143.9210940000821,65.05877999983049],[-143.95116599983834,65.05365299992776],[-143.95684499994422,65.04890499981549],[-143.96105899963695,65.04788699992947],[-143.98962599969542,65.0491320001413],[-143.99781600032787,65.04461099984623],[-144.0139530001219,65.04186099983193],[-144.02513800008126,65.0425140001458],[-144.0470870000505,65.03196599983477],[-144.0472970001128,65.02584499983365],[-144.0551460002634,65.0154550000715],[-144.06084600028564,65.01506199995312],[-144.07375299967777,65.0197790000935],[-144.0855469999076,65.02161399995846],[-144.10009899963788,65.0195410001115],[-144.08966900043717,65.00860700006668],[-144.0953750003072,65.00490600014025],[-144.09681600043086,65.00169599999951],[-144.09445800006517,65.00045099999777],[-144.09034499975644,65.00018799989867],[-144.08115599976452,64.99580999993739],[-144.05759199959434,64.9909650000801],[-144.04938000011887,64.98413600010787],[-144.0202890001788,64.97941899996526],[-144.01174000041942,64.9806870000787],[-143.99578500020033,64.96972200006707],[-143.9869490003858,64.96724300010679],[-143.99530999982414,64.96194400004431],[-143.99614699970024,64.95854900001927],[-144.00050199985833,64.95524199988093],[-143.99729200044624,64.95039300002244],[-143.99825499982072,64.94891599983951],[-144.00358199957407,64.94593799984342],[-144.01183300030587,64.93790500005277],[-144.03010300033466,64.93662599995123],[-144.0473899999992,64.93122800010934],[-144.05508000014115,64.92503700005882],[-144.0699309996222,64.92234100018892],[-144.07116099985865,64.9200349999118],[-144.08738100039164,64.91586499994902],[-144.08436900044796,64.91291699998912],[-144.0547670001467,64.90338199995628],[-144.05193500012808,64.9007950001417],[-144.0518039997085,64.89889499995265],[-144.05670799986257,64.8921840001728],[-144.06123999957262,64.88971999995175],[-144.06840599983292,64.8823610001475],[-144.07801199957638,64.8766840001128],[-144.07794700017737,64.8748490001406],[-144.07244299997367,64.87209699989144],[-144.0666309997984,64.86218700008573],[-144.09196800035332,64.85604499996654],[-144.09249200023496,64.85427600014458],[-144.09976499972703,64.85001700014915],[-144.10474400022417,64.84923100005577],[-144.09445800006517,64.84431699985993],[-144.08869199992068,64.8435310000981],[-144.08836399985762,64.8405170001103],[-144.0808949996486,64.83317800007787],[-144.08541600038632,64.82826399986727],[-144.08443300002207,64.82629900006599],[-144.0767110000931,64.8209980000564],[-144.08790600009823,64.81647099985298],[-144.09278099993995,64.8115029999745],[-144.10135099961568,64.81155599991506],[-144.10625099957178,64.80972199998577],[-144.10926500006357,64.8041530000144],[-144.1151430003611,64.80143899992159],[-144.12780700007897,64.79910800018199],[-144.1236789997016,64.79327700011531],[-144.11863399998057,64.791049000084],[-144.09115700041647,64.78940500012378],[-144.08456400044165,64.78449699999427],[-144.07388400009734,64.78010700011247],[-144.05377000043705,64.77912500007068],[-144.0496420000597,64.77676600007085],[-144.0352929998207,64.77722500003449],[-144.02906899991677,64.77231099992568],[-144.029788999617,64.76759299982527],[-144.05508000014115,64.76081600016067],[-144.07237699985143,64.75101699987468],[-144.08458100016006,64.75189200016335],[-144.10081300038863,64.74787199989024],[-144.1033030001005,64.74551299982284],[-144.0953750003072,64.74171300017561],[-144.09730199977935,64.73952899984468],[-144.105006000165,64.73660199995307],[-144.10585800010972,64.73247400001459],[-144.10403000037175,64.73053200000673],[-144.11640700003443,64.725136000184],[-144.11889599992136,64.72035299987238],[-144.11581700003055,64.71655299991626],[-144.11568599961097,64.7135389999665],[-144.10926500006357,64.71078700003274],[-144.0736630001644,64.70985700012857],[-144.06962600002365,64.70718400007605],[-144.06025499955854,64.7045600001494],[-144.05849600031587,64.70110800007505],[-144.0607800001634,64.69617600015897],[-144.07001900038404,64.69270399984973],[-144.0708050002065,64.68995200014396],[-144.07480200016425,64.68883800003782],[-144.0690290003471,64.68356199985952],[-144.0611590002801,64.6834420000177],[-144.05208999993877,64.67714699998567],[-144.0501969999035,64.67361499985384],[-144.02303099978573,64.67565199993429],[-143.99195200027407,64.67146599993826],[-143.94903500015167,64.67014499982328],[-143.92509100003988,64.66803899986527],[-143.91644099999823,64.66449799981632],[-143.8990709995947,64.66164400007825],[-143.88287500024944,64.66357999992731],[-143.86918899980924,64.66256700005762],[-143.85943900012578,64.65978900000455],[-143.8538660003251,64.65618400003348],[-143.84597699999154,64.65481800013771],[-143.82981199971013,64.65605499992823],[-143.81899499999676,64.6548479998137],[-143.81650500028493,64.65617700017467],[-143.80918800041187,64.65326400010532],[-143.7951730000837,64.65183999984163],[-143.7927159999838,64.65285200001631],[-143.7901879997388,64.65184200006615],[-143.7904210002656,64.65049900014372],[-143.7867170002108,64.6508749998837],[-143.78081899982183,64.64798900011142],[-143.76505799977147,64.64909000013792],[-143.75209100010485,64.64761800000649],[-143.73777700002597,64.65148700001579],[-143.72447200025059,64.65113899994383],[-143.71632000015128,64.6526389999317],[-143.7137249999591,64.65373600001394],[-143.71399199992283,64.6554399999923],[-143.70917599963232,64.65480299990274],[-143.7061400002975,64.6571269999393],[-143.69323999967975,64.65586700005694],[-143.69147300004119,64.66349000015799],[-143.68625500006775,64.66114899981092],[-143.68503200040226,64.66540699999916],[-143.68324399994898,64.66644599999682],[-143.6749169999475,64.66751100000477],[-143.67185399995017,64.6660509998821],[-143.67009700035734,64.66753699981336],[-143.6472129997044,64.66950600009369],[-143.6451570003608,64.67591199993417],[-143.64174600020894,64.6800339999945],[-143.64594499983306,64.684993000118],[-143.64031299958287,64.6880030001138],[-143.63836799966904,64.69269000015701],[-143.62591900003633,64.69589800016219],[-143.62648499975077,64.69774299991904],[-143.62274499971093,64.70056800012648],[-143.62433200032282,64.70337300015404],[-143.61479600000126,64.7065589998433],[-143.61923700037303,64.70993699988249],[-143.61870400027055,64.71202099993582],[-143.6138550003681,64.71355200006421],[-143.6083870001494,64.71775400009864],[-143.60825699955475,64.72063299989257],[-143.59614699985573,64.72961400004179],[-143.56334000016525,64.73741000017694],[-143.53893999994386,64.74533000019157],[-143.53429100005792,64.74954600004222],[-143.5224180001854,64.74932999987884],[-143.506329000072,64.75406799990776],[-143.50564500035676,64.75538300015742],[-143.50964399996434,64.75718500004362],[-143.50939200006928,64.75869799985864],[-143.49331100035175,64.76584799986509],[-143.49330899980362,64.76741899997673],[-143.49877399964925,64.77078400000083],[-143.5227989999519,64.77257699997982],[-143.53374799990974,64.7787549999343],[-143.53442699960206,64.78069999992326],[-143.53310799967713,64.78186099998618],[-143.51973500012969,64.78394200006079],[-143.51535400003237,64.78910700017254],[-143.5279369995594,64.79442400008384],[-143.52982600029503,64.79728300000309],[-143.52961399968459,64.80130899983754],[-143.5211229996516,64.80352799997104],[-143.50701299978718,64.80401800016426],[-143.4923499997288,64.80011699994515],[-143.4789710003336,64.80052899993815],[-143.4574080001537,64.80981199990626],[-143.45626499995583,64.81184199982964],[-143.44980900024837,64.8138339999919],[-143.44105700009945,64.81328699988154],[-143.43894399995614,64.8160239998301],[-143.43467900020977,64.8177909999648],[-143.43681499991928,64.82020699996781],[-143.43329099978953,64.82202499984649],[-143.43382899991488,64.82308400011983],[-143.44109399990938,64.82510199993408],[-143.43898699961383,64.82953599989735],[-143.44696700018397,64.82965600012881],[-143.4631049998029,64.83504599981119],[-143.47339500015988,64.83939999995363],[-143.4743690003033,64.84195999983643],[-143.48240500005164,64.84584899991596],[-143.49649300017478,64.84328700011746],[-143.50267900044383,64.84946799999304],[-143.50364299964323,64.8582510000565],[-143.49748300021173,64.86350799990579],[-143.4997899996255,64.86925099986017],[-143.49365500030834,64.87482200003483],[-143.4943420003966,64.87744999984267],[-143.4890699999965,64.88438899981628],[-143.49002300022357,64.89147500002477],[-143.48692400024126,64.89715199998865],[-143.48822800009756,64.90244099996751],[-143.4775000000727,64.9109170001301],[-143.47745499986684,64.91399699988642],[-143.4745159997181,64.91722200017367],[-143.48682899980668,64.92408399994414],[-143.48691699967023,64.92823000011951],[-143.49186000018236,64.93040999990058],[-143.49427499955115,64.9340780001702],[-143.50487100022985,64.93647699991149],[-143.5025570002451,64.94185800004665],[-143.49198700040395,64.94533500010151],[-143.49185900035744,64.94794499987664],[-143.49436599978773,64.95098299994523],[-143.50654099978408,64.95593200012495],[-143.52251899956943,64.95553699995426],[-143.52662900040343,64.9582329999081],[-143.52517200038622,64.96008000002561],[-143.5155749999653,64.96369899981737],[-143.4971209998135,64.9646370001361],[-143.48741999963548,64.96718800005615],[-143.47198699964818,64.97517499982177],[-143.46950799980695,64.9788609998639],[-143.46966699981564,64.98218900012995],[-143.4665450002671,64.98374899995866],[-143.4486719998983,64.9814670000983],[-143.43700400006517,64.98209699981112],[-143.42168200040595,64.97845000016272],[-143.40140600036395,64.9807259998602],[-143.39466900044903,64.98504499991196],[-143.3927859995612,64.99054300002388],[-143.39684799981632,64.99280300012629],[-143.4123860002839,64.9955059999866],[-143.41203700030445,64.998214000083],[-143.4021849996154,64.99931600014871],[-143.3644779999688,64.99699599988664],[-143.35806400009412,64.99920200001097],[-143.3611870003659,65.00260900017722],[-143.37205500013283,65.00790400006144],[-143.37392899990155,65.01227400011665],[-143.37313899988112,65.01844499996413],[-143.3677929998612,65.0201639999231],[-143.35604999968498,65.0201609999607],[-143.35374800029413,65.02181899987109],[-143.35045400031814,65.02075200008534],[-143.34717200003772,65.02231199989652],[-143.34752000019225,65.02456900018257],[-143.3613499996742,65.03471999999513],[-143.37411100037474,65.03439200012117],[-143.37469600035575,65.03595399995348],[-143.36931400035078,65.03899299982241],[-143.35603700016455,65.04360200004903],[-143.34862599968187,65.0439069999137],[-143.32874399982515,65.03598500016336],[-143.31245200022045,65.03504400001232],[-143.29023799993732,65.03959700018125],[-143.27392399969298,65.0471349999747],[-143.2604769996274,65.04997899993805],[-143.246699000024,65.05068900009701],[-143.24209199997082,65.05251799982416],[-143.2407510003046,65.05781599984657],[-143.23347999956403,65.06163200018507],[-143.23244000019665,65.0669890001011],[-143.2274940002098,65.0683830000278],[-143.22075399992187,65.07325900011845],[-143.21237699969166,65.07639899987137],[-143.19564300022108,65.07394300001964],[-143.19058599990612,65.07584000012588],[-143.18938199960894,65.07931400010293],[-143.19120699987215,65.08519399998903],[-143.18884699985665,65.08730200010093],[-143.1769160002578,65.08898399996848],[-143.17391400035987,65.0868910000449],[-143.17294500023928,65.08049600012339],[-143.17062700005656,65.07763899995514],[-143.1648509998663,65.07621399995743],[-143.15736099974092,65.07751600000549],[-143.15343400010335,65.08052600003658],[-143.15197799991105,65.08463199994378],[-143.1359080000642,65.09416199987699],[-143.13725700012634,65.09797500002239],[-143.13514700035608,65.10139899999731],[-143.127058000006,65.09906299988312],[-143.12718199985457,65.09315500004814],[-143.12457499996682,65.09036399994953],[-143.1199749995864,65.08873299994717],[-143.11389799999557,65.0891330001245],[-143.11012299979566,65.09226500002107],[-143.11225400038063,65.10034099990139],[-143.11459299958145,65.10351300007663],[-143.11409800001212,65.1066609998868],[-143.1093520000418,65.10886499990053],[-143.0985090003892,65.1075090000563],[-143.09799700020312,65.10858499995186],[-143.10095100042048,65.11011399983056],[-143.0997429999253,65.1174820000761],[-143.08986299964715,65.12082499983862],[-143.08181600002817,65.12093700007746],[-143.06736800005496,65.11353399988975],[-143.0503879996388,65.11188199981777],[-143.04468400031686,65.11334300008643],[-143.04462800024038,65.11648500014195],[-143.04099000030777,65.119614000153],[-143.0521929998105,65.12561799997694],[-143.0511719998114,65.12978000008819],[-143.04170400016022,65.13279899990347],[-143.0299159997782,65.1328340001446],[-143.0282770001861,65.13090799998712],[-143.02953800038472,65.12592699994514],[-143.0224609998129,65.12507999990169],[-143.0137649997405,65.12846400016858],[-143.00948099972754,65.13298299987785],[-142.99395099965582,65.13683499996091],[-142.9885250001683,65.13414199988998],[-142.99933199983587,65.12702400013116],[-143.00043800022377,65.12386800003625],[-142.99502299970857,65.12130099995521],[-142.98500100003852,65.12093100013736],[-142.9709039996946,65.12595500005688],[-142.95942599983226,65.13622199988414],[-142.93300299987925,65.14643000003532],[-142.9159649997367,65.1462079999113],[-142.90659300034503,65.14877799998004],[-142.86523399962383,65.14031299989674],[-142.8470890001668,65.14556399988521],[-142.84719000044913,65.14700800001076],[-142.84362600013642,65.14943899988126],[-142.8506450000836,65.15375099986724],[-142.84445100031695,65.15735800018714],[-142.84316599982887,65.16220000013065],[-142.84036899997037,65.1649350001758],[-142.82604800021875,65.16743500009463],[-142.81766500014078,65.17375700002657],[-142.80659300015932,65.17577500005414],[-142.80507400021784,65.17761500008291],[-142.80938499999496,65.18164700011832],[-142.79709700002073,65.18342800000542],[-142.7953760004129,65.18451699992028],[-142.79556300001065,65.18727899984722],[-142.78577700034214,65.19072600001958],[-142.7811150000374,65.19480200007911],[-142.76272000033515,65.19709200009869],[-142.76449399964642,65.19901899996104],[-142.7733970003064,65.2001709998427],[-142.77580199962944,65.20369200011523],[-142.76766999962163,65.20626999992962],[-142.7691879997382,65.20882799999444],[-142.76037000036536,65.21125599990715],[-142.76234200004336,65.21503400004858],[-142.75125900019123,65.21607400005777],[-142.7489610001,65.21754600015639],[-142.7501700004201,65.21998200009864],[-142.76697400021084,65.22499999992898],[-142.7641699997813,65.22786100000309],[-142.75364900034398,65.22729300006209],[-142.74276499978518,65.23030900011358],[-142.74254399985224,65.23150500004867],[-142.7468639998502,65.23340299991582],[-142.75309600015004,65.23477499990327],[-142.75442299957257,65.2367080000362],[-142.75330000036453,65.23785200017444],[-142.74355300015577,65.23771399992539],[-142.73489800009125,65.2336670001868],[-142.7313050003645,65.23370799994959],[-142.7285949996463,65.23564800001965],[-142.73359900025778,65.23981099989746],[-142.73408200013156,65.24207199996786],[-142.72776699999105,65.2479170000988],[-142.72650499996752,65.25098100012588],[-142.7298170003852,65.25847099993572],[-142.73317900013322,65.26090899998182],[-142.74174200013624,65.26049600002258],[-142.74534099971078,65.26210800012346],[-142.73380599994704,65.268721000053],[-142.73551900005728,65.27126600012193],[-142.73420299960708,65.27742400008464],[-142.7235659998188,65.2783950001752],[-142.7224760002227,65.27987499996466],[-142.73693699971642,65.28328700009457],[-142.73405600019228,65.28500400018649],[-142.72657000026487,65.2838719999265],[-142.72503899972952,65.2854900001162],[-142.72575199975705,65.28685999984837],[-142.732339999709,65.2880789998347],[-142.7341690001702,65.29017800008272],[-142.74248600012592,65.29033999993644],[-142.7358589998159,65.2943009999964],[-142.73425799985867,65.2969310000169],[-142.74286799971736,65.30257800013096],[-142.7399849996451,65.30429400016904],[-142.72909199976377,65.30407199990944],[-142.72480600010098,65.30715199998842],[-142.72956999961468,65.30816399981302],[-142.7437649998679,65.30621700010853],[-142.75175200011074,65.30783900005774],[-142.76060600036692,65.30710199986736],[-142.76223099971529,65.308511999834],[-142.7542510000434,65.31257199996496],[-142.7614640001594,65.3157930000708],[-142.76652399994907,65.31483900014702],[-142.7675039999403,65.31203600003933],[-142.77131199975216,65.31054699996535],[-142.7781120003146,65.31055800009257],[-142.78273799973599,65.31317299989043],[-142.75401300039206,65.3217969998294],[-142.72603299996445,65.3241059998674],[-142.71117400008745,65.32804500014488],[-142.7111699998895,65.33074499987877],[-142.70017999992382,65.33215699984574],[-142.68638300005384,65.33630999983833],[-142.67699800024334,65.34343900005814],[-142.67351000009862,65.35454000014646],[-142.67073300033155,65.35801800016878],[-142.67186700030857,65.36066099984308],[-142.66718400008745,65.36513500011911],[-142.66377200011067,65.37187599981854],[-142.6598889999557,65.37400999998518],[-142.626503000132,65.38650599994165],[-142.60023199961662,65.39091600006],[-142.57472699973056,65.38804500000866],[-142.5274179996402,65.37322199984668],[-142.50731499985054,65.3757230000387],[-142.49420099987088,65.37269999989074],[-142.48383699989407,65.37215100018074],[-142.4604369997554,65.3779010000775],[-142.45388599961333,65.38198500005744],[-142.4419719997329,65.38504200009095],[-142.44659800005263,65.38971600005927],[-142.44513900038558,65.3926169999713],[-142.4339469998552,65.39061500013051],[-142.43191400007785,65.39213400012207],[-142.43296100001623,65.39495500007563],[-142.4316939999698,65.3967209998192],[-142.418513000043,65.40131600005988],[-142.4317190000842,65.40319200013012],[-142.4284119996894,65.40635099984921],[-142.42009599955858,65.40583099984978],[-142.4129019997092,65.4097020000733],[-142.39686799984736,65.41167100002563],[-142.37607100029678,65.41186099986673],[-142.37412899985767,65.41508199996224],[-142.36396999992027,65.4169330000875],[-142.350544999596,65.42276999987645],[-142.35039200033341,65.42566099983519],[-142.348208000045,65.42718800009455],[-142.32844199964092,65.42717400004113],[-142.32775100025302,65.42843699986243],[-142.3305930003174,65.43092400016994],[-142.32962699967158,65.43269199991892],[-142.31117599989278,65.43794099983056],[-142.30708100002573,65.44063299991917],[-142.29667100001816,65.44070399988045],[-142.2762219997238,65.44546399983267],[-142.26326699975277,65.44607500002166],[-142.26134699995333,65.44696999998459],[-142.2610270002862,65.4497369998582],[-142.25775099985353,65.4507060001177],[-142.23342099995233,65.4503409999668],[-142.21886599984902,65.45234300001842],[-142.217844000025,65.45310500014722],[-142.2216660000806,65.45407999996883],[-142.2222150000766,65.45614799983991],[-142.20794299983046,65.46109899991119],[-142.1948869995771,65.45969499992762],[-142.17618399990326,65.46034400006978],[-142.1749269999026,65.46261500015503],[-142.18439799992683,65.46492899984877],[-142.18002600005033,65.46848000015584],[-142.16758800028828,65.46744600000825],[-142.16213699978803,65.46378200017594],[-142.14971900011744,65.46657799986863],[-142.14475399986404,65.46359999985003],[-142.13839699989072,65.46333399985039],[-142.13375600040072,65.46431099997955],[-142.13478999992032,65.46725599987616],[-142.1337759995939,65.46826799998249],[-142.11986900011905,65.47170099997678],[-142.10909900026138,65.46719499988652],[-142.10492800022632,65.4614459998657],[-142.09989400037594,65.46028900006249],[-142.09525999966033,65.46145400008992],[-142.09131299993123,65.46462299996772],[-142.07726499999112,65.461017000115],[-142.06596299985586,65.46543100014952],[-142.05816499975893,65.45939300005249],[-142.04313400035284,65.45748800005038],[-142.04570199988248,65.45370100016929],[-142.0435329996627,65.45233400017672],[-142.0385280001246,65.45180299993181],[-142.03093300041724,65.45449299981861],[-142.02303900006078,65.45347900001184],[-142.02218399974305,65.45090900012974],[-142.0281170002921,65.44816799999901],[-142.02638699956515,65.44642099988535],[-142.0177449999194,65.44547499995481],[-142.0108959998515,65.44796999991975],[-142.00666000041744,65.44774700004855],[-141.9918810000081,65.4402450000008],[-141.96403399964987,65.44645400015129],[-141.939035999927,65.44403600011336],[-141.9268569997327,65.44543000010466],[-141.92147499972774,65.45124199989428],[-141.9095499999767,65.45571100003468],[-141.91290199967898,65.4609039998701],[-141.90590199999838,65.46377200003923],[-141.89625400042215,65.46439500009859],[-141.88579300036096,65.46109599997324],[-141.8888239996729,65.45470299988611],[-141.8969349997643,65.4490019998168],[-141.8989759999376,65.4468549998551],[-141.89832499983433,65.44547700011226],[-141.88475700029323,65.44160000001548],[-141.86355800016142,65.44417200002954],[-141.85114899981332,65.44788500006902],[-141.85059800016757,65.4495209999554],[-141.85390700021213,65.45377299990665],[-141.8466489998903,65.45814800011674],[-141.83841899997324,65.46058100017599],[-141.8231829996294,65.4612299999758],[-141.81677999962537,65.46421599988841],[-141.8163310000868,65.46918100009391],[-141.81499299989528,65.46987899983795],[-141.79171300030555,65.47458699989525],[-141.79024399969447,65.47597699993212],[-141.78980000017876,65.48131800016614],[-141.79457799993614,65.49429399984983],[-141.7923209998528,65.49964499982708],[-141.7863610004378,65.50269100015487],[-141.7658810001813,65.50599900006047],[-141.75637499999698,65.5017130000127],[-141.74760500030473,65.50188200011628],[-141.732624000229,65.50716799987069],[-141.73358999997654,65.50923600005315],[-141.73757400041384,65.51097599985538],[-141.73670099965443,65.51223599987983],[-141.69350999989564,65.5215469999417],[-141.68333699971456,65.52046199995826],[-141.66853899993697,65.51606899992896],[-141.66205800011508,65.51716499997845],[-141.66227200037534,65.51855900008871],[-141.65824699993016,65.52214299988219],[-141.65210099984407,65.52461900014711],[-141.63350600012524,65.5196110000219],[-141.6247530001514,65.52077799994241],[-141.6232590003243,65.52159999998655],[-141.6269130001504,65.52874500009251],[-141.62631800012366,65.53553100014013],[-141.63670200019195,65.53894200015384],[-141.63674400002475,65.54063799992903],[-141.63316299999357,65.5429140000019],[-141.61651599966333,65.54291799992511],[-141.61145300039894,65.54015500016617],[-141.60642899969594,65.54013400010278],[-141.604636999943,65.54127199994353],[-141.60760500040408,65.54509099992471],[-141.60176800011445,65.54825499990028],[-141.58839100036903,65.54648600000817],[-141.5679579999682,65.5476940001162],[-141.56224100022752,65.54966200015036],[-141.55777899993933,65.55363500016854],[-141.5573139996089,65.56023199998583],[-141.55208700031298,65.56401900004339],[-141.55399700006672,65.56828300016626],[-141.55163299985324,65.57124400006079],[-141.54607900031914,65.57402699982964],[-141.52995900024357,65.57213699992836],[-141.52652899982516,65.56756399999878],[-141.52209500002436,65.56575799996169],[-141.51364300034942,65.56785899999902],[-141.512304000333,65.57017399997503],[-141.5136569996948,65.5731799999591],[-141.5101159998466,65.57365000006655],[-141.50710499972786,65.57813300005405],[-141.50665500036436,65.57988000009253],[-141.50968800022446,65.58275799991087],[-141.50689499966555,65.58741500001034],[-141.49820799981396,65.58555999999308],[-141.49518699964946,65.58632299997215],[-141.50149199974422,65.59057299999728],[-141.49927499984383,65.59372100012577],[-141.486823999663,65.59363599986544],[-141.46835000031797,65.5879159999192],[-141.4586249998505,65.58731699996147],[-141.4402810002019,65.5975459999711],[-141.42381799999464,65.60299400003294],[-141.41873499974042,65.60797000001067],[-141.38904600029883,65.61363800015872],[-141.38471100023227,65.61842200014232],[-141.38401599974807,65.6228209999974],[-141.38133000021764,65.62621900003504],[-141.39019100014647,65.62921099987362],[-141.3994770002228,65.63000300015717],[-141.4054550000794,65.63312799991792],[-141.40534399975132,65.63576600018288],[-141.38459800025436,65.64166100007552],[-141.3841019999618,65.64919800015105],[-141.3651280001263,65.6523849998996],[-141.36682699999284,65.65414000017915],[-141.3665659998769,65.65721800006425],[-141.36307899955708,65.65816800005882],[-141.36189100005174,65.66030700003219],[-141.35536800039708,65.66189099990032],[-141.35130299976893,65.66522999984635],[-141.35258999990683,65.67031399993036],[-141.35140400005125,65.67270400012755],[-141.33962999991292,65.68064400010549],[-141.3468880002347,65.6880380001107],[-141.34769900017156,65.69167900000133],[-141.3444229997389,65.69746500012113],[-141.34388999963642,65.703180999846],[-141.33813600008583,65.7062709998402],[-141.33622399978395,65.7116139999588],[-141.33333300021408,65.71218499987211],[-141.3258299996699,65.70981499988066],[-141.31906099996797,65.71736600014376],[-141.30826699982086,65.72052799983655],[-141.30402200016596,65.72273500016006],[-141.30373599993567,65.72436800004013],[-141.28352199981796,65.73169200016186],[-141.2833839997257,65.73307400007641],[-141.28707600008494,65.73564199986244],[-141.27762900035017,65.73729300011172],[-141.27505800044744,65.73949600011822],[-141.26422400011734,65.74014300016042],[-141.26395200013081,65.74340899983184],[-141.2554679997705,65.75020600005205],[-141.25564799969553,65.75296899993202],[-141.2445070001171,65.75399200006328],[-141.24646899974937,65.75948500016516],[-141.23583600015905,65.75802500005507],[-141.23112199997578,65.76048200013399],[-141.2345099996631,65.76336600012337],[-141.23437099974592,65.7649359998655],[-141.21834899957963,65.7678490001236],[-141.23089299964693,65.76908600011919],[-141.23228400044022,65.77071699991308],[-141.22633800037065,65.77254699988178],[-141.21640000036618,65.7724359999186],[-141.21076399991802,65.77489299981616],[-141.20341000023507,65.77289399996903],[-141.19424299998445,65.77365899988563],[-141.18876399989512,65.77699499999294],[-141.18005799977695,65.77819799984324],[-141.17641900001948,65.78119000015494],[-141.1670979997831,65.78392800005638],[-141.1684879998531,65.78599899984862],[-141.16354699988915,65.79068300006388],[-141.15032999997732,65.7933660001773],[-141.15355700000615,65.79574900004411],[-141.15127700035657,65.79838900002571],[-141.126802999617,65.80042100004611],[-141.12926100044015,65.80236599988956],[-141.13845399973172,65.8041790000308],[-141.1403030002844,65.8064389999167],[-141.12638500004059,65.80877399997506],[-141.1205970001548,65.81505899993634],[-141.10988000000057,65.81550699993623],[-141.1108059995651,65.81713899989927],[-141.1164779999983,65.81845400014157],[-141.1117420000737,65.82109500015237],[-141.092445000198,65.82123399992399],[-141.09260699968138,65.82374600010068],[-141.0992020002044,65.82587700017147],[-141.09798100018875,65.82725899997214],[-141.08587300013954,65.82557100001435],[-141.08082400022056,65.82726899997955],[-141.0748429999909,65.82538799987216],[-141.06666099975436,65.82808699992397],[-141.05523999979343,65.82728099998332],[-141.05279100008946,65.8280980001295],[-141.05294900027323,65.83073600008176],[-141.04789699998116,65.83306100005387],[-141.02951499979935,65.83783899990623],[-141.00132500020774,65.83943299994523],[-141.00090099988523,68.49836000013657],[-142.23292200018506,68.50000700003844],[-145.99999999983882,68.4999999998736],[-145.99999999983882,68.00000000008437],[-155.31874399972318,68.0000319999303],[-155.3187229998068,67.86179300008368],[-155.3690120000538,67.86179200008685],[-155.368998999635,67.77521599994643],[-155.14283700032482,67.77522100014683],[-155.14282499973092,67.68864299985815],[-154.91666099987262,67.68864800012751],[-154.91664900017702,67.6020700000334],[-154.69048899961834,67.60207499988245],[-154.69047699992274,67.515496000028],[-154.7489390001855,67.51549499996588],[-154.74890400002536,67.25575300016756],[-154.303109999834,67.25575899986386],[-154.30309700031353,67.16917700017135],[-154.14631399964014,67.16917799983172],[-154.14622099975375,66.82284299997734],[-154.21031699991647,66.82284200012428],[-154.21030199984784,66.73625499997597],[-154.8604459996475,66.73624200001152],[-154.8604309995789,66.56306399993142],[-155.51058500032264,66.5630510000914],[-155.51058100012466,66.47645900002959],[-155.555001000295,66.47645800005921],[-155.55499299989907,66.30327400008233],[-155.98249899961996,66.30326800014352],[-155.98250399964286,66.38986000004213],[-156.1962570004016,66.38985700015184],[-156.19622399989134,66.47658200002623],[-156.6237699997952,66.47644200016889],[-156.6237570002747,66.30325900005211],[-157.0512660003687,66.30325400016038],[-157.05128399991202,66.47643799992582],[-157.90630999959754,66.47642399996633],[-157.9062950004272,66.13004900017036],[-158.97218500005317,66.13002699992386],[-158.9721750000074,65.95684899993161],[-159.60481299985943,65.95682999999003],[-159.6047950003161,65.78363599996572],[-159.5936349995727,65.78363599996572],[-159.59350599970134,65.52383500009576],[-159.3855780004349,65.52383500009576],[-159.38548300000033,65.43723600000348],[-159.37744300005406,65.43723199992274],[-159.37736500023624,65.26403300008212],[-159.58273599984363,65.26402599990739],[-159.58271499992722,65.09091199986496],[-159.57219500031482,65.09079099992596],[-159.5721729996752,64.91759700004981],[-159.77492100039964,64.91756500014925],[-159.77489700011017,64.74438200015508],[-159.96228999976682,64.7443769999766],[-159.96225499960673,64.39792699994396],[-159.94732499958468,64.39792500004806],[-159.94728799977474,64.05145900016076],[-159.73747499997063,64.05145900016076],[-159.7374509996812,63.79159099981369],[-159.9327310000216,63.791588999898956],[-159.9327390004175,63.70497300017038],[-160.111497999926,63.704972000127725],[-160.11152200021542,63.61835100003508],[-160.49738100023336,63.618342999972135],[-160.49737500038557,63.53171299983606],[-160.6902939999872,63.5316890001713],[-160.69026300002506,63.358485000159796],[-160.66736699967655,63.35845899992401],[-160.66736099982876,63.27184499985778],[-160.85800399997876,63.27183800013357],[-160.85799599958284,62.99927100019151],[-160.94343999984028,62.99926900015983],[-160.94343700036558,62.89893899997516],[-160.99621499960122,62.89893599985297],[-160.99620100025584,62.55242399984805],[-161.0481759999506,62.55240999983895],[-161.04816500007993,62.205868999949494],[-160.91596400010116,62.20586599992471],[-160.9159530002305,61.94594300005551],[-159.2650369998933,61.94595699982581],[-159.2650350002435,62.03259800015361],[-158.53135100009234,62.03261999992065],[-158.53136100013805,62.119263999891636],[-157.0638639999643,62.119271000129864],[-157.06385200026875,62.03263399995559],[-153.76187499982944,62.032688999910164],[-153.76187099963153,62.1193349998925],[-153.3950089999136,62.119346999911734],[-153.3950089999136,62.20599000014219],[-153.07012299978663,62.20601500009734],[-153.0701200003119,62.29264399985274],[-153.00167200036415,62.29262199997098],[-153.00188099970322,62.72583099998171],[-152.99960899955124,62.72583099998171],[-152.4280840002306,63.183171000004215],[-152.42809799957595,63.30425899988268],[-152.61951200037817,63.30425400004771],[-152.619517000401,63.347567999933275],[-152.81093100030486,63.34756299995911],[-152.81094499965025,63.477501000108745],[-152.87339200017513,63.4775000000618],[-152.87340999971852,63.65074500018286],[-152.2284389996864,63.6507600000397],[-152.22925600036933,63.82400100015719],[-152.05513199960475,63.82400599994304],[-152.05575799959362,63.99724200002417],[-151.83053500026682,63.99724800009008],[-151.840435999563,64.01180300017562],[-151.85973400016192,64.01890100016298],[-151.82687600041783,64.04055599993065],[-151.7939759999426,64.06943000019024],[-151.77606800031205,64.07317100000967],[-151.74142399976444,64.07271799992259],[-151.72975799958115,64.06943099990903],[-151.56490300007272,64.06943600007371],[-151.56490100042294,64.05500000007163],[-151.54048899960765,64.05044800018558],[-151.48965999958548,64.0446089999642],[-151.51633299978377,64.02063100018779],[-151.43299400017202,64.00780600006408],[-151.40762499983006,63.997261000162865],[-151.2819950000848,63.99726499994167],[-150.72938500015013,64.35817299982102],[-149.1326529999105,64.35821399986634],[-149.13259900038216,64.34377799990513],[-148.04669599958166,64.34380200007264],[-148.06518300024374,64.34890500009281],[-148.06978000025114,64.35516500012774],[-148.07961100012548,64.3544559999911],[-148.08400100044364,64.35882100011843],[-148.09576800001096,64.35898099993395],[-148.10855399992758,64.36220999985939],[-148.10786799966425,64.37203399996125],[-148.10455699996982,64.37761200001663],[-148.12137199963124,64.37935999991964],[-148.11614600016023,64.38354499981119],[-148.12220000018482,64.38634699993727],[-148.13036300015474,64.38696199982691],[-148.13303100014187,64.3903290000618],[-148.14346299989072,64.39070500003035],[-148.14595900034868,64.39692700003397],[-148.15280599986843,64.39933700016611],[-148.16947999996287,64.39852599987076],[-148.17611099957253,64.40092400014392],[-148.1738600002353,64.40662599989416],[-148.17575200044567,64.41010000012136],[-148.19097299982258,64.41181199980925],[-148.18642400039406,64.41633099996456],[-148.18896400033464,64.4197820000945],[-148.19761199982815,64.42179100016322],[-148.1984749996435,64.4261270000014],[-148.207458999596,64.42562599985943],[-148.21548799967167,64.43232599997232],[-148.2237059998932,64.43533200006264],[-148.21871800007358,64.44343600016914],[-148.21095000011383,64.44883800019133],[-148.2191309996271,64.45151999993196],[-148.21535200012752,64.45578400005482],[-148.22805100000554,64.45574099992953],[-148.2230010002616,64.46029099996865],[-148.23753500044856,64.46368600013713],[-148.23169300013606,64.46929000010964],[-148.24162000026985,64.47493199990201],[-148.239671999983,64.47873200014386],[-148.24894800001354,64.48192299988176],[-148.2408629998614,64.48485500000612],[-148.26578799978935,64.488366999928],[-148.27085699979983,64.49176900013512],[-148.29808200036715,64.48739600005626],[-148.2996570003851,64.4920560000323],[-148.30439800033255,64.49712100008482],[-148.3199950003514,64.49946900015243],[-148.3179890003382,64.50492600008872],[-148.32624699984441,64.50559599993802],[-148.32696099969684,64.51218599985822],[-148.3342149998207,64.51400499991969],[-148.33913599969316,64.51705700003839],[-148.35076300041672,64.51625899990663],[-148.35077099991432,64.52201799982552],[-148.3622289996852,64.52252000014855],[-148.37087299987905,64.5259279999551],[-148.3790490002678,64.52236099994198],[-148.3854220001346,64.52763200007118],[-148.40311700022818,64.53129699983435],[-148.39334300025524,64.53460199997129],[-148.40423799978637,64.53771100018757],[-148.4131249996545,64.54376700014487],[-148.41730999993325,64.54803399986685],[-148.42073799980355,64.55628400017616],[-148.42010599996686,64.56143799999907],[-148.44463599988458,64.56631100015275],[-148.4346760001388,64.5717929998326],[-148.42491800005942,64.57485400004009],[-148.4447430000147,64.58132399981494],[-148.45752399990846,64.58976400016337],[-148.46577499974194,64.58965199991236],[-148.48173699963377,64.5964830000251],[-148.51698399970573,64.60357499990249],[-148.52120400014456,64.60714299999896],[-148.53146099999128,64.60789499988294],[-148.54137999972914,64.61140000012092],[-148.55074199997344,64.61720800001768],[-148.56016799979182,64.61676799984707],[-148.57777800039486,64.61032400008749],[-148.5959599996618,64.61626800005834],[-148.60683400017487,64.61310799991068],[-148.62114099968278,64.6072260000588],[-148.63469599970344,64.59796700014851],[-148.6282600000874,64.59270400004615],[-148.6356310003871,64.58753900011456],[-148.64820700024143,64.58537099987129],[-148.65567899992516,64.58821599998305],[-148.65960800011086,64.58808100018199],[-148.66326500031002,64.5907899999085],[-148.64820800006635,64.59733400009954],[-148.6482409996783,64.86344700000036],[-148.66116100038755,64.86344700000036],[-148.66119900002235,65.20987500010392],[-147.9789010002853,65.20989199987908]]]}},{"type":"Feature","id":"AK|Aleutians East","properties":{"state":"AK","county":"Aleutians East"},"geometry":{"type":"MultiPolygon","coordinates":[[[[-165.03616299967933,54.576598000056386],[-165.0367719999498,54.56188900014338],[-165.03112600035422,54.553100000035336],[-165.02697500041066,54.520772999855794],[-165.01604900001905,54.50137100018524],[-165.00826699981562,54.491375999793796],[-164.9956299998619,54.457308999931065],[-164.98281299998314,54.44462099982892],[-164.97257700005287,54.44089499987788],[-164.96190699975432,54.4266620002103],[-164.9248880000209,54.39165699993308],[-164.9012970000865,54.37465100012059],[-164.87129700030027,54.364044999869655],[-164.85832700026066,54.36211599995659],[-164.80537800042248,54.34553699999809],[-164.7764459995927,54.33908400022073],[-164.7406169999128,54.33726100018723],[-164.72368000005264,54.33900100003011],[-164.70596900006558,54.34419700016882],[-164.69648799999558,54.34119899996805],[-164.6633440000212,54.337537999765544],[-164.6171089996334,54.33887399976743],[-164.58152400035095,54.345444000075624],[-164.56449600025417,54.352004999867695],[-164.502206999913,54.36322199975988],[-164.49277699989668,54.366067999924844],[-164.4870629996307,54.36960199983316],[-164.45722400040128,54.36400100016846],[-164.41498699979613,54.3688229999424],[-164.39512000000806,54.37853600013948],[-164.38608699965175,54.38473099991282],[-164.34687299975923,54.39656499996961],[-164.3162939998398,54.41142699977005],[-164.2766840001122,54.437206999786],[-164.2580700001268,54.45625700011666],[-164.25001299956375,54.46793000018661],[-164.2491589999692,54.47801599986688],[-164.236618000275,54.49991300025061],[-164.23988299993866,54.51026600004928],[-164.2395680002944,54.51370399978788],[-164.22786000027827,54.523663999869825],[-164.20512600031148,54.53251400016488],[-164.15175200032587,54.54909300024995],[-164.1226710004315,54.55611899985198],[-164.05617500007025,54.56364899989238],[-164.0318540003899,54.56494599983134],[-164.0017769997125,54.563603000178624],[-163.98558999968978,54.566791999943],[-163.95293699998507,54.568440000092345],[-163.75787199972987,54.57202900012794],[-163.7127970001566,54.57019100009645],[-163.67333700021683,54.5622559998402],[-163.62990999955818,54.54946300001189],[-163.5935629998444,54.54113999992575],[-163.56405299960463,54.53959199986056],[-163.5520590002566,54.54134600017115],[-163.52618000027672,54.55166199975929],[-163.51601799996627,54.5606650001566],[-163.50402600026803,54.574932000130886],[-163.5010810002715,54.58201100024074],[-163.46621400014115,54.58687299994644],[-163.4538550000218,54.5911380001324],[-163.43588200009393,54.60281299991063],[-163.42782399970594,54.60040099984107],[-163.41393800014754,54.60037799991228],[-163.34719699956392,54.60668100022833],[-163.30611899994844,54.60793999989065],[-163.22509599997133,54.61728700014383],[-163.19338700027282,54.61422000004579],[-163.1407749998202,54.61332000006237],[-163.126182000082,54.615815999971176],[-163.10976900010348,54.611314000097835],[-163.05914099992276,54.606203000193844],[-163.02563299990032,54.61115500007939],[-162.99978599970748,54.623531000114184],[-162.98602300017274,54.63768999997387],[-162.96991200031798,54.65058300003618],[-162.9547760004316,54.6598150000979],[-162.95188699961324,54.666017000222574],[-162.9620410004261,54.682061000211554],[-162.9644230001829,54.696176000208126],[-162.9686059999135,54.70870199976962],[-162.98432400030615,54.72305999992977],[-163.012219000345,54.73909599979442],[-163.02824300016113,54.75722200020041],[-163.04777500021342,54.76958200003773],[-163.05779900043166,54.773411999896254],[-163.07084700028904,54.78873900009214],[-163.09190400013065,54.799497999935234],[-163.10493500026965,54.80938499982094],[-163.115310999942,54.81321500016653],[-163.12223799982772,54.81401600017813],[-163.12719899988318,54.81271300003176],[-163.13481100020732,54.818815999778614],[-163.14173800009297,54.82025100014595],[-163.13729800044442,54.82981499980687],[-163.1320029995798,54.83013199998103],[-163.12052899991542,54.8355030002314],[-163.1100920001437,54.84619199978544],[-163.09703099986746,54.84687100008366],[-163.0793919998504,54.85383800019892],[-163.06895599990358,54.861719000056084],[-163.0628829996124,54.86960100016242],[-163.06319999980482,54.87951800018263],[-162.96780099982448,54.88251600021723],[-162.93074000025825,54.859107999815116],[-162.90891799961233,54.84895299991649],[-162.89390300009973,54.844237999899086],[-162.84681300029246,54.84842700019839],[-162.82206300026672,54.856589999874096],[-162.80424199977648,54.8663719998688],[-162.79145500003497,54.87834299985495],[-162.790797000259,54.888816000112215],[-162.78333899992066,54.8878039998971],[-162.76188500041906,54.88974199996153],[-162.7325879997163,54.89576300008573],[-162.71732899980626,54.901997000126926],[-162.70683099993516,54.909162000019506],[-162.69386099989552,54.90814699976146],[-162.67405400038191,54.91338899999087],[-162.65110500032995,54.92215700022962],[-162.64558100003478,54.92716900002645],[-162.64299699971323,54.93332199987856],[-162.6407909996835,54.93006099983228],[-162.62781899999405,54.921149999869435],[-162.6133230003403,54.913435999953464],[-162.5913800002188,54.90694499990357],[-162.57889399987783,54.90852299989998],[-162.6064240000437,54.8902050001707],[-162.61460200008224,54.87789800006733],[-162.61853799994063,54.85848799980034],[-162.61893299995086,54.84522800004475],[-162.59998000003174,54.82681200005114],[-162.56937000015017,54.81513200016064],[-162.53845499977172,54.810981999963175],[-162.5126059999291,54.8114869997676],[-162.50674600007324,54.805856000134554],[-162.48308499981863,54.792723999862545],[-162.49737600033137,54.78717899986799],[-162.51272599957966,54.78537100005918],[-162.53314200026207,54.77661199975467],[-162.54696699972112,54.76456500011504],[-162.5549310003978,54.74934399979494],[-162.54964899995193,54.72537299993612],[-162.53936399961785,54.70720700011625],[-162.52623999959243,54.69468699986338],[-162.50701300003692,54.682700999755134],[-162.47722699961264,54.67025900013832],[-162.45987700019893,54.666524000045875],[-162.46892499972552,54.65861600015256],[-162.48363499963958,54.64006200005951],[-162.49034800016332,54.62237699983383],[-162.48790500030714,54.61024600020992],[-162.47752799991153,54.595215999981825],[-162.46417299990742,54.58752400014515],[-162.47835100044222,54.57561599974552],[-162.48375299964033,54.558502999831774],[-162.4798150001321,54.540932000100156],[-162.4651350003553,54.52485000009049],[-162.44276500043657,54.51220800025135],[-162.4285119995587,54.5076690000825],[-162.39192100034577,54.50488500016684],[-162.36503499971218,54.50769300001695],[-162.33781400024114,54.51780299978813],[-162.32179200007485,54.53193200008445],[-162.31511000041155,54.54571900018244],[-162.31730800004536,54.572428999880714],[-162.32186999989264,54.57582600025168],[-162.30928200034276,54.57512200010501],[-162.27940499968187,54.582348000256125],[-162.25273400003175,54.60336799983556],[-162.24229700026,54.6166660001892],[-162.23943000008128,54.638708000012464],[-162.2404729998217,54.640528000225146],[-162.23140299965547,54.63681600024528],[-162.2059210002339,54.63497000011215],[-162.19374399968945,54.63636699974209],[-162.18727600028637,54.63957899996718],[-162.16109099998476,54.62650900021206],[-162.10484599962246,54.61828599983786],[-162.07982000031046,54.621278000224216],[-162.062882999552,54.62518400011753],[-162.0480210002003,54.631914000190704],[-162.03465399960234,54.64477700001541],[-162.0285200001101,54.65912000008444],[-162.0332519998367,54.68105600008523],[-162.05113600007616,54.70167700020006],[-162.05657199960947,54.704532000074444],[-162.04558199964376,54.70568399998566],[-162.01359799958567,54.715975999770265],[-162.01185900043447,54.718416999799786],[-161.9832930002009,54.712092999881634],[-161.96684400023736,54.71480199987806],[-161.96466999999467,54.716934999811855],[-161.9570479996248,54.7082489999727],[-161.93583699979743,54.69524100001697],[-161.88911299968805,54.686948999824175],[-161.87461700003428,54.68646100016899],[-161.86195199959315,54.689817999770895],[-161.84101600012542,54.68451600011309],[-161.80937000017607,54.69292499990071],[-161.78272799994,54.70675800025318],[-161.7650579999608,54.72445899974843],[-161.76576699979032,54.72773999988732],[-161.7536749996347,54.72758699988805],[-161.71018699977498,54.73915399974744],[-161.70274100003053,54.74296199982718],[-161.6983669996059,54.74744199979725],[-161.6918769995632,54.74335100004588],[-161.67280300016859,54.737812999787984],[-161.63984400014212,54.736159000028074],[-161.60493199980596,54.74242400015855],[-161.59031399995342,54.74984700014478],[-161.57655200024357,54.760704999984554],[-161.56632999965862,54.7847529999149],[-161.56474399977003,54.79719699988211],[-161.57673800001638,54.81421000022294],[-161.59767400038248,54.829155000251774],[-161.61571000005955,54.83892099995392],[-161.63007199981905,54.84034599984817],[-161.6328009999055,54.850335000042534],[-161.64104199969324,54.86369399975958],[-161.65240300027804,54.87503900008055],[-161.66759400041602,54.88286499997987],[-161.71001400042098,54.891591999939315],[-161.71727699986732,54.895743999888026],[-161.68807299994927,54.90756899980069],[-161.67507399959734,54.91838800008194],[-161.66668100037194,54.92811599977862],[-161.66692800024418,54.94292499984661],[-161.67228099993676,54.95924599988379],[-161.65948099977646,54.956382999958265],[-161.62777299990287,54.95749099998459],[-161.59136599991467,54.963672000254874],[-161.58457999959597,54.9679490000231],[-161.57723500013384,54.961841000027334],[-161.56756099972,54.95749300025029],[-161.55346099990138,54.95445700016413],[-161.52587200018428,54.95158900015673],[-161.49300500021937,54.9545429999394],[-161.47008600030458,54.94972900007934],[-161.46117500014705,54.95109499974756],[-161.45131800033343,54.95497099979077],[-161.4407769999063,54.963753999998495],[-161.4332509997959,54.962274000094986],[-161.41698599995536,54.96315100006809],[-161.39409700017782,54.96848499981693],[-161.38488100042176,54.9739640000152],[-161.35952200012554,54.99145099991045],[-161.35259600006478,55.009982999992936],[-161.3531469997106,55.01959600008184],[-161.36123500023578,55.033824999959805],[-161.37371800020367,55.045955999749445],[-161.38992299976977,55.05455300023949],[-161.41758500018008,55.062056000219165],[-161.41772599974706,55.06682100021373],[-161.39871500010165,55.07204000014791],[-161.38769900019668,55.07850199980788],[-161.3753879997579,55.08915699986378],[-161.34573799977608,55.08524000001721],[-161.313572999968,55.086621000251945],[-161.29105300026143,55.09203200023174],[-161.272255000153,55.10008900010722],[-161.25467800006024,55.113403000201],[-161.24650099984657,55.12697499991657],[-161.25119800031143,55.14646000005089],[-161.24321199989345,55.16350400023899],[-161.24443499955893,55.17304799974615],[-161.25316699961638,55.18671100023396],[-161.24850799968468,55.19325800007911],[-161.23430699958368,55.193791999770106],[-161.2049779999922,55.19831799974901],[-161.18135699992055,55.204231000189026],[-161.16786800002217,55.21091600021087],[-161.15550499970487,55.22246199994425],[-161.13167100009625,55.21393800020721],[-161.1065910003576,55.2122899998329],[-161.08038299959142,55.214364000251074],[-161.05863000033906,55.22012499978452],[-161.03962499964314,55.22946200002924],[-161.0265349999529,55.23910599988879],[-161.0160399995565,55.251419999832784],[-161.01292499968065,55.26299500024372],[-161.01597299960937,55.276766999750436],[-161.01972400041817,55.284664000184605],[-161.03110199982308,55.2947429997737],[-161.04946999976116,55.305027000172736],[-161.0689969997906,55.31239099999933],[-161.0899890002332,55.31664799995917],[-161.10420600022775,55.31676500022488],[-161.12858999965727,55.31338900019531],[-161.17281499983395,55.295380999887804],[-161.1856099999714,55.28576100008491],[-161.21966500034003,55.29414199975511],[-161.2387089995974,55.29604699997725],[-161.23951600023457,55.298458000031516],[-161.2261350002912,55.29946700023344],[-161.21978699964043,55.30277800011446],[-161.1929889997687,55.30814399985296],[-161.15373800006628,55.32378700010169],[-161.14827599969541,55.32691500002919],[-161.13880300002137,55.337464999833],[-161.1125380002521,55.34343500014136],[-160.99590099978184,55.38124300004334],[-160.9328220003186,55.40565200013702],[-160.90790499988825,55.420374000068364],[-160.85900599971131,55.419874000125226],[-160.87526499970406,55.40809399975392],[-160.88765599961044,55.39664300000095],[-160.89195899988997,55.38849400004544],[-160.8924049999538,55.38067399982134],[-160.89964900003187,55.37861399975265],[-160.9165299998156,55.36461999999936],[-160.93108999994178,55.35652399989936],[-160.9443400003639,55.34156900010887],[-160.95342399987553,55.32536700018825],[-160.94944799983415,55.311215999969846],[-160.93864000034165,55.29176400021002],[-160.94250300040508,55.28116799976835],[-160.9439450003537,55.26382500006746],[-160.93864000034165,55.25264699997256],[-160.92236299990722,55.238057999958514],[-160.93305800032013,55.22412600008328],[-160.94269699967558,55.2023279999611],[-160.94147700038314,55.188487999767176],[-160.93558800021498,55.17822599987585],[-160.9050639996488,55.15945400020525],[-160.9061459997473,55.15258799992788],[-160.90146300042446,55.135551999947666],[-160.90721199995224,55.12391500008431],[-160.9077299999861,55.11304400024381],[-160.89967599979607,55.09534999981973],[-160.88600699997264,55.084607000187034],[-160.8677000001339,55.07555800008398],[-160.83677499970975,55.06815100022465],[-160.81027700031194,55.0684719999213],[-160.78635599976639,55.07081499987073],[-160.7233750002124,55.09982399977813],[-160.70969200014525,55.11205500025284],[-160.69917400018267,55.107537999805885],[-160.6782679999538,55.107388000226486],[-160.6489689996012,55.096287999996086],[-160.61249200019114,55.095497000012806],[-160.6076759999006,55.09836100003864],[-160.5986910001232,55.09405599976623],[-160.60247700019377,55.08317700019932],[-160.59841599976357,55.064018999885626],[-160.59172999990233,55.052773999875484],[-160.57325999985696,55.036981999877455],[-160.55433200005223,55.03085799981258],[-160.5194690001198,55.02512299979854],[-160.47833600025274,55.02946999995116],[-160.4608369999778,55.03584500003144],[-160.44832300004776,55.04606099994312],[-160.43092599988003,55.064862000233916],[-160.42720099990885,55.07613800013149],[-160.43177500035003,55.09466999982389],[-160.44692299993199,55.10817399986598],[-160.43936800040757,55.119657000110706],[-160.43088599969707,55.1228239999756],[-160.41791700038067,55.13228400018704],[-160.41152400042236,55.14627500014292],[-160.39359699962694,55.1547000002461],[-160.37690599981403,55.165420000120164],[-160.36784499986862,55.18442400022886],[-160.36683200026548,55.19647500022302],[-160.353600000285,55.19365500014611],[-160.3211719998129,55.193457000040304],[-160.29274200002178,55.19800400009381],[-160.27836900039162,55.20507400000243],[-160.24253599961543,55.2410550002055],[-160.23411300025282,55.25684800023956],[-160.23591099985353,55.26834599983333],[-160.23822900003628,55.272518999859194],[-160.22135099972732,55.2892279999072],[-160.2157939998202,55.30828000005369],[-160.2193000004066,55.32246299990634],[-160.23896600035326,55.34027499980141],[-160.22570199968746,55.34671700007862],[-160.20357699999107,55.335774999949116],[-160.20050499977296,55.32315700002676],[-160.19077400035604,55.31537499988959],[-160.1864130003502,55.29684300002115],[-160.18199000042006,55.28860399991706],[-160.16764899967868,55.27984500008584],[-160.16728399980568,55.27252899989958],[-160.15599400026431,55.25381299990585],[-160.13926999994115,55.24230900003816],[-160.13009199981988,55.23867499998289],[-160.14121800022804,55.225317999914246],[-160.1495739996435,55.210165999771654],[-160.1496790001238,55.19637599986781],[-160.16128900023062,55.194837999798736],[-160.19024700010135,55.18534699984095],[-160.20617499965797,55.17218700024522],[-160.21459399972096,55.16011700010578],[-160.2456299995749,55.152380000034654],[-160.27095100023627,55.13886899992747],[-160.2853180000186,55.124555999761306],[-160.28852300030616,55.11162500019359],[-160.2778139996495,55.08885899983043],[-160.26271200009833,55.07285199982981],[-160.26500000014383,55.05070400003648],[-160.26191899970487,55.035200999823786],[-160.2565190001566,55.02879199999436],[-160.2443640002517,55.02257499995821],[-160.2928569996495,55.000673999964846],[-160.3014029999341,54.98632599996705],[-160.30180100031734,54.98147400025207],[-160.29765700004648,54.976473999753544],[-160.3268529995686,54.959690999975074],[-160.33606900022303,54.949909999876716],[-160.34339299976872,54.930881000020065],[-160.34318100005663,54.894358000142375],[-160.3372020003751,54.8772759999232],[-160.32987899975598,54.86390899999484],[-160.3233600002993,54.85977200022906],[-160.3237150001265,54.855570999998776],[-160.31578099958713,54.84328799975989],[-160.30281200027073,54.82974600018671],[-160.27739299970006,54.81523499997367],[-160.25810599987014,54.806889000054646],[-160.2419640000532,54.803464999788126],[-160.20772499956158,54.80734200012762],[-160.18554100031403,54.81526799996378],[-160.15542199980376,54.8290190001192],[-160.130094000368,54.843109999782115],[-160.11303699995895,54.85492100006065],[-160.10116699956114,54.86947800004768],[-160.09802300027127,54.88541599988939],[-160.0939760000848,54.890379000069814],[-160.08639600044606,54.886203000184395],[-160.0659200003875,54.8810840000619],[-160.03448799980015,54.87960400004646],[-160.01068500015361,54.88361900006987],[-159.98681899985962,54.891218000234055],[-159.97128499959,54.90050400019972],[-159.9588019996221,54.91321600004025],[-159.9538580001834,54.92000599994898],[-159.95297600010144,54.92938400000622],[-159.93698099969933,54.91904600008848],[-159.90691899998885,54.90947399974556],[-159.87502699999226,54.90424200004897],[-159.84609900025876,54.90243500010466],[-159.81604199967282,54.9095319997624],[-159.7888849997759,54.92566200024918],[-159.7757349998112,54.93783800005091],[-159.7703360000878,54.947474000165506],[-159.76755900032077,54.9566070002004],[-159.76954400041757,54.96341200022522],[-159.7739880002641,54.968493000236855],[-159.76859899968815,54.9686679999356],[-159.76088000013218,54.97183500005735],[-159.73473500001353,54.99024500006553],[-159.72840300015457,54.99999300003071],[-159.7245030002812,55.0177930000196],[-159.70351199966353,54.9997940002356],[-159.70703599979328,54.99749300014609],[-159.69812600035894,54.993167000015134],[-159.67655599960804,54.987238999816284],[-159.6261869998934,54.986477000009224],[-159.60414900023568,54.98939100024469],[-159.59224399967775,54.98738499999616],[-159.580340999668,54.9875980001356],[-159.56482099964208,54.99139500009178],[-159.5432519996144,54.9763690002232],[-159.5405340002969,54.9680600001626],[-159.54077699997117,54.960118000116196],[-159.5466030003901,54.93358300025317],[-159.541443000143,54.92395499985464],[-159.5295080003462,54.9144570000636],[-159.5032579997472,54.90075500023315],[-159.48005900034835,54.89512400012715],[-159.457409999872,54.89251499995761],[-159.4392799995853,54.89600199990418],[-159.4317829997872,54.89419699985341],[-159.4312820003701,54.89126400002038],[-159.41690399981877,54.87225300009062],[-159.4042369997278,54.86164799978647],[-159.3953859998447,54.85821400020794],[-159.38064199959547,54.840391999772784],[-159.3622970001219,54.82831499974945],[-159.3336990001013,54.818617999744895],[-159.30076600001414,54.81288099997734],[-159.27735699965461,54.81120999991225],[-159.26056999958226,54.81273700006675],[-159.22660100032567,54.820679000107894],[-159.20151499984098,54.833672000153456],[-159.17243099957355,54.8541650000959],[-159.13269500034755,54.88553100006034],[-159.11902300015103,54.902437000011076],[-159.11179099976852,54.915689999941286],[-159.11325600018162,54.93032999996827],[-159.11801800004545,54.94083599995215],[-159.12601399961085,54.94970899974388],[-159.14161099962965,54.96053499979138],[-159.1794250003047,54.97676199988426],[-159.21360799982153,54.984253999824446],[-159.2333239999969,54.99373600013834],[-159.24507300002085,54.997886999818576],[-159.25014000038155,54.998099999872984],[-159.24946300033903,54.9998989998181],[-159.25506399972878,55.006198999941866],[-159.24003900017044,55.011878999817874],[-159.2122980001174,55.02584200008889],[-159.20320399966175,55.04334399981516],[-159.2043050000268,55.06601100005771],[-159.20918900008937,55.0772490000038],[-159.21657499955936,55.087441999963055],[-159.2334229997311,55.09864200013897],[-159.25283400030793,55.10617099983862],[-159.2689490003606,55.1098250000907],[-159.2749310004152,55.10911600004734],[-159.27963100035473,55.112006999873465],[-159.30362800017,55.11649300015104],[-159.32199299973502,55.118246999748486],[-159.3428079997273,55.11570599996701],[-159.34847900033557,55.11289699984134],[-159.36563700012866,55.12091600019703],[-159.37613599982467,55.12321300020772],[-159.38632999992217,55.124707999759714],[-159.41088599977917,55.12349599992088],[-159.40586399962436,55.13741000015694],[-159.40385099993844,55.149465000165755],[-159.40467500029405,55.15974100002815],[-159.40809499976842,55.174397000069824],[-159.4270789996497,55.201145999984895],[-159.42604199975705,55.212338000097034],[-159.42027399996272,55.22304199983233],[-159.41847399981387,55.23572999978349],[-159.42048900004787,55.24445099980399],[-159.41979299973877,55.24989599974403],[-159.4068479998135,55.2549099997812],[-159.39949300030565,55.259793000239775],[-159.3973900002081,55.28041500015212],[-159.39806300005262,55.29336999983046],[-159.40178700019894,55.30220499984194],[-159.40700599999724,55.30891099989114],[-159.41530700005947,55.31538099977655],[-159.44780999997633,55.32909800007702],[-159.4826009999387,55.336294000008955],[-159.49975100023423,55.336709999757396],[-159.52196700016717,55.3341910001543],[-159.5443350004361,55.32840699996034],[-159.56203499965417,55.32037300004121],[-159.57302100032024,55.312141000254655],[-159.59987400044355,55.2804630000911],[-159.602924999847,55.27268100010133],[-159.60905800041263,55.26778999999869],[-159.6434209998545,55.25466700000828],[-159.66020600027701,55.242909999750104],[-159.68703000008801,55.243297999959296],[-159.70427200044506,55.23986500023137],[-159.7222160000606,55.23328700017947],[-159.7359789995954,55.22610800000431],[-159.73789199972217,55.222286999929885],[-159.74842999977628,55.24263199975058],[-159.75587600041902,55.262338999914576],[-159.75788999992983,55.27568299988638],[-159.76680100008738,55.29308500022201],[-159.79249599994426,55.3171539999586],[-159.8042140000061,55.323975000025776],[-159.8268259997742,55.334870000071234],[-159.84330400005007,55.34004900008146],[-159.88355499983518,55.34519800007773],[-159.89936199991632,55.34415299983283],[-159.93258299988358,55.33698100008103],[-159.96192099969588,55.3686639998249],[-159.98739799999285,55.38563200007805],[-159.99636699987676,55.39019400006924],[-160.0018750002784,55.38838000006898],[-160.05054400030158,55.395776999760116],[-160.055281999876,55.399477999745024],[-160.05289099989832,55.40710599991809],[-160.05929700027542,55.416208000143484],[-160.04116199996582,55.44887900010013],[-160.0182580001197,55.45230500023728],[-160.0020450001577,55.459080999767465],[-159.9951450000362,55.468465999842806],[-159.9632510003898,55.489683999925035],[-159.95189800020094,55.5022269999571],[-159.95113800031774,55.507583000190955],[-159.65530200012296,55.52888600009429],[-159.63339099978853,55.523609000063885],[-159.58465800019124,55.52425899996845],[-159.55289199969303,55.528151999837505],[-159.53815300036499,55.53200600015612],[-159.51145300040255,55.54962300020008],[-159.5050460002005,55.55810799985201],[-159.50397900017066,55.56735500006212],[-159.51084499995702,55.58621499994699],[-159.5215169999054,55.60089399975326],[-159.51261599979355,55.60121399983703],[-159.48881399997197,55.60893599998407],[-159.46910199999456,55.61925300002192],[-159.44686799961997,55.638530999954945],[-159.56144300000048,55.63875600004557],[-159.56136000015982,55.88719699988724],[-159.86797100023512,55.88719300024437],[-159.86797000041022,55.9739180000462],[-159.80640599979213,55.973918999857794],[-159.80638900007372,56.32080499976226],[-159.90013299967012,56.320803000172766],[-159.90014899956367,56.494238999810214],[-159.58803599983278,56.49424500006355],[-159.58804099985568,56.58096100009062],[-159.27592800012482,56.58096699997725],[-159.2759320003228,56.667682000022936],[-159.05108900003918,56.66768699988957],[-159.05109400006208,56.754400999988604],[-158.89360699958203,56.75440400019176],[-158.8935849998407,56.94505900018005],[-158.91940400044444,56.938219000049216],[-158.93512000028898,56.93007799988635],[-158.9815670003889,56.911126000109896],[-159.0440039999698,56.87628899984695],[-159.08157000004937,56.85288899992364],[-159.1739140004283,56.814450000148106],[-159.23495000006847,56.793849000024046],[-159.28884299991287,56.77820000005318],[-159.35122000011756,56.757721000228294],[-159.37636500015356,56.75397399998254],[-159.4257439998312,56.74018699978591],[-159.50228100012905,56.70280200022618],[-159.58098400027365,56.67292300017635],[-159.63713500002632,56.65851000002673],[-159.67583199970986,56.644989999914706],[-159.72960300025383,56.63201200011014],[-159.80791100038826,56.610326999999735],[-159.84004500023417,56.599194999935285],[-159.8701660003942,56.590855999957334],[-159.90513899993144,56.578175000003974],[-159.92894199957797,56.56444200000241],[-159.95266099955884,56.54629400024106],[-159.9606489996266,56.54345199975949],[-159.99406399976263,56.516405999960085],[-160.03208900032487,56.49695000009896],[-160.06913700037057,56.48027899975717],[-160.1115260004134,56.46559900006042],[-160.16419800024212,56.4549560002088],[-160.2254160003555,56.43360000007296],[-160.261364999686,56.408070999947974],[-160.30558400001487,56.36921400018429],[-160.3301490000927,56.35574000009993],[-160.38679100011507,56.33477300002133],[-160.41315700016668,56.32173400000158],[-160.4394329998066,56.29881399994343],[-160.46552299967365,56.255027999975184],[-160.47873700011075,56.235840000203375],[-160.48383299988546,56.22953699981093],[-160.50239400016739,56.21584000013333],[-160.51366899964012,56.20301700010292],[-160.5200659997964,56.179088000156014],[-160.53286099993386,56.15516000023263],[-160.54565500024634,56.11527900021747],[-160.55845000038383,56.099326999847115],[-160.58404300013342,56.0793860000014],[-160.61603499968913,56.067421000203005],[-160.65442599994927,56.071409000122635],[-160.75040900008568,56.07140700002618],[-160.86558500034076,56.07938100004303],[-160.9295719998252,56.07937999995101],[-161.04474100040758,56.071402000035256],[-161.15991500011452,56.07139900014071],[-161.21110800018477,56.06740999978665],[-161.26229600023214,56.05544500006228],[-161.377470999764,56.02353900008057],[-161.42865899981138,56.011573999901756],[-161.47984699985875,56.00359600010283],[-161.51223000012502,56.00110400002366],[-161.52725899988127,55.99549900019233],[-161.60040900031672,55.98671600013336],[-161.64990799964502,55.97335599979249],[-161.7294979998944,55.95486799990906],[-161.78684000042378,55.94650600009569],[-161.82574999964436,55.94265499990196],[-161.85825099991138,55.93250399975495],[-161.90619299966335,55.912201000057486],[-161.98101900039913,55.859418999891595],[-162.00224600012,55.84874999978589],[-162.01135399992108,55.85114699987256],[-162.0328690004204,55.84425800022655],[-162.03799600015722,55.84108299980822],[-162.04357900000358,55.832035000014514],[-162.06082200018554,55.82514499983249],[-162.08001699995398,55.82370999989499],[-162.10363800002557,55.81947599975229],[-162.12024000015,55.815034000193286],[-162.13418500015797,55.809061000042185],[-162.16122300022926,55.785416000250635],[-162.17227000009635,55.77352999995656],[-162.2095609998163,55.75988700013634],[-162.23138199973906,55.74876300006756],[-162.28979100029832,55.72486600022584],[-162.30321800027244,55.71710699997662],[-162.36052800011646,55.672343999942576],[-162.37395500009058,55.659045000003886],[-162.41509100033068,55.626611000235265],[-162.47041799972774,55.58998100000795],[-162.5002319997411,55.57285199995503],[-162.54722799983705,55.5287449997944],[-162.57087800022097,55.515818999928946],[-162.60835300006394,55.4977750002311],[-162.6450350004118,55.48849699991743],[-162.65791300038993,55.48115000002309],[-162.67381099980932,55.467552999759306],[-162.68156299987555,55.46318099986756],[-162.72697300008286,55.45887000002757],[-162.75840599959682,55.45145300007392],[-162.83018299968066,55.429425000222444],[-162.86997599970638,55.41525600013212],[-162.88956899985806,55.40554400016552],[-162.9051630004022,55.39476999985356],[-162.922772000282,55.38857499978868],[-162.93516099964026,55.382051000231854],[-162.94986899990445,55.3604219998255],[-162.95383700044823,55.3589719997978],[-162.95813999982943,55.354149999967944],[-162.98279699996877,55.33561699976333],[-163.09787500031453,55.26165499982509],[-163.1413310003872,55.23196100024081],[-163.2075220002516,55.21967099986367],[-163.29068000011335,55.19339699982948],[-163.3563780000582,55.16568399991769],[-163.45894199957564,55.12813600000127],[-163.53221199966168,55.11130600022201],[-163.56794699963024,55.10015800001515],[-163.630692000081,55.09322900009693],[-163.6660909995906,55.09454900021196],[-163.71742400030124,55.09965199997998],[-163.77029899962125,55.1088259999519],[-163.80390899975094,55.10579199996779],[-163.82301200035621,55.101008000237805],[-163.85865600008822,55.0889830000382],[-163.88779999973175,55.09132400001963],[-163.91270200009347,55.09058400018545],[-163.95017600011155,55.078812000187675],[-164.00315099988902,55.04685499986319],[-164.01532599988533,55.03692100025257],[-164.04744700021078,55.02065699990898],[-164.08559400007343,55.01565400014053],[-164.10968399977511,55.01815600012257],[-164.15787099974946,55.01565400014053],[-164.2040869998707,55.00062500024736],[-164.21347400022935,54.9949590000048],[-164.2265659995694,54.99032899985202],[-164.25497699999227,54.97073700019745],[-164.26776299990888,54.964183000211676],[-164.29788200041907,54.952639999818516],[-164.30752499997246,54.9514579999203],[-164.36096099988237,54.969098000111536],[-164.38305600033982,54.974339000018595],[-164.4181510000758,54.979557999977494],[-164.43878100012014,54.97959500001752],[-164.47524900020773,54.976266999930374],[-164.52118199957343,54.96912400017125],[-164.55282300039815,54.950453999845344],[-164.5721710003275,54.94390700013596],[-164.58248099987762,54.93451999988645],[-164.6012549996966,54.93063800014822],[-164.61425499987342,54.92387700020653],[-164.62774399977184,54.911533000032755],[-164.6375389996612,54.900759000212794],[-164.6440389997496,54.885415000030264],[-164.6511790000706,54.84419900018604],[-164.67068000016081,54.82424599998872],[-164.68325299964206,54.8166769998013],[-164.6985119995521,54.80153899984372],[-164.70345599988914,54.78800399983948],[-164.70608000039363,54.77348400003402],[-164.7349200002636,54.74502399986108],[-164.74468500001566,54.73059599983709],[-164.75631199984093,54.71731199979879],[-164.78277999999978,54.69170199991502],[-164.8088959998061,54.69116399975001],[-164.83517200034436,54.68734100014976],[-164.86367599975532,54.67611600023103],[-164.8768609998801,54.67543000003603],[-164.90304500035683,54.666464999964504],[-164.99948200005474,54.626248999997884],[-165.0196219996543,54.606704000238686],[-165.03616299967933,54.576598000056386]]],[[[-159.91033500016357,54.814167999742565],[-159.91166999998202,54.80928800023664],[-159.89962100038238,54.794308000154395],[-159.85521700010554,54.75770399983742],[-159.8350759997828,54.74545999989521],[-159.81350000008243,54.74041800003963],[-159.8017510000584,54.741800000077916],[-159.76540500016958,54.73977200006296],[-159.74679000035925,54.742672000047364],[-159.68857800034183,54.76559600018709],[-159.68484800034776,54.762340999812466],[-159.66919000022952,54.73351799996298],[-159.65243499994426,54.71777799984716],[-159.6247559998155,54.7079209998818],[-159.6004319997621,54.703960999773386],[-159.5660989995591,54.703487999791754],[-159.54787200008633,54.69929599995691],[-159.50289600024726,54.70900399976401],[-159.4692939996152,54.72096800009976],[-159.44286599963934,54.73840099997825],[-159.42522699962228,54.7600000002035],[-159.41643900038665,54.78200299976453],[-159.41677199957428,54.792197000056696],[-159.4406460002642,54.81754099994887],[-159.4587470002386,54.827718999840684],[-159.49760499958066,54.855458999906766],[-159.55611600024713,54.88026199998534],[-159.57262799995988,54.88373400020256],[-159.60189700017523,54.88188699989103],[-159.6363020003482,54.8717970001576],[-159.6813259998678,54.887433999910265],[-159.72928900043448,54.894163000156105],[-159.7610509998364,54.89132399986494],[-159.85464200017032,54.86440199985385],[-159.87206600010217,54.85662699990788],[-159.8858300003602,54.847189000055124],[-159.89745700018543,54.83407400020055],[-159.91033500016357,54.814167999742565]]],[[[-161.19453399964945,55.15900400007306],[-161.19439899993023,55.15496100017963],[-161.18897799956721,55.145395000200345],[-161.17701299963315,55.130647000089425],[-161.16605799982756,55.122125999975445],[-161.15156200017378,55.115130000062855],[-161.13288500043922,55.10966000025442],[-161.112687000215,55.10500500018354],[-161.09566300031616,55.103455000066276],[-161.08440499966358,55.10476700019309],[-161.05892999991474,55.11176999985249],[-161.01997100029033,55.1292389998842],[-161.01716500021098,55.137043999874905],[-161.008562000025,55.15090699979185],[-161.00541899966174,55.16346599988823],[-161.00749499999515,55.17059899983041],[-161.01924099964612,55.18238799999294],[-161.03388500033617,55.19494699995712],[-161.0438629996253,55.2010879999912],[-161.06274799977234,55.20679599985619],[-161.1090619998029,55.208002000158494],[-161.12895399970535,55.20654600018038],[-161.14891400027815,55.201014000071034],[-161.1750059997951,55.18438100024302],[-161.19270400026167,55.164687999912495],[-161.19453399964945,55.15900400007306]]],[[[-162.81901000031513,54.811158000009875],[-162.81781900043674,54.799439000016676],[-162.80741100007901,54.77987099990876],[-162.8025909995905,54.77581700013718],[-162.7834540004467,54.765284999756936],[-162.7620600003212,54.75796800009039],[-162.74017800029912,54.753102000037266],[-162.70675999979002,54.75498699990004],[-162.6777990004446,54.76271599976089],[-162.64404600019975,54.789098999844484],[-162.63768800040154,54.80112099987284],[-162.63718100023834,54.80479299985537],[-162.65021300020223,54.82341499998004],[-162.6617499996158,54.835569000176456],[-162.67294999964383,54.843441000240745],[-162.69272699991853,54.85277200022005],[-162.70221899985916,54.8551509998599],[-162.725168999736,54.85739400016086],[-162.74320500031143,54.85785100015713],[-162.76938999971472,54.853363999978285],[-162.7807420000787,54.84774099984109],[-162.80695599979433,54.829522000142035],[-162.81287699974953,54.822456999788066],[-162.81901000031513,54.811158000009875]]],[[[-163.01369399990554,54.3850869998269],[-163.01396800044023,54.36708300016844],[-163.00475099996092,54.35158000018678],[-162.98326599959884,54.337776000041565],[-162.95262700030327,54.32573000010446],[-162.92198700028445,54.326020000256705],[-162.89006699980044,54.330765999971646],[-162.87889799973456,54.335716000152274],[-162.8751739995883,54.33901600005171],[-162.86659899988967,54.33151200024284],[-162.8507290000594,54.32250300014396],[-162.83159299984217,54.316001999829275],[-162.8179199998208,54.31482000025782],[-162.80766499962388,54.303702999796776],[-162.79841799990567,54.298248999947276],[-162.78846900003055,54.294450000066576],[-162.77996999960163,54.29321500018025],[-162.76820300003428,54.27044000020555],[-162.74659399982363,54.252648000089735],[-162.72648299963808,54.242065000049955],[-162.70008399997454,54.237969000005975],[-162.65989099991572,54.242281000258394],[-162.65210899971228,54.248255000163454],[-162.6304409999504,54.249254000007326],[-162.62336199972876,54.25251700025479],[-162.59183499960514,54.24399799990626],[-162.56314700007115,54.243578999762015],[-162.54694300033003,54.248020000134225],[-162.52658799974697,54.257984000227886],[-162.49228700022937,54.2938280001175],[-162.48572600004155,54.294873999764874],[-162.4770609999313,54.298921000135614],[-162.4626239998287,54.29646800013888],[-162.4293590003788,54.29851400019861],[-162.40430399985627,54.30579200008478],[-162.3589609995961,54.32852300014467],[-162.33740900018518,54.32573000010446],[-162.28220300026362,54.33096499993225],[-162.26209200007807,54.338425999963654],[-162.25015899993107,54.346742999984265],[-162.24356900032925,54.356760999801566],[-162.2383809995948,54.3699209998037],[-162.24146399968356,54.388582999850804],[-162.24820899999438,54.39926500001103],[-162.2777510000212,54.419367999796656],[-162.31565500020955,54.439060000002335],[-162.35435199989314,54.456690999772974],[-162.37544100042007,54.46202200009982],[-162.39561299980667,54.46426500018911],[-162.4073629996556,54.46204600021117],[-162.41166699976003,54.45912500000424],[-162.42283500000096,54.46848399989297],[-162.44194000025607,54.475336000221084],[-162.45661900020798,54.478218000182565],[-162.47606000002364,54.47912699995705],[-162.5057230004243,54.478019999975835],[-162.50791900040832,54.481979999961595],[-162.54518400018904,54.497025000075695],[-162.58269199964397,54.50576700008767],[-162.60008700016186,54.50544700019168],[-162.6064039999522,54.503813999742036],[-162.6105730003374,54.500421999779086],[-162.63594699980388,54.51182399980257],[-162.6585290003331,54.51460199987715],[-162.6637489999563,54.51279399974509],[-162.6915829998958,54.526388000031695],[-162.72252900023634,54.52980699982913],[-162.7330880002068,54.526587999859274],[-162.74187799999055,54.531188000203464],[-162.77001599970365,54.5378479999612],[-162.799581000195,54.53952200012827],[-162.8244919998792,54.54925400004057],[-162.84432799970517,54.553076000211256],[-162.86062600005596,54.554310999895534],[-162.8807060002794,54.553213000167915],[-162.9068279999335,54.54400499984945],[-162.9249859998093,54.53358099995725],[-162.93883999958072,54.52114499993962],[-162.94482099981036,54.50537599991904],[-162.94024300006956,54.484334000009056],[-162.9355799999399,54.47772000011385],[-162.94097500036366,54.47536200001604],[-162.94936699976415,54.467372000182536],[-162.96459399988711,54.44624699991693],[-162.96572299984126,54.43727499992868],[-162.9631899995734,54.43132300023299],[-162.95987800005406,54.42801699987945],[-162.9950499997829,54.41479000001325],[-163.0084459997949,54.400172000014976],[-163.01369399990554,54.3850869998269]]],[[[-163.2708869999451,55.431718000091486],[-163.27192399983772,55.42385200016819],[-163.26237099979775,55.39419700007118],[-163.24705099978834,55.374497000164226],[-163.23536200003883,55.36611200001093],[-163.22761099979752,55.36258599979356],[-163.2149460002547,55.35966399978422],[-163.19626799979693,55.350784000150206],[-163.1539409996784,55.3431229998074],[-163.13199900028016,55.34379300013605],[-163.1068829996582,55.34882999978343],[-163.0709639995666,55.36132700010804],[-163.04920700011627,55.381949999835115],[-163.03449899985205,55.40370200008909],[-163.02793799966426,55.42083000014267],[-163.03315800018584,55.4427649998121],[-163.04185599990802,55.454637000120975],[-163.0563830004223,55.46517300025336],[-163.06651600042045,55.4804089999955],[-163.07600800036104,55.48868699982617],[-163.094013000076,55.49707199977063],[-163.09532500032824,55.50176399997755],[-163.10136900030707,55.506074000164624],[-163.13653400036327,55.52502400013359],[-163.15660600019078,55.53105300008397],[-163.1738779997867,55.532122000082275],[-163.20180200013783,55.52868099987015],[-163.23228800017088,55.521716000227194],[-163.24251200040558,55.51771799993747],[-163.25999700043684,55.506227999923965],[-163.2679310000779,55.49428800005675],[-163.27107299971797,55.48488899998111],[-163.2715000004135,55.47701499981671],[-163.26713500020972,55.46678400015187],[-163.25993299996443,55.45904800012642],[-163.25212900001966,55.45382400017759],[-163.25907900036987,55.44951799982662],[-163.2708869999451,55.431718000091486]]],[[[-166.2256469997984,54.041992999939644],[-166.22564099995063,53.960205999999154],[-166.15214200043403,53.932303999944004],[-165.9630099998296,53.91621700009183],[-165.95966499979997,53.917064999772165],[-165.88688299961058,53.97026000024209],[-165.82807300009162,53.97822699976733],[-165.7889660003293,54.01623600002445],[-165.77531300039934,54.01452399978748],[-165.75010700026405,54.01660700007499],[-165.7175170003085,54.02509100008128],[-165.70267199977692,54.03413599981646],[-165.69151699995479,54.03383399996099],[-165.6677750004077,54.0374360000444],[-165.6571729998812,54.036336000233966],[-165.64717499960224,54.0169659998963],[-165.63228700031132,53.99756000026387],[-165.606712000105,53.97684300017283],[-165.56323900031398,53.96728199995195],[-165.51976700034777,53.97205999980017],[-165.46862199995806,53.986399999875346],[-165.4132510001801,54.00830599980614],[-165.4055910001754,54.012302999823035],[-165.40306600030345,54.01713499993064],[-165.39860300019035,54.017490999961474],[-165.3809649999982,54.016436000142605],[-165.3749500003317,54.011288999820145],[-165.35736300019317,54.00283399975161],[-165.30287799979678,53.980734999784424],[-165.26963199971513,53.98073099979339],[-165.23383300017244,53.99506899983705],[-165.2210589999514,54.00301900002171],[-165.1972110000991,54.00913000018929],[-165.1844610001675,54.01701000002445],[-165.159949999618,54.01916199996768],[-165.1371539997269,54.01854499979773],[-165.1055980001893,54.013123999939396],[-165.08213000027854,54.01182600025251],[-165.05155999968164,54.01478999999116],[-165.04016800003305,54.01292099994907],[-165.02725900009278,54.012942999782645],[-164.96445400026587,54.02507199977682],[-164.92279599979395,54.028475000233314],[-164.89819899992912,54.03551000000227],[-164.8810479998087,54.04342899988322],[-164.86762199965946,54.06424199995128],[-164.86869100023745,54.07131300020178],[-164.86556100029298,54.075286000130944],[-164.84604699978405,54.083253999802544],[-164.8411939996836,54.09024300004777],[-164.83673999979132,54.10464700003648],[-164.83103300009637,54.11021700019472],[-164.82194000036392,54.13080899994412],[-164.817363000448,54.13338799984259],[-164.79624200013401,54.13309900007053],[-164.7761929998727,54.13585500023053],[-164.7629480003718,54.14354599990111],[-164.75396199987114,54.15489199982541],[-164.72770100029985,54.16088200021447],[-164.71448500021296,54.166117000167155],[-164.69205599984463,54.18218499976768],[-164.68238200032914,54.20186200002839],[-164.679606000387,54.2188300000394],[-164.68064300027964,54.2321740002006],[-164.68775500011327,54.25011799990795],[-164.70890599966617,54.26401799988829],[-164.7292620000741,54.27193699978039],[-164.75852899974132,54.27817699993944],[-164.80536900020167,54.28239200004401],[-164.88533199982163,54.262522999774895],[-164.91124099993874,54.254687999795095],[-164.95091400031387,54.23572700012572],[-164.96620300036113,54.226426000176254],[-164.97496999968033,54.21488399997026],[-165.00966100008358,54.21286699993832],[-165.03151200014358,54.20887800018179],[-165.04805300016864,54.19871699997351],[-165.06349399965356,54.18673099992697],[-165.0668710003685,54.18008600024646],[-165.081926999889,54.18072700005617],[-165.10597499975788,54.17872999987922],[-165.15025699983593,54.18052300017025],[-165.18657299958758,54.17431600010748],[-165.2039370001433,54.16595999974259],[-165.24382300005544,54.15929000015798],[-165.26341500038225,54.15024500008429],[-165.27117099974808,54.14413099989848],[-165.32097100027357,54.14453400005843],[-165.31901899978874,54.149189000254296],[-165.2791329998766,54.15841000026302],[-165.2588989996674,54.166830999798115],[-165.24281700012497,54.17787399995087],[-165.23204499971916,54.19569999979957],[-165.23207400003145,54.216520000080195],[-165.24141600018424,54.2258600000563],[-165.26302299984675,54.236543999776984],[-165.3186580001137,54.24808499996359],[-165.34517700032617,54.251033000200216],[-165.35863699991225,54.26604700004212],[-165.38847900041304,54.28813400003812],[-165.38634799982808,54.291462000102555],[-165.3890950003562,54.29932800024312],[-165.39562600040676,54.31283200018985],[-165.40676600016033,54.326677999984994],[-165.43133399971285,54.340687000245474],[-165.46249299959044,54.346821999889855],[-165.49896200040126,54.34911899989653],[-165.5420229995654,54.34871500010614],[-165.57868499982175,54.341435999776294],[-165.59420900004562,54.34656300020887],[-165.62402600043205,54.349356000116764],[-165.65555000018261,54.347051000110206],[-165.68255999976645,54.33934499991746],[-165.6961700000387,54.3322339998654],[-165.7251620002446,54.30627099992491],[-165.74335199990745,54.28889099976161],[-165.76730699988994,54.25522999976393],[-165.76900199955847,54.23917899983571],[-165.78914700007923,54.23913800007688],[-165.8128700002581,54.249995000053794],[-165.83664199994246,54.25821999978216],[-165.86560300018624,54.26471900009893],[-165.88815300003003,54.267411000108574],[-165.90804900013043,54.27444500021979],[-165.93722000043647,54.2769850002358],[-165.9876579997481,54.27080400013749],[-166.00276900041845,54.264828999769996],[-166.03394400018954,54.260953999925576],[-166.0610600000786,54.249427999977485],[-166.06845599959436,54.239919000208616],[-166.12066200016608,54.22314100018579],[-166.1375360002771,54.21425299976001],[-166.16511699959824,54.19508800011468],[-166.171830000122,54.18487199990823],[-166.1735080000721,54.173343999827075],[-166.17869500008337,54.16920100012394],[-166.183759000071,54.16112999976882],[-166.18497900026173,54.15704800007386],[-166.18413399998974,54.15092699998425],[-166.19266799968045,54.14547400000401],[-166.1990749998825,54.135541000208086],[-166.20242999995784,54.119824000247974],[-166.19901200013328,54.10351300001733],[-166.18857600018643,54.09365000000791],[-166.18210700006014,54.0904990001587],[-166.17875000033496,54.083121999824705],[-166.17225000024658,54.07518700002273],[-166.16456000010461,54.07270100025576],[-166.1523240000089,54.061845000123434],[-166.14053399997704,54.05713199984948],[-166.14083299972776,54.04693299985757],[-166.156350000279,54.04989800003159],[-166.1807930001581,54.050881999763604],[-166.20807100042887,54.047973999820755],[-166.2256469997984,54.041992999939644]]]]}},{"type":"Feature","id":"AK|Lake and Peninsula","properties":{"state":"AK","county":"Lake and Peninsula"},"geometry":{"type":"Polygon","coordinates":[[[-159.90014899956367,56.494238999810214],[-159.90013299967012,56.320803000172766],[-159.80638900007372,56.32080499976226],[-159.80640599979213,55.973918999857794],[-159.86797000041022,55.9739180000462],[-159.86797100023512,55.88719300024437],[-159.56136000015982,55.88719699988724],[-159.56144300000048,55.63875600004557],[-157.9999999996656,55.63944399985876],[-157.09870900035335,56.23830799997895],[-157.1297650002988,56.26869499982017],[-156.33071299991565,56.74927800003683],[-156.33071299991565,57.17784900018401],[-156.75138499963722,57.177841000142536],[-156.7513889998352,57.250096999917666],[-156.6724029998334,57.25009900014691],[-156.67253199970483,57.30790300019919],[-156.61912699975707,57.30790300019919],[-156.61916199991717,57.35125599987975],[-156.54039600002338,57.35125799994642],[-156.54043799985618,57.36570799998447],[-156.55280899967107,57.36570799998447],[-156.55282999958746,57.38015899978574],[-156.49932099988266,57.380159999758],[-156.4993250000806,57.45241399977091],[-156.44609000001213,57.4524150001885],[-156.4462199997085,57.49576600024107],[-156.39254100012434,57.495768000151784],[-156.39256299986562,57.510218000004386],[-156.36571399994028,57.510220999889064],[-156.36572900000888,57.53911899999754],[-156.20527700033915,57.53912199991644],[-156.2052599997224,57.52466099983595],[-156.1253759997451,57.524673999815725],[-156.12546299978376,57.55357400024039],[-156.09858200007133,57.553574999816746],[-156.09861399985837,57.56802499996782],[-156.07172200027532,57.56802499996782],[-156.0717490000395,57.597001000140885],[-156.0179399998607,57.59692599992551],[-156.0179409996856,57.61137700002185],[-155.9651750001455,57.61137700002185],[-155.96504399972596,57.568026999772655],[-155.93815200014288,57.568026999772655],[-155.93818499975484,57.58247700009341],[-155.91128300012602,57.58247700009341],[-155.91130499986735,57.596927000237486],[-155.8843930001928,57.59692800006806],[-155.88440400006345,57.611377999936295],[-155.8316400001732,57.61140799976245],[-155.83169299987665,57.62582800021632],[-155.85748200034317,57.62582900021416],[-155.85748200034317,57.64027800022919],[-155.91137199981452,57.64027800022919],[-155.91143899976166,57.68362799994636],[-155.77795499984293,57.68363300014067],[-155.7780169997672,57.7125299999386],[-155.7567409996425,57.7125299999386],[-155.75673300014492,57.755880999963864],[-155.70287000043774,57.75588700002078],[-155.70303299974603,57.81368099982473],[-155.54103799984534,57.81368400007846],[-155.54112300023417,57.84258400006471],[-155.45982800027048,57.84258400006471],[-155.45985800040768,57.885932999874505],[-155.3521150003766,57.885933999864776],[-155.35247199985366,58.04589900007299],[-155.29982400031437,58.04589900007299],[-155.29990999962976,58.10369500008015],[-155.35449399976036,58.10369500008015],[-155.35476599974695,58.190387999949394],[-155.24531700017664,58.190390000015555],[-155.24531499962853,58.23373699998123],[-155.08180800035737,58.23373899997176],[-155.08180599980923,58.262636999867546],[-155.02796900004134,58.26263800022946],[-155.02805600007994,58.29153499993806],[-154.89199000038786,58.29153799999254],[-154.8920439999162,58.30598599988012],[-154.7547909996454,58.30598900012567],[-154.7547849997976,58.334886999913],[-154.59128299965104,58.334890000065116],[-154.59127500015342,58.363787000040986],[-154.48277200023912,58.36378900023413],[-154.48281300024703,58.39268600003233],[-154.44993100021344,58.39268600003233],[-154.45003999999338,58.421582999906065],[-154.36743500032557,58.421582999906065],[-154.36749600042495,58.464928000003326],[-154.31235499990242,58.46492899981686],[-154.3123540000775,58.65275099976706],[-154.64254500021653,58.65274699993406],[-154.64255799973702,58.739431000176864],[-154.69503600029535,58.739431000176864],[-154.6951049998923,59.086158999944494],[-154.7488339997052,59.086158999944494],[-154.74886100036767,59.25951800018145],[-154.41201299978135,59.259524000209396],[-154.41202799984998,59.43288199981006],[-154.12332100010556,59.43288699987816],[-154.12332699995338,59.51955199988145],[-153.9531809997783,59.51956899983865],[-153.95319800039508,59.692918000206774],[-153.78306800011353,59.69292599995693],[-153.78306999976334,59.77959699980777],[-153.6569770002358,59.77960699994038],[-153.65697999971053,60.12627700004335],[-153.52839200044826,60.12628100017421],[-153.5284409999538,60.472939000032234],[-153.39727600004272,60.47294800010279],[-153.39728400043865,60.81958099987684],[-153.44088600010116,60.81957800012583],[-153.44088399955302,60.906235999866105],[-156.0000859997585,60.906189999859585],[-156.00014500020802,59.692879000094194],[-156.1650680003868,59.69287700004069],[-156.16506599983867,59.606201999997786],[-156.50534899996796,59.606198999882814],[-156.50534499977,59.51952299996154],[-156.67548900029522,59.51952100004469],[-156.67548300044743,59.432844000181895],[-156.76997100003356,59.43284300016704],[-156.76996500018575,59.34616600018359],[-157.1068139996987,59.34616199995907],[-157.1068079998509,59.25948300007386],[-157.2752330004181,59.25948199999154],[-157.27522099982426,59.086120999803995],[-157.19630599996754,59.08612199989326],[-157.1962919997238,58.846248999923745],[-157.16110300027654,58.85496799981126],[-157.13055199994614,58.85864000000616],[-157.1043380002305,58.863920999770144],[-157.08642100037912,58.869416000108885],[-157.07548300029197,58.87523599979897],[-157.05789799980326,58.87765400004659],[-157.04347800031744,58.88510399985204],[-156.3160320003139,58.885113999857],[-156.31601499969716,58.61594399987598],[-158.0021549996417,58.615919000166166],[-158.07201899959878,58.49182400005927],[-158.06982199978984,58.490317000052144],[-158.89348199990854,56.999841000234085],[-158.89360699958203,56.75440400019176],[-159.05109400006208,56.754400999988604],[-159.05108900003918,56.66768699988957],[-159.2759320003228,56.667682000022936],[-159.27592800012482,56.58096699997725],[-159.58804099985568,56.58096100009062],[-159.58803599983278,56.49424500006355],[-159.90014899956367,56.494238999810214]]]}},{"type":"Feature","id":"AK|Nome","properties":{"state":"AK","county":"Nome"},"geometry":{"type":"MultiPolygon","coordinates":[[[[-168.23153699991232,65.62623500009101],[-168.23188699971666,65.62256700018071],[-168.2186530000864,65.59612300012151],[-168.17620399976914,65.56274199983189],[-168.17541499957366,65.55561400002031],[-168.1675839998647,65.54690200013283],[-168.1529669998371,65.53888900000989],[-168.12663900031865,65.53052599986833],[-168.09093799978695,65.52404399985448],[-168.06536799960352,65.5225179999564],[-168.05516799965827,65.51698599988902],[-168.03105000036751,65.50942999996262],[-168.00442900004776,65.50419199981413],[-167.97106300031555,65.5001309998796],[-167.93802899994603,65.4998959998799],[-167.89686599994172,65.47668499989203],[-167.83088099994166,65.46583699992544],[-167.75670899968225,65.44722600016918],[-167.66468400004382,65.40537799994064],[-167.60639000001058,65.38562599983494],[-167.48858500012653,65.3604140000826],[-167.4008910003567,65.34726999982169],[-167.27217699979943,65.33815300014872],[-167.19129899958722,65.33762899998412],[-167.07033100014672,65.32749100012892],[-166.94893000016282,65.30790899996857],[-166.97753999987899,65.29763599986579],[-167.00852899987726,65.27665200018478],[-167.0392480004371,65.24339400002891],[-167.07243900026717,65.19978199999696],[-167.08433899990388,65.15569499988563],[-167.07298099969216,65.13838500003158],[-167.0409299996869,65.10924800015748],[-166.97896400028426,65.06940999981921],[-166.87815800018458,65.02995000013128],[-166.82446700000654,65.01745699991322],[-166.82899899971662,64.99931500013966],[-166.78327600041317,64.97971799986965],[-166.76190099965595,64.96349300010152],[-166.58918500030143,64.9082910000705],[-166.52268800011527,64.87110299994568],[-166.51720800020107,64.85738300000467],[-166.57020300006997,64.83341699991124],[-166.58218700027058,64.82208900013106],[-166.58674800029297,64.80146899996966],[-166.57756599997379,64.77799900002967],[-166.58588100027967,64.76626099986272],[-166.5901629997445,64.73894800015921],[-166.55767499989625,64.69891500018444],[-166.52937300015165,64.65786199989688],[-166.50784099993388,64.6313729999744],[-166.49125999972586,64.6189580001917],[-166.44011299968636,64.60325699985695],[-166.35202899992922,64.56813700004834],[-166.28138800037055,64.54495599985663],[-166.33091000016336,64.52585099984579],[-166.35387500010887,64.50644400002041],[-166.35113199977872,64.47788299990933],[-166.31452999979678,64.454359999861],[-166.2719590001791,64.43778000019373],[-166.21233799982505,64.42985600003261],[-166.15386100039206,64.43297399988433],[-166.13353500012136,64.43821199986355],[-166.09569600023028,64.45980400006404],[-166.0708730004096,64.4901590000059],[-166.0731399996404,64.51026199983323],[-166.0777900002495,64.52045900015156],[-165.8502110002068,64.49387899997684],[-165.68067900032506,64.48364099988174],[-165.47686799976873,64.45769000008563],[-165.46076299976176,64.45774099983058],[-165.3359180000141,64.44441699984299],[-165.17661600021484,64.41310800010164],[-165.0322050000796,64.38798699998011],[-164.95509700004447,64.39277600007026],[-164.90891699990823,64.39360699995717],[-164.80422799965362,64.4010609998369],[-164.7548010002954,64.40782400015625],[-164.61978800038943,64.44440899985658],[-164.46513499957783,64.48386699996846],[-164.3553549995714,64.50844700016044],[-164.2663119997395,64.51833299989724],[-164.18090199981717,64.51956900013944],[-163.97621800029808,64.50831599993927],[-163.87970600025707,64.51534899986635],[-163.85076699975465,64.51939800016517],[-163.8316149996439,64.52438099994112],[-163.81406400038873,64.5311859998333],[-163.78786300019357,64.52412600013315],[-163.7503900000004,64.51964000006501],[-163.7042569997198,64.51968900003114],[-163.6569510000025,64.52193999982742],[-163.61232999999066,64.51791800001334],[-163.53617199980954,64.50358099999802],[-163.45772899995595,64.48211000001353],[-163.4318549999989,64.46665000005744],[-163.36375400038082,64.44564199984448],[-163.3496870001741,64.43766700012195],[-163.32333799984093,64.40786599987021],[-163.24193200044743,64.36074300010145],[-163.21538100044793,64.35327700015714],[-163.1657969998325,64.34986400007537],[-162.84215199981264,64.28317100006042],[-162.7958019997971,64.27567400011235],[-162.72806199985402,64.28746699992618],[-162.68497700040047,64.30435299983314],[-162.65447399975065,64.32257900003634],[-162.63274700043758,64.33192599998573],[-162.59476799990608,64.33843699987558],[-162.55792099970182,64.35579399998618],[-162.5178719995831,64.38490599990769],[-162.51255200040072,64.39257300014859],[-162.50446800007347,64.41783699985012],[-162.49198199973256,64.44038600003738],[-162.48776800003978,64.45755400004315],[-162.48669099996417,64.47089699985324],[-162.47198299969995,64.48684300014699],[-162.44188400017956,64.50411900016839],[-162.34510699982474,64.53435499983209],[-162.31349100001265,64.54278899984406],[-162.2374030001517,64.52435600013344],[-162.02793900032708,64.46131700014409],[-162.0021270002943,64.45878899994828],[-161.7674659996569,64.38887799996792],[-161.66636900020242,64.3604700001166],[-161.59084000038317,64.33554099981318],[-161.55465599997774,64.32874100015412],[-161.49343299984153,64.32837799997839],[-161.46362300002608,64.3334620000255],[-161.44317499955665,64.34009000018976],[-161.41389899966862,64.35858699993655],[-161.3267959997276,64.33401200017236],[-161.25342699990736,64.29886900016845],[-161.17911499990583,64.25799299987509],[-161.0754020003428,64.20665200018078],[-161.0741360001213,64.16494199998331],[-161.07732799999005,64.13832299986218],[-161.07647600004532,64.12747100010199],[-161.0692279997693,64.11814799998159],[-161.06234400043962,64.113389000157],[-161.07060000029597,64.08497500018046],[-161.06442400007265,64.06392099986348],[-161.04566000029945,64.02246699991605],[-161.0184890001588,63.998554000062306],[-161.01895699996396,63.99482999994441],[-161.01688900002648,63.98941900003778],[-161.00927199967944,63.979281000194725],[-160.98875499961306,63.96147500013434],[-160.97830399959759,63.94970500000526],[-160.96144499955525,63.937221999917],[-160.94464400013752,63.92153199999693],[-160.93648199999248,63.908480000058965],[-160.92012400026553,63.859745000170264],[-160.91503000014066,63.8515710000373],[-160.89877399962265,63.83317600019746],[-160.88772699975556,63.82455900002547],[-160.88005099985733,63.81218099994917],[-160.8769800003624,63.79687800003516],[-160.88620000031648,63.77139700019705],[-160.90162200043312,63.758194999854524],[-160.92857799959032,63.74164200019553],[-160.99680999962797,63.68958299987953],[-161.00848900023007,63.677677000073174],[-161.0242050000746,63.67179299987606],[-161.07043600026444,63.66426699982957],[-161.09806900036247,63.65613600005343],[-161.13997100033353,63.62522599990243],[-161.13893799974056,63.614709000195994],[-161.14254300006118,63.60417800015289],[-161.15180099965005,63.60071799994728],[-161.1919619999218,63.59141099997502],[-161.2020709996305,63.587368000093676],[-161.22499499956814,63.56445199983028],[-161.24869400035584,63.55211299989705],[-161.26029000021896,63.54270999995837],[-161.27008199973523,63.530190999886564],[-161.2851880003827,63.523369999899195],[-161.31435799996555,63.51922900009648],[-161.36685200041737,63.51689099994233],[-161.4243379999885,63.51610000018217],[-161.51195399994052,63.51974600007845],[-161.52945999988816,63.51778600014118],[-161.57584000004093,63.507333000027515],[-161.60311400011372,63.50415499992986],[-161.64191499955436,63.51220099995056],[-161.66017799991047,63.514386999923396],[-161.68777400019854,63.51461699988853],[-161.71889999956582,63.51157000004246],[-161.74594199983505,63.50332199988135],[-161.7740059999283,63.4994040001807],[-161.8041680000962,63.498530000065436],[-161.82131699966848,63.494527999835306],[-161.84040500020512,63.49328800011078],[-161.86017599973377,63.49628099986804],[-161.89621399965102,63.50821999996591],[-161.91053399957772,63.519498999926604],[-161.92493499969527,63.536388999838415],[-161.938961999719,63.546926000074244],[-161.95695999976127,63.55720899998449],[-161.97989600029274,63.561782000122236],[-162.00360299967977,63.56385700008287],[-162.1723179997769,63.58703699992752],[-162.22274400029124,63.59691399980466],[-162.22538100031622,63.60955700018825],[-162.24257300044454,63.624484000169375],[-162.24993100032543,63.62835199990252],[-162.25462000039434,63.646466999832484],[-162.27457300039615,63.66001200006854],[-162.30435499972418,63.67202499980558],[-162.32591600025424,63.67558900006081],[-162.33882900039242,63.67525399983916],[-162.35694299988737,63.68160500001133],[-162.3943590001791,63.6883040000482],[-162.42582000018047,63.689737000151354],[-162.4529569999859,63.68908699981406],[-162.4810460001935,63.68500700016009],[-162.51451800023094,63.69304099992723],[-162.544042999641,63.694696999848276],[-162.5843190004388,63.691392000008726],[-162.61445399994423,63.685608999934736],[-162.63302400044702,63.679342999890494],[-162.66100099960326,63.67609200007467],[-162.69132699980273,63.6677290001665],[-162.69744799977448,63.66354399998831],[-162.73063399958164,63.65120499989475],[-162.7629940002817,63.63255999988604],[-162.78616599991642,63.6240670001741],[-162.8160309999834,63.603370000019034],[-162.82578800023794,63.58492400010985],[-162.82644099999098,63.57635999990948],[-162.78465299982273,63.5436659999908],[-162.77289799995094,63.529746999952806],[-162.74755899974625,63.517902000118305],[-162.71111099975016,63.508731000059846],[-162.69715400004662,63.49906199997388],[-162.67983100039703,63.49162600003368],[-162.64196300019367,63.48499000016299],[-162.6107490000645,63.48302699985501],[-162.5797180002334,63.486787000101025],[-162.55255200011567,63.482598000051894],[-162.46831700017833,63.494260999934504],[-162.44849399987282,63.493901000163596],[-162.43777300041893,63.49199399992981],[-162.6718130001921,63.31282500018],[-162.59251599984563,63.271834999847215],[-162.3830820001582,63.27181600018128],[-162.3830760003104,63.18519499995208],[-162.1925029995823,63.185184000187085],[-162.19244300020617,63.098556000087335],[-162.00179800040632,63.09853599993446],[-162.00176900009404,63.01191899986974],[-160.85798999973508,63.01195299992452],[-160.85800399997876,63.27183800013357],[-160.66736099982876,63.27184499985778],[-160.66736699967655,63.35845899992401],[-160.69026300002506,63.358485000159796],[-160.6902939999872,63.5316890001713],[-160.49737500038557,63.53171299983606],[-160.49738100023336,63.618342999972135],[-160.11152200021542,63.61835100003508],[-160.111497999926,63.704972000127725],[-159.9327390004175,63.70497300017038],[-159.9327310000216,63.791588999898956],[-159.7374509996812,63.79159099981369],[-159.73747499997063,64.05145900016076],[-159.94728799977474,64.05145900016076],[-159.94732499958468,64.39792500004806],[-159.96225499960673,64.39792699994396],[-159.96228999976682,64.7443769999766],[-159.77489700011017,64.74438200015508],[-159.77492100039964,64.91756500014925],[-159.5721729996752,64.91759700004981],[-159.57219500031482,65.09079099992596],[-159.58271499992722,65.09091199986496],[-159.58273599984363,65.26402599990739],[-159.37736500023624,65.26403300008212],[-159.37744300005406,65.43723199992274],[-159.38548300000033,65.43723600000348],[-159.3855780004349,65.52383500009576],[-159.8017000000048,65.52382599991185],[-159.80169199960886,65.43723099990248],[-163.75539100023883,65.43716499997367],[-163.75540700013232,65.61036699990133],[-163.96349799960538,65.61036299994723],[-163.96351600004704,65.78356099989549],[-164.244151999883,65.78355800013873],[-164.24419100024105,66.12994600005801],[-164.3189130003214,66.1299439999952],[-164.31893599988763,66.47631899984037],[-164.39588699956394,66.47632400007834],[-164.39594400036364,66.58190399983292],[-164.46144899996472,66.62650899994797],[-164.69159899991016,66.60037800001274],[-164.7519020003296,66.59254599983257],[-164.8315820000924,66.5786480001741],[-164.8804439995611,66.57262800015097],[-165.2923349997198,66.50163900005738],[-165.43444000026616,66.47523000006557],[-165.77773899963879,66.39736199997567],[-166.09396600040162,66.31599799987082],[-166.317088000179,66.25193499985576],[-166.48024800001886,66.21193300017221],[-166.71947399997833,66.14804600014403],[-167.00785699985764,66.05140999982787],[-167.17840300006574,65.99956699996909],[-167.23860100000493,65.97085899983243],[-167.30834199993834,65.94432499988667],[-167.5208229997295,65.87815200015271],[-167.71885600044578,65.83492199983723],[-167.8833979999597,65.80327500011921],[-167.96800100014315,65.78066099990785],[-168.0042490001227,65.77454999981656],[-168.07712599984833,65.75608900012998],[-168.15512900038422,65.72835100011926],[-168.20014100020825,65.69937199985097],[-168.22130699982978,65.67544900001953],[-168.22924300001904,65.65026600003739],[-168.23153699991232,65.62623500009101]]],[[[-161.43692100041383,64.13355299997812],[-161.43241700029287,64.10533600019288],[-161.4144409999919,64.0867699999116],[-161.37318000007832,64.06974199987951],[-161.30603199978896,64.06196899982434],[-161.25227299983885,64.06596300007078],[-161.22174999999592,64.07529400017272],[-161.20991800013127,64.08204599996269],[-161.19638099965397,64.09197399993033],[-161.18448299966707,64.10615900005293],[-161.18333899964432,64.11617800012458],[-161.18543699971903,64.12615599993971],[-161.17678400020262,64.14028300002342],[-161.1766620000039,64.14685599981237],[-161.1970169996886,64.16397699981313],[-161.22354799959666,64.17643299993686],[-161.2648129997082,64.18466000015697],[-161.3103629996576,64.1893679998894],[-161.35571299959045,64.1837770001118],[-161.39328700006592,64.1720139998123],[-161.4201970000907,64.15841600010542],[-161.43692100041383,64.13355299997812]]],[[[-161.85928899962894,63.610910999887075],[-161.8570259996978,63.58798199999435],[-161.8498140003051,63.57735699983472],[-161.8392200001745,63.57035500011886],[-161.8124030000362,63.55994299995432],[-161.78447000036255,63.55378800014385],[-161.75196499989752,63.55206299998886],[-161.71181500039472,63.55511800015736],[-161.6940769997452,63.55923200011264],[-161.6752240002835,63.56633799980794],[-161.65166199976312,63.57966199990712],[-161.64153600033598,63.58849699984554],[-161.63396900021772,63.604324000032314],[-161.6395720001556,63.61774600019624],[-161.64947699964978,63.62763999982917],[-161.66114500038123,63.63538199987084],[-161.6771390000601,63.6426459999684],[-161.6963870004303,63.64898599997648],[-161.71475100017045,63.65253800005104],[-161.75849500012316,63.654517000165626],[-161.79545600013026,63.65041800005723],[-161.8145220000273,63.64667000009596],[-161.82622800039354,63.6424889998446],[-161.84031700034157,63.635115999811966],[-161.85584599969002,63.62163199993476],[-161.85928899962894,63.610910999887075]]],[[[-168.21396300019256,64.98431800007208],[-168.21396200036767,64.96784499990495],[-168.2101140003728,64.95137199981824],[-168.1870349997262,64.93490199999177],[-168.1370330004327,64.91843200002299],[-168.0908790002357,64.91111299998927],[-168.03703200042207,64.90928399994137],[-167.97614900004447,64.92287199999956],[-167.9530939996873,64.932994000065],[-167.93221099992297,64.95209399996509],[-167.91906000013336,64.96081299993021],[-167.91382899974116,64.96994300000868],[-167.91644700039788,64.98861800011814],[-167.92429599965013,65.00272799998993],[-167.95307600014394,65.0234790000738],[-167.97226199969157,65.03053399981536],[-168.00487199973855,65.03889699996412],[-168.07610800022232,65.0432889999384],[-168.0954140003188,65.04091800007578],[-168.15616200007887,65.0291739998334],[-168.1690900002857,65.02406700003705],[-168.19184799964364,65.01047000014938],[-168.20790599979495,65.00329100014731],[-168.21396300019256,64.98431800007208]]],[[[-168.86922899970617,65.62085299994474],[-168.869538000401,65.61312900014055],[-168.86592100038482,65.60691999995655],[-168.84605500042164,65.59251200002763],[-168.82913899957953,65.58461399996798],[-168.8083500004249,65.57852599997938],[-168.76610000029925,65.57148400017147],[-168.73316399983904,65.57224400016143],[-168.6734680000402,65.58416900012463],[-168.65231400011422,65.59093599985515],[-168.63368099986226,65.60135799997323],[-168.62681500007596,65.61237299998778],[-168.6285230001633,65.62577600006051],[-168.63790999962364,65.63986300005973],[-168.6533040001512,65.65210299987558],[-168.66602899996843,65.65983100005346],[-168.71058600040612,65.67313600008048],[-168.73492899982782,65.67429899984994],[-168.794617000129,65.6712160001183],[-168.8200669997635,65.66519000000278],[-168.84118800007752,65.65297799997734],[-168.8567399998905,65.64059600008302],[-168.86492999962462,65.62982200008585],[-168.86922899970617,65.62085299994474]]],[[[-168.9717279998246,65.71394100017584],[-168.97190299972678,65.68876499991524],[-168.9180600001111,65.68433200009729],[-168.8809290002247,65.68578599993337],[-168.85609100033537,65.6912359998967],[-168.78549400025932,65.71631900007544],[-168.76735399992688,65.730747000007],[-168.76166399995034,65.7400249999238],[-168.76246599966632,65.75116599993207],[-168.78088300000823,65.76446699992694],[-168.77985199996337,65.76706300007046],[-168.78142799980625,65.77361200009709],[-168.78706000005647,65.78462399981606],[-168.80097999995007,65.79517300006322],[-168.83571400001105,65.81067600016853],[-168.8610049996369,65.81780700005726],[-168.89277500033305,65.82135299985968],[-168.92695700002497,65.82226000002741],[-168.95078200031108,65.818829000116],[-168.97102999986566,65.8146450000339],[-168.9717279998246,65.71394100017584]]],[[[-171.95467200032002,63.52091900001491],[-171.96531900015404,63.47287399988425],[-171.95422500043128,63.46636800014878],[-171.94422999962708,63.45471300008101],[-171.9311089999747,63.42562899996354],[-171.90661300039218,63.39861699986578],[-171.88488700000568,63.377589999862714],[-171.85571599969964,63.36118099990946],[-171.85102099978292,63.35319399997893],[-171.83924400016988,63.34268200009286],[-171.8108169998535,63.32854799981382],[-171.77228400020147,63.315327000172765],[-171.74426799978883,63.31317799983558],[-171.6911189999341,63.29800800004083],[-171.6515479996662,63.29104000012587],[-171.62201400003534,63.27715400008295],[-171.59455099981662,63.269551000135685],[-171.56019199967437,63.2651140000334],[-171.53356100020721,63.266642999975765],[-171.48193499959365,63.25453099994523],[-171.43560100036993,63.25267000011848],[-171.398887000235,63.25764199983019],[-171.36222800035173,63.26802599987713],[-171.3262289998942,63.282697000150236],[-171.2805459998754,63.28564800017928],[-171.25139800003387,63.29256799982354],[-171.2273779997541,63.30404300008716],[-171.21411900000945,63.31578400006591],[-171.19130499967673,63.324685000038045],[-171.17358899966675,63.33642900017328],[-171.16604699966285,63.34815800004793],[-171.12787300003603,63.350199000089454],[-171.10051899959728,63.35651299999195],[-171.06683599967266,63.371107999839644],[-171.0483830002441,63.37369099990155],[-170.99358800022625,63.37484000018168],[-170.9082490004491,63.36994499991714],[-170.81660399985395,63.354976999928006],[-170.59689499987817,63.31161599994739],[-170.51527600004943,63.28790999982975],[-170.43907500021055,63.25159599983932],[-170.3834480003395,63.21075200012947],[-170.40088300014204,63.19367500006],[-170.40046300001748,63.18222900013091],[-170.39435799993927,63.171055999811955],[-170.37506600008643,63.15581300006483],[-170.35942200021194,63.147737000149306],[-170.32802200030994,63.13872400007203],[-170.29081699990536,63.1351060000127],[-170.2598339997549,63.136662000159404],[-170.24856799960466,63.1320260001998],[-170.2284070000887,63.13020299985678],[-170.20184500021853,63.1311960000438],[-170.19058200044134,63.126841999948304],[-170.1767250002969,63.12533600003231],[-170.14013300036075,63.124257000053134],[-170.11541599994698,63.127246999919],[-170.08115700026218,63.111303999984464],[-170.03179699995275,63.09551900013594],[-169.95275999989732,63.06407199997129],[-169.9014079998184,63.037364999981065],[-169.88378100039523,63.02007300014644],[-169.8777270003706,62.99713600013153],[-169.8632640003288,62.98014399992237],[-169.865270000342,62.960430000131495],[-169.8645969995991,62.944697000132486],[-169.83895199997093,62.92588899982823],[-169.8148139996904,62.91739500005216],[-169.72789099967446,62.89633300011606],[-169.63879599996395,62.88490799997085],[-169.59103599978684,62.88786700001679],[-169.55209600042906,62.90291399982339],[-169.52534100021504,62.924658999822846],[-169.4932349999582,62.92660899988519],[-169.46155100037404,62.93283900002377],[-169.43632400032234,62.94743800010244],[-169.4198610001151,62.97385599991329],[-169.42726300037694,63.00025999988687],[-169.45108299974183,63.038550999831955],[-169.40652299982943,63.047509000178906],[-169.36796599988799,63.06107599981151],[-169.3243600000275,63.08574000008959],[-169.28232599981195,63.114405000200065],[-169.26378499962146,63.118471000165336],[-169.23064400002016,63.12350199983196],[-169.14255199986707,63.12779999994824],[-169.06671300042646,63.12821400011627],[-169.02778599969085,63.1245270001996],[-168.9843709996261,63.11275699983845],[-168.92278000014213,63.09956700010901],[-168.93624200027637,63.0874549998976],[-168.94660700007807,63.07445100019441],[-168.94869799958178,63.06246799991594],[-168.9403570002349,63.04632899982226],[-168.91748600000074,63.03111599995563],[-168.86854800036403,63.019792000194485],[-168.8373309998618,63.016174999969635],[-168.80322899963753,63.01765200005827],[-168.76408599989014,63.02761699990951],[-168.7007270000444,63.056925000159154],[-168.6827890002766,63.084668000151424],[-168.6966570002917,63.10921999983327],[-168.73346000011503,63.13155299987578],[-168.69277400013672,63.15894099982362],[-168.66659100038325,63.1859720001537],[-168.63596700025795,63.20463800008683],[-168.6092610004477,63.229362000177325],[-168.6042760001028,63.25159299987407],[-168.5866949998121,63.27246999990145],[-168.57861700023096,63.30867400014699],[-168.5877180003593,63.32522900005079],[-168.60836299957393,63.335055000078206],[-168.64276799974695,63.344879999983704],[-168.7046989998878,63.354706000041446],[-168.88361099955716,63.374355000099925],[-169.03499999963174,63.38745300006448],[-169.23455200028945,63.390726999875994],[-169.37217499955784,63.40710100017128],[-169.45553900018226,63.415020000166685],[-169.483799999919,63.43563100003534],[-169.5438820004055,63.459438000042375],[-169.56941999990352,63.472858999958575],[-169.60228500021864,63.48063499993493],[-169.64561099969666,63.48364300013983],[-169.73692099965774,63.48623500016097],[-169.79299299976768,63.490739999915604],[-169.84860299992027,63.507521999801945],[-169.9265989998851,63.526738999970256],[-169.96414700042135,63.582117999922396],[-169.98562799968715,63.62295900011186],[-170.02855800022834,63.64846900010482],[-170.1036810001667,63.684179000051074],[-170.16807500025524,63.71989099995901],[-170.24319499982056,63.74538600004256],[-170.2968459998156,63.755572000093125],[-170.46848300034304,63.7555620000638],[-170.50402999999068,63.75339999991153],[-170.6199329996186,63.72345500010757],[-170.65669699998224,63.72354699988711],[-170.70515199974517,63.71308299982472],[-170.8471679997048,63.666125999869124],[-170.87552100040133,63.65529399991255],[-170.9109390001775,63.63787399998379],[-170.95915499956587,63.625888000170896],[-171.1650359997095,63.658987999950895],[-171.25132100004097,63.66744199986963],[-171.53560300020544,63.72187499996162],[-171.5274770000454,63.734487999959306],[-171.52067900003118,63.750236000041824],[-171.52702599995868,63.776517999957974],[-171.548830000163,63.800460999943326],[-171.61750300024164,63.83364100009204],[-171.64746700004287,63.84094999996981],[-171.67473400044298,63.8436800001221],[-171.7057190002433,63.84039100012343],[-171.71467499970836,63.836056000175454],[-171.7763720003958,63.83772399999638],[-171.79626000010032,63.83062600005998],[-171.8161489996297,63.82116200004973],[-171.84598199990967,63.799867000008085],[-171.8559259997619,63.78566999981627],[-171.84030600017684,63.76938899980338],[-171.84030500035192,63.752825999850636],[-171.83533300042583,63.74336100002635],[-171.8452770002781,63.72679399994734],[-171.8651680003556,63.705497000147844],[-171.8651680003556,63.688932999990676],[-171.86019600042948,63.674736000171016],[-171.89003100035927,63.655804999920335],[-171.9049499996123,63.639242999834245],[-171.90992200043678,63.617947000028785],[-171.92483800021515,63.610849999850856],[-171.94472699974455,63.57061800010022],[-171.95467200032002,63.52091900001491]]]]}},{"type":"Feature","id":"AK|Bristol Bay","properties":{"state":"AK","county":"Bristol Bay"},"geometry":{"type":"Polygon","coordinates":[[[-158.0021549996417,58.64152800017446],[-158.0021549996417,58.615919000166166],[-156.31601499969716,58.61594399987598],[-156.3160320003139,58.885113999857],[-157.04347800031744,58.88510399985204],[-157.05789799980326,58.87765400004659],[-157.07548300029197,58.87523599979897],[-157.08642100037912,58.869416000108885],[-157.1043380002305,58.863920999770144],[-157.13055199994614,58.85864000000616],[-157.16110300027654,58.85496799981126],[-157.2048999999327,58.843307999875606],[-157.23643200007916,58.83989100021806],[-157.24139599960938,58.837557999784885],[-157.25333600032735,58.8359789999638],[-157.28982299978324,58.83667499992162],[-157.32212400003374,58.83281800009303],[-157.3531320002986,58.817729000125496],[-157.38196600032077,58.80870699994016],[-157.3979790002662,58.80673500010406],[-157.40475600036407,58.80114200014019],[-157.42953099960587,58.79107099999854],[-157.49804800004887,58.7797839999045],[-157.53659099974664,58.769065000181165],[-157.55060299970177,58.75451400013093],[-157.69942500007153,58.729186000108555],[-157.76745600026774,58.707923999927885],[-157.79583800037832,58.69469400005023],[-157.8230909996364,58.685311000100604],[-158.0021549996417,58.64152800017446]]]}},{"type":"Feature","id":"AK|Fairbanks North Star","properties":{"state":"AK","county":"Fairbanks North Star"},"geometry":{"type":"Polygon","coordinates":[[[-148.66326500031002,64.5907899999085],[-148.65960800011086,64.58808100018199],[-148.65567899992516,64.58821599998305],[-148.64820700024143,64.58537099987129],[-148.6356310003871,64.58753900011456],[-148.6282600000874,64.59270400004615],[-148.63469599970344,64.59796700014851],[-148.62114099968278,64.6072260000588],[-148.60683400017487,64.61310799991068],[-148.5959599996618,64.61626800005834],[-148.57777800039486,64.61032400008749],[-148.56016799979182,64.61676799984707],[-148.55074199997344,64.61720800001768],[-148.54137999972914,64.61140000012092],[-148.53146099999128,64.60789499988294],[-148.52120400014456,64.60714299999896],[-148.51698399970573,64.60357499990249],[-148.48173699963377,64.5964830000251],[-148.46577499974194,64.58965199991236],[-148.45752399990846,64.58976400016337],[-148.4447430000147,64.58132399981494],[-148.42491800005942,64.57485400004009],[-148.4346760001388,64.5717929998326],[-148.44463599988458,64.56631100015275],[-148.42010599996686,64.56143799999907],[-148.42073799980355,64.55628400017616],[-148.41730999993325,64.54803399986685],[-148.4131249996545,64.54376700014487],[-148.40423799978637,64.53771100018757],[-148.39334300025524,64.53460199997129],[-148.40311700022818,64.53129699983435],[-148.3854220001346,64.52763200007118],[-148.3790490002678,64.52236099994198],[-148.37087299987905,64.5259279999551],[-148.3622289996852,64.52252000014855],[-148.35077099991432,64.52201799982552],[-148.35076300041672,64.51625899990663],[-148.33913599969316,64.51705700003839],[-148.3342149998207,64.51400499991969],[-148.32696099969684,64.51218599985822],[-148.32624699984441,64.50559599993802],[-148.3179890003382,64.50492600008872],[-148.3199950003514,64.49946900015243],[-148.30439800033255,64.49712100008482],[-148.2996570003851,64.4920560000323],[-148.29808200036715,64.48739600005626],[-148.27085699979983,64.49176900013512],[-148.26578799978935,64.488366999928],[-148.2408629998614,64.48485500000612],[-148.24894800001354,64.48192299988176],[-148.239671999983,64.47873200014386],[-148.24162000026985,64.47493199990201],[-148.23169300013606,64.46929000010964],[-148.23753500044856,64.46368600013713],[-148.2230010002616,64.46029099996865],[-148.22805100000554,64.45574099992953],[-148.21535200012752,64.45578400005482],[-148.2191309996271,64.45151999993196],[-148.21095000011383,64.44883800019133],[-148.21871800007358,64.44343600016914],[-148.2237059998932,64.43533200006264],[-148.21548799967167,64.43232599997232],[-148.207458999596,64.42562599985943],[-148.1984749996435,64.4261270000014],[-148.19761199982815,64.42179100016322],[-148.18896400033464,64.4197820000945],[-148.18642400039406,64.41633099996456],[-148.19097299982258,64.41181199980925],[-148.17575200044567,64.41010000012136],[-148.1738600002353,64.40662599989416],[-148.17611099957253,64.40092400014392],[-148.16947999996287,64.39852599987076],[-148.15280599986843,64.39933700016611],[-148.14595900034868,64.39692700003397],[-148.14346299989072,64.39070500003035],[-148.13303100014187,64.3903290000618],[-148.13036300015474,64.38696199982691],[-148.12220000018482,64.38634699993727],[-148.11614600016023,64.38354499981119],[-148.12137199963124,64.37935999991964],[-148.10455699996982,64.37761200001663],[-148.10786799966425,64.37203399996125],[-148.10855399992758,64.36220999985939],[-148.09576800001096,64.35898099993395],[-148.08400100044364,64.35882100011843],[-148.07961100012548,64.3544559999911],[-148.06978000025114,64.35516500012774],[-148.06518300024374,64.34890500009281],[-148.04310000038018,64.34276399995836],[-148.0350040003574,64.34566699987185],[-148.0254169999822,64.34389199993109],[-148.0032200003158,64.34662800006198],[-147.99357000019145,64.34103699999369],[-147.99116400014518,64.33623899994905],[-147.97278299978828,64.32848800018314],[-147.9588419999783,64.32452800012717],[-147.93108000000882,64.32202600004297],[-147.92525500031311,64.31231299984688],[-147.90976299987625,64.31036299997545],[-147.8942989999268,64.30632400000476],[-147.89230999963203,64.29725599996502],[-147.8834849996882,64.29281800016926],[-147.86842400014487,64.28762700005433],[-147.82046499977616,64.28120399988325],[-147.80784100024127,64.27031800017221],[-147.7914330002856,64.26176199984957],[-147.77377900019994,64.25816300004756],[-146.6551649999684,64.2572120000419],[-146.651377000248,64.25862200016476],[-146.6157669999529,64.25989999988522],[-146.59539499965143,64.2623580001384],[-146.54891499993954,64.27271200012957],[-146.4864459996733,64.28176800015116],[-146.43252500023982,64.28154599980807],[-146.37530599973408,64.27862000000407],[-146.35632299967773,64.27599300004009],[-146.3446730002863,64.27636399994185],[-146.33562099966338,64.28344199999613],[-146.33514500036065,64.28918300018445],[-146.32373799974513,64.28840299990603],[-146.32275699992897,64.29209899984782],[-146.31118799983005,64.29487500009525],[-146.3038990004444,64.2983460000143],[-146.301931999891,64.30112299986473],[-146.28542799967585,64.3041040000129],[-146.26601100014958,64.30362900012106],[-146.25947199970307,64.30816399984683],[-146.23232900004982,64.31079200007927],[-146.23078099979602,64.31384900014342],[-146.23355699973817,64.32102200006348],[-146.22974999975122,64.32723399982366],[-146.22968399962895,64.33457199982168],[-146.22865299958414,64.33734199992665],[-146.22091700030975,64.34252399995783],[-146.24291899998246,64.35547300011505],[-146.23918399996552,64.35947000010185],[-146.2306860002598,64.36373399992046],[-146.22071999976797,64.36494000000695],[-146.21867699994482,64.36818400005518],[-146.20662099977417,64.36635000015141],[-146.20118299969275,64.36798800010797],[-146.19299299995862,64.3744080001885],[-146.17556499982877,64.37191899984136],[-146.1637039996518,64.38024900006941],[-146.1575919999009,64.38273000019315],[-146.13811799957486,64.38128500007879],[-146.12170700014445,64.3872500000858],[-146.0898810002701,64.38809399992942],[-146.0816089996219,64.38600499991914],[-146.07355000030734,64.38705400016775],[-146.05914599981676,64.38008700005747],[-146.04190400035804,64.37716000007627],[-146.03522900036742,64.38048799984874],[-146.02801399970335,64.37912600009558],[-146.02015200003228,64.38181199995972],[-146.0037719996657,64.38109099989136],[-145.99871900044707,64.38580900004914],[-145.99531900016584,64.38587400003225],[-145.99021699964507,64.38979900013133],[-145.97767400030102,64.391774999903],[-145.970421999827,64.39779900010011],[-145.9695699998823,64.40140299985453],[-145.95097699981332,64.40310399990506],[-145.9501109996249,64.40644800018018],[-145.94586799961982,64.40971099997773],[-145.93762299963413,64.41204600019316],[-145.92324800035416,64.41240999997052],[-145.9295380003803,64.41889599991488],[-145.9259339998846,64.4245310001494],[-145.91417700036303,64.42393500003077],[-145.90276100042496,64.42583499989138],[-145.89677799964716,64.42859300014872],[-145.8908809999814,64.42938299999071],[-145.88419799959487,64.42780700012348],[-145.86740700022287,64.43119500008626],[-145.85510699965477,64.42898700002748],[-145.8422229998289,64.4303880001725],[-145.83794100036405,64.43245900013812],[-145.83499200016956,64.43101799991364],[-145.80413500041576,64.43092900002588],[-145.79941500038473,64.43409700013305],[-145.7823620001736,64.43589599998226],[-145.76525200006108,64.44046499996776],[-145.7613479999897,64.44307299996778],[-145.7610860000489,64.44628400002142],[-145.758596000337,64.44877300006793],[-145.74988199982295,64.45014899991241],[-145.74241299961395,64.46423600018306],[-145.74000200044313,64.46013199994863],[-145.72662300014957,64.45774999988961],[-145.71541899992363,64.45231200018526],[-145.7120799997418,64.4548459999468],[-145.70278100014502,64.45664700001225],[-145.70355799974664,64.45388100014772],[-145.70147999976345,64.45120599992497],[-145.69084899982295,64.44910099998027],[-145.68292100002964,64.44464599982048],[-145.67489699997685,64.4456440001388],[-145.65874400028932,64.44012499982567],[-145.64963099956708,64.44104500007171],[-145.63500699986676,64.43987900017034],[-145.62021800031002,64.43475199998373],[-145.62434599978903,64.43101799991364],[-145.61812199988515,64.42630000003258],[-145.6031180002432,64.42309000008424],[-145.58493500025304,64.42518099997298],[-145.56518899994046,64.4223639999142],[-145.55808600032768,64.42413199982637],[-145.5356090002788,64.41750599990526],[-145.5289350001131,64.41806900006962],[-145.49808900022998,64.4231549998709],[-145.49114399990262,64.42911800015887],[-145.48407200025198,64.4315919998327],[-145.47978300021617,64.4350490000623],[-145.46703300028454,64.4350139999606],[-145.45046499959702,64.44850500001644],[-145.43466699973672,64.44440299986519],[-145.41811599966593,64.45093099997982],[-145.40392100031102,64.44953499980707],[-145.38242199970526,64.45583200015095],[-145.3740830000082,64.45524299996407],[-145.3715129999304,64.45640099994802],[-145.37117999984446,64.46073000017174],[-145.36549700043895,64.465033000088],[-145.3723570003775,64.46829799997984],[-145.37360199978426,64.47262300011059],[-145.3719640000171,64.47616100012387],[-145.3732029995761,64.47961899984824],[-145.3773359999763,64.48192699981519],[-145.37818799992098,64.48572700006446],[-145.37392900002243,64.4838359999592],[-145.36645999981343,64.4842200000296],[-145.35368399994255,64.48880599983265],[-145.31720199961126,64.49122599999117],[-145.3065749998687,64.49421600011127],[-145.30254199992592,64.49691099994016],[-145.30094000014375,64.49411299995431],[-145.29006399998087,64.49168899996917],[-145.2700160004428,64.4909230000104],[-145.2331929996297,64.49732399996732],[-145.20746000013798,64.5084350000099],[-145.19545300037115,64.50446499989458],[-145.18431500026745,64.5060380000579],[-145.15836900034037,64.49922400018305],[-145.15155500043264,64.50099300004334],[-145.14621500026044,64.50457400005631],[-145.11830099995504,64.50381699997114],[-145.1056869995676,64.50635199997667],[-145.08278699991942,64.50734899993711],[-145.08092999986914,64.51126699992844],[-145.07327900008525,64.51461399993708],[-145.06260600031197,64.52278699992154],[-145.04456100041406,64.5296249998953],[-145.03859899955265,64.52910100011145],[-145.041416000401,64.53637399996177],[-145.03925399985388,64.54194299993459],[-145.03410700002556,64.54298300005374],[-145.0164529999399,64.54200800013841],[-145.00379099987185,64.55003200011147],[-145.0023659996417,64.55530899986123],[-144.9909110002439,64.55925600012964],[-144.98533099987225,64.5686090000756],[-144.98255699957994,64.56999299994514],[-144.94942600002435,64.57457199989524],[-144.9435939997576,64.57760599988687],[-144.9298379998955,64.57828399991038],[-144.90126900018726,64.57090300017698],[-144.8947530002053,64.57180400013445],[-144.87650200044305,64.56880599991995],[-144.85835299988975,64.56841299987035],[-144.85383399970016,64.56679800005165],[-144.82565900017718,64.56638200003755],[-144.7980439996225,64.56829600017397],[-144.79313899964353,64.57048400008713],[-144.78837799960462,64.58027199981322],[-144.77881200004416,64.58197499998798],[-144.77275600036975,64.5865860001009],[-144.74808400016178,64.59278600006209],[-144.73391900004577,64.58956399991499],[-144.7310479996691,64.58688899997449],[-144.70215500009573,64.58925499989148],[-144.68970499973977,64.58865799989533],[-144.67208099979135,64.58289300018434],[-144.65433899984214,64.58847000006674],[-144.64167500012425,64.58794199987004],[-144.63477500000275,64.59419299988792],[-144.62227899961604,64.59845000001641],[-144.60131899985882,64.59540700016794],[-144.5874249999045,64.59902500007452],[-144.56212699970766,64.5991090001822],[-144.55252599998707,64.60064499996236],[-144.54930599963092,64.59214900012684],[-144.546740999576,64.59062399982676],[-144.5117010000916,64.59242299990358],[-144.50292499965326,64.5897820001676],[-144.49758399965617,64.59064899983184],[-144.48318699973657,64.58498900013365],[-144.47289999975266,64.58315500013477],[-144.4600960002927,64.58325999997525],[-144.45226100038582,64.58793800002803],[-144.45193400014767,64.59010000007854],[-144.44937900013846,64.59167199989434],[-144.41971499991294,64.59500399994158],[-144.4144590003047,64.59391699995017],[-144.35800800007803,64.60756500014693],[-144.3508169997034,64.61205599981474],[-144.34095099966896,64.61503200016934],[-144.31940500010583,64.6177629998473],[-144.3152139999793,64.62234400006759],[-144.3274290001586,64.62776599990367],[-144.32402700022757,64.63150999997389],[-144.31451600002038,64.63420900012632],[-144.31597999971027,64.6451359998485],[-144.31277000029817,64.64363000012904],[-144.29585900037728,64.64277100011638],[-144.274239000296,64.64409000007696],[-144.26507899971807,64.64701399997105],[-144.24430300008387,64.64598799987516],[-144.23290899988714,64.64930299999652],[-144.2221699999916,64.649708000123],[-144.20903799957026,64.6483670000984],[-144.20256500014432,64.64395700011681],[-144.19011700033653,64.64107399986084],[-144.1826890001354,64.64251899993164],[-144.1773940001691,64.64743099985235],[-144.168354999965,64.64940199999567],[-144.1631710003268,64.65333000012829],[-144.1506199996885,64.65613900003066],[-144.13726899988234,64.65405099982536],[-144.12957600026567,64.64946100012651],[-144.1192149997636,64.65019300008719],[-144.10474400022417,64.65660199992045],[-144.08993700022577,64.65221300013177],[-144.07251099974573,64.65408200018665],[-144.06975700044322,64.65981299988866],[-144.05584000002432,64.66774699989664],[-144.05933900003976,64.67580000002117],[-144.06883900037627,64.68176199984399],[-144.0710010000251,64.68667599989503],[-144.07480200016425,64.68883800003782],[-144.0708050002065,64.68995200014396],[-144.07001900038404,64.69270399984973],[-144.0607800001634,64.69617600015897],[-144.05849600031587,64.70110800007505],[-144.06025499955854,64.7045600001494],[-144.06962600002365,64.70718400007605],[-144.0736630001644,64.70985700012857],[-144.10926500006357,64.71078700003274],[-144.11568599961097,64.7135389999665],[-144.11581700003055,64.71655299991626],[-144.11889599992136,64.72035299987238],[-144.11640700003443,64.725136000184],[-144.10403000037175,64.73053200000673],[-144.10585800010972,64.73247400001459],[-144.105006000165,64.73660199995307],[-144.09730199977935,64.73952899984468],[-144.0953750003072,64.74171300017561],[-144.1033030001005,64.74551299982284],[-144.10081300038863,64.74787199989024],[-144.08458100016006,64.75189200016335],[-144.07237699985143,64.75101699987468],[-144.05508000014115,64.76081600016067],[-144.029788999617,64.76759299982527],[-144.02906899991677,64.77231099992568],[-144.0352929998207,64.77722500003449],[-144.0496420000597,64.77676600007085],[-144.05377000043705,64.77912500007068],[-144.07388400009734,64.78010700011247],[-144.08456400044165,64.78449699999427],[-144.09115700041647,64.78940500012378],[-144.11863399998057,64.791049000084],[-144.1236789997016,64.79327700011531],[-144.12780700007897,64.79910800018199],[-144.1151430003611,64.80143899992159],[-144.10926500006357,64.8041530000144],[-144.10625099957178,64.80972199998577],[-144.10135099961568,64.81155599991506],[-144.09278099993995,64.8115029999745],[-144.08790600009823,64.81647099985298],[-144.0767110000931,64.8209980000564],[-144.08443300002207,64.82629900006599],[-144.08541600038632,64.82826399986727],[-144.0808949996486,64.83317800007787],[-144.08836399985762,64.8405170001103],[-144.08869199992068,64.8435310000981],[-144.09445800006517,64.84431699985993],[-144.10474400022417,64.84923100005577],[-144.09976499972703,64.85001700014915],[-144.09249200023496,64.85427600014458],[-144.09196800035332,64.85604499996654],[-144.0666309997984,64.86218700008573],[-144.07244299997367,64.87209699989144],[-144.07794700017737,64.8748490001406],[-144.07801199957638,64.8766840001128],[-144.06840599983292,64.8823610001475],[-144.06123999957262,64.88971999995175],[-144.05670799986257,64.8921840001728],[-144.0518039997085,64.89889499995265],[-144.05193500012808,64.9007950001417],[-144.0547670001467,64.90338199995628],[-144.08436900044796,64.91291699998912],[-144.08738100039164,64.91586499994902],[-144.07116099985865,64.9200349999118],[-144.0699309996222,64.92234100018892],[-144.05508000014115,64.92503700005882],[-144.0473899999992,64.93122800010934],[-144.03010300033466,64.93662599995123],[-144.01183300030587,64.93790500005277],[-144.00358199957407,64.94593799984342],[-143.99825499982072,64.94891599983951],[-143.99729200044624,64.95039300002244],[-144.00050199985833,64.95524199988093],[-143.99614699970024,64.95854900001927],[-143.99530999982414,64.96194400004431],[-143.9869490003858,64.96724300010679],[-143.99578500020033,64.96972200006707],[-144.01174000041942,64.9806870000787],[-144.0202890001788,64.97941899996526],[-144.04938000011887,64.98413600010787],[-144.05759199959434,64.9909650000801],[-144.08115599976452,64.99580999993739],[-144.09034499975644,65.00018799989867],[-144.09445800006517,65.00045099999777],[-144.09681600043086,65.00169599999951],[-144.0953750003072,65.00490600014025],[-144.08966900043717,65.00860700006668],[-144.10009899963788,65.0195410001115],[-144.0855469999076,65.02161399995846],[-144.07375299967777,65.0197790000935],[-144.06084600028564,65.01506199995312],[-144.0551460002634,65.0154550000715],[-144.0472970001128,65.02584499983365],[-144.0470870000505,65.03196599983477],[-144.02513800008126,65.0425140001458],[-144.0139530001219,65.04186099983193],[-143.99781600032787,65.04461099984623],[-143.98962599969542,65.0491320001413],[-143.96105899963695,65.04788699992947],[-143.95684499994422,65.04890499981549],[-143.95116599983834,65.05365299992776],[-143.9210940000821,65.05877999983049],[-143.92017500019026,65.06099099996082],[-143.92207499989823,65.06583899999735],[-143.90372899970146,65.0744880001251],[-143.90392200004527,65.07822500014487],[-143.8984220000396,65.08169499984899],[-143.8974939999269,65.08657299997968],[-143.89573599961082,65.08785399990805],[-143.88408000037157,65.09106800004994],[-143.89966700034466,65.09316099982827],[-143.91108400010762,65.10188300013967],[-143.91423400014355,65.1027150000738],[-143.92882299968377,65.1022030001693],[-143.927971999564,65.10377500002879],[-143.93283999973303,65.10886300014633],[-143.95094099970746,65.11019400010669],[-143.96597299983677,65.11458599994506],[-143.97363899968926,65.11930400002367],[-143.9824190003256,65.12012800008831],[-143.9942779999544,65.1183210001414],[-144.00397499993446,65.11111400015565],[-144.01220700039968,65.11070600002925],[-144.04551399968236,65.11556900001914],[-144.05671799990833,65.11891099998778],[-144.0672009997108,65.11936899988106],[-144.07248900000442,65.1146019998228],[-144.085355000287,65.11407900001245],[-144.0911819996325,65.11235900015993],[-144.09760200025335,65.11275199993781],[-144.1202130001965,65.11947100013914],[-144.12846200038018,65.1196969999164],[-144.13720299976012,65.10952300010062],[-144.14661100003516,65.10796900004443],[-144.14911699964054,65.10854700003674],[-144.1508540000402,65.11182800005284],[-144.1573569996034,65.11435000006267],[-144.1723610001436,65.11406199994926],[-144.19111999989397,65.11858099992004],[-144.2004300002597,65.11610899989218],[-144.20557899973784,65.11720700006794],[-144.2166520004425,65.11137600007073],[-144.2315909997871,65.1137339999149],[-144.24469499972102,65.11871399983217],[-144.26889599975078,65.11177800000466],[-144.27902700009912,65.1136030001819],[-144.28263099969647,65.1164859999214],[-144.2993419996008,65.11083600005988],[-144.31481099957315,65.10948199988535],[-144.31873200026126,65.11183400015814],[-144.32344899991926,65.11157199984248],[-144.33137699971257,65.10770699982342],[-144.33183600019518,65.10482399995594],[-144.32900800037453,65.09972399995502],[-144.32993599958888,65.0957169998582],[-144.336750000395,65.09316099982827],[-144.3360950000938,65.08949199994818],[-144.33897800016607,65.08680600009376],[-144.3575200001814,65.08536400007823],[-144.36518699985882,65.08640899983409],[-144.36707800024428,65.0825540001754],[-144.3926850002376,65.08029299982236],[-144.40462900025526,65.07599899983386],[-144.41124099959836,65.07539600005649],[-144.41295000040896,65.07271900015994],[-144.4204930002378,65.07316800004499],[-144.4322449997365,65.06860399994288],[-144.4436780002913,65.0584360000171],[-144.4567300003467,65.05915399988099],[-144.46002000012473,65.06071100004849],[-144.46706900020916,65.07219499988678],[-144.4845629995629,65.07972999997128],[-144.49766700039518,65.08169499984899],[-144.52430500043334,65.07627099984694],[-144.54005100041508,65.06805899982568],[-144.56475899970974,65.07743599982246],[-144.57917499989588,65.07957900009187],[-144.5952909997735,65.0781570000932],[-144.60328499968904,65.08490599997772],[-144.6117370002623,65.08765800008933],[-144.64436599967758,65.09650299997351],[-144.66657699958765,65.09807500012862],[-144.68488699979943,65.10614300007659],[-144.70280000035117,65.10728500010032],[-144.7079620002481,65.10560300002064],[-144.71041000012715,65.093881999811],[-144.75280099981978,65.09945100010042],[-144.76159999982437,65.103557999972],[-144.79214100010896,65.1126090000447],[-144.82589699982853,65.12070399989703],[-144.85034800010357,65.11875400009897],[-144.8493589998915,65.12387899984314],[-144.87043699964948,65.13160399993755],[-144.8775479996582,65.13626399981543],[-144.89870900015515,65.13829099985087],[-144.91583500016122,65.1257859998919],[-144.94131999995582,65.12634599986994],[-144.97245000041937,65.13606099997274],[-144.98351400000496,65.13698800009412],[-144.98920800017942,65.13250800008431],[-144.99695600004767,65.13185400013292],[-145.01087400029147,65.12452700018204],[-145.02225400024452,65.12401299994175],[-145.0221610003581,65.12018500005324],[-145.02482000012435,65.11897700011428],[-145.03206500002736,65.11706299981633],[-145.04219399982753,65.1169979999879],[-145.05866100023272,65.1129969999757],[-145.0715430004088,65.106555999913],[-145.0826520002002,65.10515599996548],[-145.0862919997826,65.09834099990495],[-145.10057499989938,65.09656799999438],[-145.11775100013415,65.0984350000458],[-145.122324999677,65.09666099982371],[-145.1372610004452,65.09591399988219],[-145.14230199996825,65.09806099994728],[-145.14360900019764,65.10095499994982],[-145.16162599960816,65.09703499993795],[-145.1770279996333,65.09105999983959],[-145.18057600005253,65.08816600003158],[-145.2010189996008,65.08116499999879],[-145.2078340002318,65.07519099984177],[-145.22594400042703,65.06921600018647],[-145.23260799964868,65.07162599981923],[-145.2434450003518,65.0714570001597],[-145.2747659997128,65.06753599998196],[-145.2850309999554,65.07056900016579],[-145.29119499958483,65.06753599998196],[-145.30267699964512,65.07182999989733],[-145.31817800030282,65.07005300008609],[-145.32461399991885,65.06669600009326],[-145.34188399986493,65.06781600011698],[-145.34971499957388,65.06994899984278],[-145.3615809997737,65.06622900001784],[-145.36895600027137,65.06706899986492],[-145.37250299996737,65.06949600007877],[-145.36793699992208,65.07406199999704],[-145.36755500033067,65.07677800010893],[-145.38071799981583,65.07976500011684],[-145.39555999997435,65.08583299990728],[-145.40564199991883,65.08321899983984],[-145.42431199998074,65.08517900001809],[-145.4310820004059,65.076249000183],[-145.44120799983304,65.07285700004255],[-145.43758400014417,65.06913099982604],[-145.4407419996777,65.06669600009326],[-145.4546309996092,65.06484000011434],[-145.4651059999141,65.066415999924],[-145.48480299982285,65.06342900009071],[-145.48835000041717,65.06417499993536],[-145.4917110003403,65.07071000016985],[-145.5131570003443,65.06539700016583],[-145.52076299992234,65.06580999998819],[-145.51943599960148,65.06268199989884],[-145.52219099962724,65.05464099987526],[-145.52139599958392,65.0506399998706],[-145.52326299967993,65.04802600009889],[-145.5432750001313,65.04625500011322],[-145.55602900026088,65.04718600004648],[-145.57451199982668,65.04606600011483],[-145.58571400040282,65.047465999973],[-145.60103299968898,65.04343099982391],[-145.61521299987362,65.03757099995671],[-145.62800100033837,65.0402780000012],[-145.64452399992174,65.03448999993036],[-145.65031199980754,65.03430300000188],[-145.65507299984648,65.03607700004822],[-145.65862000044075,65.0410249998465],[-145.65824700017185,65.04317200018522],[-145.66162200033872,65.04736899981299],[-145.65918000030743,65.05138700008376],[-145.6856919999489,65.06128199992237],[-145.68606500021778,65.06370899984441],[-145.6771030000066,65.06585599984442],[-145.67476999975526,65.06884300018764],[-145.67607699998464,65.07192299988208],[-145.6886789997782,65.07313699989488],[-145.69421200029421,65.07662200018302],[-145.71027799994312,65.07747300017832],[-145.77063099969297,65.07035599989604],[-145.7764830000512,65.07438900016467],[-145.77869699957853,65.08000300011342],[-145.76920800001096,65.08538099995175],[-145.7589269998748,65.08870200013452],[-145.7574249996518,65.09479099981475],[-145.7502020003884,65.09959099993948],[-145.74132800004074,65.1022619998808],[-145.7246189997862,65.10216899996843],[-145.67561000000438,65.11589100014407],[-145.67290299965924,65.11822500017901],[-145.67215600019486,65.12158599995864],[-145.6751239997576,65.12454499982937],[-145.67075600007902,65.12914699993549],[-145.65955400040124,65.1334410001084],[-145.6338820001106,65.13680200000175],[-145.62795100010965,65.1401399999781],[-145.62800100033837,65.14258900010957],[-145.63416300031798,65.1464170001779],[-145.6357490002066,65.14959099981978],[-145.63444299980216,65.1550980001143],[-145.63882999974726,65.15304499994512],[-145.64455200040916,65.15357499989629],[-145.67570299989083,65.15985900011641],[-145.6763570003671,65.16097900017479],[-145.6684859995769,65.16377699983813],[-145.66634700039262,65.16648100013383],[-145.67664799972195,65.17232100018856],[-145.67934400019644,65.17544800014899],[-145.67570299989083,65.1821699998693],[-145.67728999960434,65.18487700008686],[-145.6894260001409,65.18907800001865],[-145.69950700026052,65.18599699994243],[-145.7310600003234,65.1826360001619],[-145.7512230003875,65.18553000013033],[-145.75850500010043,65.18917100009375],[-145.77184900023389,65.19091999990725],[-145.78156200010744,65.18907800001865],[-145.80390899956163,65.1964620001145],[-145.81722199973296,65.19421199996711],[-145.8282710001482,65.19889499992158],[-145.83458499956546,65.204573999937],[-145.86118900016677,65.21362900010752],[-145.8783009999291,65.215356000028],[-145.88695400034382,65.21026800011211],[-145.88956799990424,65.20578700006553],[-145.90207599998652,65.20698299985358],[-145.9117849996621,65.20541400005234],[-145.9498729999735,65.20548299982285],[-145.95957599980133,65.21118099985296],[-145.97059500007936,65.21437499983126],[-145.9814240003866,65.22305700018002],[-145.98942300032502,65.22688700001422],[-145.99589300027623,65.22875100007941],[-146.01876399961205,65.22819100004546],[-146.03279499983375,65.23608800001864],[-146.04256799998174,65.23929999987101],[-146.06217200000413,65.2413529998673],[-146.066091999969,65.24480700000727],[-146.07990800010555,65.24798099990093],[-146.08102799983885,65.24994199987188],[-146.0801800000921,65.25394800013522],[-146.0740270003333,65.26160999990789],[-146.07813399989593,65.26413100007838],[-146.08813100034993,65.26459399999634],[-146.10557899967299,65.26870500018393],[-146.12426299997855,65.27740300006506],[-146.1291029996602,65.2780399999837],[-146.10754000037866,65.28457399987366],[-146.10268499973006,65.29110900002894],[-146.11062000009437,65.29894999989739],[-146.10866000011194,65.3027779998591],[-146.13451800017543,65.30632499984108],[-146.1389989998319,65.31519300008368],[-146.1117399998277,65.32508800015191],[-146.0971660003561,65.33465000015073],[-146.06647399956043,65.34816500001575],[-146.05185099968503,65.35672299988255],[-146.03338700038577,65.35989299986198],[-146.0222430004343,65.35654600006737],[-146.0172110002337,65.35653399994149],[-146.00789900021812,65.35943399987595],[-146.0063919999722,65.36323400013178],[-146.0069950003949,65.36647500012918],[-146.00469099955754,65.3686969999798],[-146.006109000115,65.37303400011132],[-145.97827400035064,65.38828199987051],[-145.97330999992212,65.39413200010338],[-145.9752659997066,65.39918300007794],[-145.9828839998785,65.40228800012366],[-145.98703999984494,65.40844299989683],[-145.99847199967653,65.40975300009063],[-146.01183199970347,65.40707499982206],[-146.03528700009375,65.40778800011724],[-146.0532690002425,65.40175599991292],[-146.06110099977633,65.40438099990422],[-146.11934899977874,65.40398699987979],[-146.11553599994403,65.4086829998182],[-146.11922199955717,65.41540699985416],[-146.14315599962322,65.42214500002284],[-146.16724399967507,65.42652600010854],[-146.1681609999171,65.42895000008592],[-146.16403300043805,65.43504400013013],[-146.1688160002183,65.43962999993146],[-146.16939600017645,65.44625600017125],[-146.17243999990717,65.44921000003659],[-146.1988860003247,65.45352300006157],[-146.21191800028862,65.45109899996643],[-146.21258299973726,65.44926200001987],[-146.22360600021324,65.44422500006907],[-146.24298500010468,65.44015399988237],[-146.26263099995987,65.44235399999937],[-146.28635400013872,65.44012899991343],[-146.30216399969459,65.43444799982065],[-146.309733000361,65.42771099985207],[-146.3438520003037,65.43118699992294],[-146.36426899991272,65.43123199997825],[-146.37133300006576,65.42427199996304],[-146.37860499973294,65.42516899985792],[-146.38580399960517,65.42298699991183],[-146.3912939995652,65.41929199992194],[-146.3970399996182,65.41842100003798],[-146.41981799996591,65.41895100008894],[-146.4233000002629,65.42056999983141],[-146.43037100008863,65.42781799998518],[-146.43125800019345,65.43100899981793],[-146.44349099991607,65.43473199986767],[-146.45359700015004,65.43349100013882],[-146.46496600023244,65.43445399983246],[-146.47646699966097,65.42870399982121],[-146.490374999859,65.42626600007847],[-146.4968559996809,65.43100899981793],[-146.50351300012815,65.43100899981793],[-146.508382999947,65.43310900002876],[-146.52841399976663,65.42267600006949],[-146.5268289997029,65.41511999995522],[-146.52469100034358,65.4134569998621],[-146.50784800019474,65.41292500006911],[-146.50913199995955,65.40760899987586],[-146.50802599957163,65.39626000005002],[-146.50394800032132,65.39289099989487],[-146.4881129997528,65.3894490000982],[-146.4878089999792,65.38582699994285],[-146.49025600003336,65.38282499981496],[-146.50810099991472,65.37301999994975],[-146.5236309999864,65.3688580001813],[-146.5248429997812,65.36369099999219],[-146.52864399992038,65.35882300017596],[-146.54865399982364,65.34500299994843],[-146.574476999727,65.34186799996387],[-146.58365200037355,65.33932599987776],[-146.60320799981702,65.3428840000484],[-146.6174630003447,65.34232800004966],[-146.633810000201,65.33348799990911],[-146.66418900010387,65.33046799993723],[-146.67698800043928,65.32739500010764],[-146.68937099994977,65.32018799983103],[-146.70647100001656,65.31776299985991],[-146.71847500030867,65.31860900006934],[-146.7247979999468,65.3138500001208],[-146.7202300002517,65.31212599991666],[-146.71867600015014,65.30863900012329],[-146.72467800029617,65.30371300018246],[-146.73964299958004,65.31010700011474],[-146.74512900024035,65.31003200005516],[-146.76164599997597,65.30417600005092],[-146.78360599981588,65.30624900013105],[-146.79197499965017,65.29791100018423],[-146.79302900015952,65.29451800005317],[-146.8099929997839,65.29456899986089],[-146.82067300012818,65.29651299984036],[-146.83083700008848,65.29048600011546],[-146.83904100006632,65.28815900006171],[-146.86924699971684,65.28852899983201],[-146.88383399960722,65.28546200000945],[-146.89640399961377,65.28477799997206],[-146.90314200025188,65.28337500002206],[-146.90349000040644,65.27438900004488],[-146.90523699995353,65.27290099984785],[-146.92989499991776,65.26875399982283],[-146.94352299973335,65.27052299985864],[-146.94758499998846,65.27281699992228],[-146.9517130003658,65.2723580000215],[-146.9615350000193,65.2772320000886],[-146.9796059998565,65.28208299992137],[-146.99877600040887,65.27862699986315],[-147.00850400035102,65.27840500013261],[-147.01299599987814,65.28359600012026],[-147.03128199980048,65.2899469998561],[-147.0317990000094,65.2881969999343],[-147.03866599962066,65.28576099992152],[-147.04312100023617,65.28086000006043],[-147.05432000043925,65.28247600002337],[-147.08705900035764,65.28203100006465],[-147.11962500002372,65.2724749999071],[-147.12661899985656,65.27434700004176],[-147.13214499980154,65.28164099993748],[-147.13681399977898,65.28479300003302],[-147.15306899957372,65.2880789998347],[-147.18718099984378,65.28143899990081],[-147.19785199996727,65.28086999983466],[-147.21558800006866,65.2765760001723],[-147.23147100031778,65.27843200014884],[-147.26504899976212,65.27731100005073],[-147.27911500014392,65.27976199991097],[-147.2915250003169,65.27615400007488],[-147.3298090004469,65.27339999999894],[-147.33875400004132,65.27104100015211],[-147.35022000020808,65.26314600004507],[-147.3706369998171,65.26103500005308],[-147.40053500039437,65.25058300014481],[-147.42365500015057,65.24796300005453],[-147.45535999965108,65.2405349998254],[-147.4701519995809,65.24062400016487],[-147.4923779995596,65.2355159999463],[-147.50195099969108,65.23278900015607],[-147.51675600003966,65.224266000026],[-147.55777099990596,65.20989499997118],[-148.66119900002235,65.20987500010392],[-148.66116100038755,64.86344700000036],[-148.6482409996783,64.86344700000036],[-148.64820800006635,64.59733400009954],[-148.66326500031002,64.5907899999085]]]}}]}